vessel_id,vessel_type,month,speed_knots,course_change_deg,distance_to_route_nm,draught_m,wind_speed_knots,visibility_nm,traffic_density,signal_gap_minutes,anomaly
V00000,container,11,13.19,2.0,10.11,7.53,4.89,7.6,0.2276,3.09,0
V00001,container,12,9.98,6.42,1.18,5.84,10.36,7.89,0.7282,0.08,0
V00002,cargo,7,8.36,0.03,21.27,8.48,12.33,11.94,0.5823,3.37,1
V00003,cargo,1,15.51,10.6,5.26,6.89,0.93,9.94,0.4345,3.89,0
V00004,cargo,11,13.47,2.5,1.17,11.34,3.2,13.05,0.2564,12.08,0
V00005,cargo,8,9.12,3.31,9.49,5.05,6.29,7.5,0.7502,2.82,1
V00006,cargo,6,11.53,10.11,12.19,5.46,18.77,6.06,0.6454,4.7,0
V00007,tanker,1,15.43,9.29,5.11,6.16,1.45,7.81,0.6082,3.65,0
V00008,cargo,1,14.84,11.84,16.51,7.39,6.63,4.49,0.9284,13.33,0
V00009,passenger,1,9.99,14.66,18.66,6.9,9.79,9.11,0.7325,3.33,0
V00010,container,5,14.88,8.4,13.38,7.15,6.15,9.75,0.7564,0.29,0
V00011,passenger,6,17.0,5.09,8.27,7.91,15.42,6.82,0.0928,0.95,1
V00012,cargo,12,10.66,4.26,5.72,6.9,14.81,12.39,0.5256,1.64,0
V00013,tanker,12,5.82,4.79,2.92,4.55,4.54,9.58,0.449,0.03,0
V00014,tanker,5,14.41,4.73,2.84,7.37,6.9,8.74,0.7394,3.41,0
V00015,tanker,9,10.37,15.53,3.89,6.39,5.55,8.25,0.6175,0.81,0
V00016,container,10,12.99,6.24,11.41,9.4,8.57,13.89,0.7436,0.09,0
V00017,container,10,19.19,0.69,6.05,4.03,9.41,6.89,0.4387,0.83,0
V00018,cargo,11,16.02,6.29,2.91,4.67,0.83,8.41,0.4455,5.79,0
V00019,cargo,6,7.69,2.82,6.92,9.51,26.64,9.16,0.6353,4.47,0
V00020,container,10,6.68,3.34,33.12,9.5,7.33,6.76,0.381,1.31,0
V00021,tanker,1,6.89,3.56,19.85,7.66,19.83,4.06,0.0727,1.04,0
V00022,cargo,11,5.97,4.73,7.32,7.32,12.39,11.0,0.752,3.92,0
V00023,cargo,9,5.24,9.53,32.19,9.48,9.9,11.84,0.3789,10.38,0
V00024,container,11,9.59,0.95,3.53,5.87,7.89,7.57,0.6044,7.23,0
V00025,cargo,1,11.35,9.63,5.24,7.76,7.44,5.5,0.6784,3.5,0
V00026,cargo,12,14.02,1.79,13.09,9.19,14.64,6.12,0.1193,0.86,1
V00027,tanker,6,18.39,3.47,3.97,9.87,11.4,4.29,0.6054,11.33,1
V00028,passenger,8,19.21,4.07,4.01,5.28,3.29,5.26,0.4982,11.25,0
V00029,passenger,9,10.43,5.69,4.35,7.48,17.94,9.6,0.5659,0.37,0
V00030,passenger,7,10.08,8.95,12.63,9.56,5.55,11.02,0.9341,2.04,0
V00031,tanker,8,9.44,1.41,5.0,7.23,5.24,7.37,0.4505,0.2,0
V00032,container,2,12.42,15.19,29.07,5.44,4.82,7.34,0.3491,8.41,0
V00033,cargo,6,13.21,10.82,12.72,9.99,2.39,10.87,0.2347,1.81,0
V00034,container,7,14.14,2.19,4.37,6.75,4.18,6.54,0.2504,0.82,0
V00035,cargo,10,8.97,4.13,4.67,10.54,7.09,11.38,0.408,2.52,0
V00036,container,1,8.5,2.11,30.43,9.3,7.79,10.93,0.6143,0.82,0
V00037,passenger,7,16.35,0.72,6.63,7.67,10.13,8.94,0.2868,0.02,0
V00038,cargo,5,11.47,10.67,16.9,6.07,11.99,12.08,0.6877,1.05,0
V00039,cargo,11,13.94,3.04,8.87,6.02,14.96,6.96,0.3385,3.13,0
V00040,tanker,6,9.79,2.97,4.81,6.41,5.59,6.29,0.6539,1.57,0
V00041,cargo,7,13.19,4.31,4.41,11.24,4.55,8.12,0.8912,0.67,0
V00042,container,6,7.49,18.36,7.39,8.56,5.84,9.68,0.6902,4.25,1
V00043,cargo,4,15.03,10.14,6.2,9.67,2.39,15.0,0.1896,0.39,0
V00044,tanker,8,13.89,0.03,10.25,5.55,4.03,6.92,0.2504,10.32,0
V00045,container,3,4.71,0.33,23.92,4.14,0.74,5.04,0.669,0.9,0
V00046,cargo,5,10.42,9.67,6.36,8.12,4.29,8.88,0.429,1.76,0
V00047,cargo,1,13.77,0.75,5.29,6.8,3.95,9.94,0.7458,3.97,0
V00048,cargo,6,11.97,11.75,4.43,7.27,4.84,5.2,0.1718,2.1,0
V00049,container,3,5.52,6.59,9.17,7.67,6.98,9.29,0.5195,0.66,0
V00050,passenger,3,14.74,20.65,11.62,7.87,5.75,9.23,0.5482,1.53,0
V00051,cargo,12,9.46,3.08,7.48,8.99,18.5,4.3,0.9494,0.35,0
V00052,passenger,1,14.1,1.97,12.23,8.22,7.58,11.86,0.6709,1.13,0
V00053,tanker,10,13.4,0.09,18.75,7.95,7.97,9.59,0.1437,0.57,0
V00054,container,9,15.81,10.21,1.62,5.76,2.69,13.62,0.5961,1.2,1
V00055,container,12,9.67,6.37,4.55,7.02,10.81,7.11,0.2655,6.48,0
V00056,cargo,6,14.87,7.06,12.89,7.61,7.45,6.31,0.535,0.97,0
V00057,cargo,4,10.34,2.66,4.08,7.71,6.87,7.27,0.5672,2.91,0
V00058,container,12,14.28,1.39,6.2,7.38,10.57,9.31,0.6747,11.33,0
V00059,passenger,6,11.78,12.84,8.91,8.55,5.86,10.39,0.3159,6.33,0
V00060,cargo,2,10.5,1.03,9.32,5.17,11.06,1.92,0.7805,1.81,0
V00061,container,2,15.04,6.31,7.04,10.55,9.79,4.97,0.7461,2.98,1
V00062,passenger,3,9.86,5.11,7.63,5.82,24.31,11.3,0.3196,1.22,0
V00063,cargo,11,8.53,6.51,4.39,7.53,4.05,8.03,0.2939,4.62,0
V00064,cargo,12,11.14,1.48,4.97,4.76,1.99,8.41,0.1073,7.19,0
V00065,cargo,3,13.69,4.35,4.85,3.53,4.7,7.44,0.498,0.64,0
V00066,container,8,14.92,1.5,2.12,4.79,9.49,8.99,0.3886,8.1,0
V00067,cargo,10,15.93,3.98,8.25,6.61,6.15,13.34,0.4116,1.96,0
V00068,tanker,9,12.55,8.84,12.76,9.05,3.79,12.81,0.4357,2.2,0
V00069,container,5,14.29,13.76,9.57,8.47,3.98,6.83,0.4519,2.98,0
V00070,container,3,13.3,13.38,17.44,6.2,4.58,8.99,0.4241,0.24,1
V00071,tanker,7,11.98,4.31,12.06,8.65,3.49,5.43,0.5988,0.09,0
V00072,passenger,12,10.04,0.25,18.07,11.37,30.17,9.03,0.645,2.81,0
V00073,passenger,4,16.22,7.13,16.69,4.59,4.32,9.62,0.2276,2.53,0
V00074,cargo,9,9.97,3.43,13.2,7.34,12.25,9.87,0.5117,1.93,0
V00075,passenger,6,6.86,5.56,14.48,4.74,12.14,10.4,0.3228,0.05,0
V00076,passenger,12,15.03,0.26,2.94,8.54,11.89,10.36,0.4502,1.64,0
V00077,cargo,6,12.44,1.49,29.94,7.46,3.39,12.53,0.5278,0.79,1
V00078,cargo,7,16.27,5.39,4.02,8.02,4.76,11.95,0.0286,5.07,0
V00079,container,12,8.81,1.46,5.64,6.1,5.06,6.41,0.3177,4.99,0
V00080,tanker,4,11.21,11.62,31.06,6.72,0.43,9.72,0.7407,10.36,0
V00081,container,8,7.55,3.93,8.98,5.78,7.48,6.47,0.7009,10.99,0
V00082,container,3,10.68,15.82,12.31,3.48,2.56,11.33,0.9157,1.5,0
V00083,container,12,12.03,3.25,9.47,11.07,9.8,6.71,0.1611,1.1,0
V00084,container,9,6.83,1.61,27.17,5.71,19.12,9.6,0.9605,2.56,0
V00085,container,11,8.18,2.55,28.54,8.3,15.26,7.77,0.5056,1.4,0
V00086,cargo,9,11.45,6.64,10.55,6.6,9.03,9.12,0.4144,1.96,0
V00087,passenger,7,11.6,1.18,9.42,7.39,8.92,6.94,0.4485,1.35,0
V00088,container,12,6.37,2.32,4.45,7.6,7.33,11.3,0.3051,3.49,0
V00089,cargo,12,11.41,8.8,6.43,6.68,4.21,2.84,0.5778,3.93,0
V00090,passenger,9,7.29,8.52,4.54,5.05,5.51,11.17,0.1498,0.65,0
V00091,container,10,8.98,0.17,10.76,6.04,7.74,10.26,0.4512,6.68,0
V00092,tanker,6,14.21,3.07,2.21,6.34,8.22,5.77,0.7428,1.32,0
V00093,container,3,14.21,5.58,16.26,10.0,9.27,3.93,0.61,2.2,0
V00094,container,11,12.79,7.47,20.07,4.55,6.78,10.61,0.8516,9.74,0
V00095,cargo,3,9.56,2.86,3.98,4.4,13.19,7.05,0.2458,0.77,0
V00096,cargo,11,11.63,9.46,20.78,3.57,6.27,6.46,0.5453,0.04,0
V00097,passenger,9,10.01,6.84,40.97,7.03,1.44,6.63,0.3247,0.07,0
V00098,passenger,8,10.74,1.81,15.79,4.53,11.42,8.6,0.5291,1.66,0
V00099,cargo,9,12.37,13.18,8.88,7.7,8.02,11.99,0.337,2.96,0
V00100,cargo,5,16.33,1.15,3.51,7.06,6.43,7.76,0.3647,4.26,0
V00101,container,11,10.74,7.13,21.01,8.56,2.34,8.71,0.7872,2.25,0
V00102,tanker,7,14.44,2.32,7.99,8.99,7.97,12.79,0.2945,17.77,0
V00103,tanker,8,11.44,15.35,40.33,5.67,9.39,12.87,0.3966,8.45,0
V00104,container,8,17.23,10.39,3.96,8.47,9.9,3.02,0.6095,1.48,0
V00105,cargo,8,12.09,13.58,6.31,5.4,7.07,11.94,0.2043,3.5,0
V00106,cargo,9,6.85,10.35,6.16,6.05,7.34,12.27,0.0838,1.99,0
V00107,container,5,14.55,4.51,9.83,9.56,13.98,9.18,0.6252,14.5,0
V00108,container,2,10.57,7.73,15.6,3.63,10.97,15.0,0.5944,2.02,0
V00109,container,6,14.31,11.76,14.07,6.78,7.17,6.66,0.1762,5.22,0
V00110,tanker,8,13.73,7.86,5.77,6.64,8.2,7.26,0.9187,7.36,1
V00111,container,10,10.02,4.08,21.64,9.52,8.92,2.6,0.2835,3.33,0
V00112,cargo,7,12.75,3.98,5.94,6.15,18.05,8.2,0.5507,1.29,0
V00113,container,2,14.81,2.43,6.97,7.21,5.59,4.95,0.2467,1.49,0
V00114,passenger,6,11.54,11.0,7.69,10.77,16.04,8.38,0.4943,0.84,0
V00115,tanker,4,10.43,5.9,15.8,4.9,4.0,6.22,0.8659,7.47,0
V00116,cargo,1,17.23,5.81,14.53,11.35,16.49,9.87,0.0788,3.42,0
V00117,container,2,13.27,5.5,5.35,6.86,21.2,7.53,0.6105,0.68,0
V00118,passenger,4,8.57,6.66,7.27,2.91,7.63,8.33,0.6535,2.94,0
V00119,cargo,2,6.04,10.8,8.28,12.84,2.91,4.67,0.6575,2.85,0
V00120,passenger,9,12.45,6.9,18.56,8.19,8.95,5.55,0.6468,0.29,0
V00121,container,1,13.9,4.95,4.94,7.89,0.56,15.0,0.1593,2.81,0
V00122,container,9,9.32,8.54,6.25,8.48,5.22,9.38,0.1471,0.48,0
V00123,cargo,6,12.14,4.06,9.68,11.18,9.48,8.27,0.7156,0.15,0
V00124,container,3,12.74,9.16,9.13,8.68,9.0,11.13,0.8166,11.37,0
V00125,container,1,7.37,8.86,9.06,10.42,12.81,7.47,0.8707,8.14,0
V00126,cargo,6,11.8,13.27,6.28,7.1,9.35,8.36,0.6919,2.43,0
V00127,container,3,10.59,3.06,4.76,6.47,11.8,7.87,0.6462,0.29,0
V00128,cargo,2,9.0,5.84,12.14,5.19,4.18,13.63,0.6085,3.02,0
V00129,container,6,10.71,12.18,11.31,6.22,2.27,7.89,0.2216,1.01,0
V00130,tanker,12,14.47,2.88,5.05,8.0,32.96,10.48,0.2143,0.93,0
V00131,tanker,9,11.83,2.0,9.33,7.4,10.47,3.38,0.1922,4.07,0
V00132,tanker,10,18.1,11.72,3.35,6.79,10.09,9.08,0.3285,0.76,1
V00133,cargo,12,14.9,6.97,7.87,7.4,5.49,7.04,0.4899,8.44,0
V00134,tanker,12,8.77,7.55,3.82,7.72,7.59,11.75,0.4217,0.05,0
V00135,cargo,8,7.81,2.75,21.47,9.5,8.02,14.57,0.9668,2.44,0
V00136,cargo,11,10.1,1.1,7.43,8.11,9.13,9.02,0.748,11.21,0
V00137,cargo,8,5.57,0.56,1.9,6.54,8.08,11.16,0.7313,0.94,0
V00138,cargo,2,9.84,13.22,5.42,2.76,8.15,9.67,0.1619,1.57,0
V00139,tanker,3,9.86,3.95,39.78,9.06,9.18,9.75,0.7558,13.16,0
V00140,container,1,14.94,2.36,4.2,8.59,4.32,4.44,0.4963,1.32,0
V00141,container,3,11.94,1.93,9.67,5.01,1.46,6.91,0.5039,0.01,0
V00142,tanker,7,11.07,2.87,9.74,6.15,5.01,6.2,0.6269,3.69,0
V00143,cargo,3,14.3,11.73,17.24,7.1,8.44,14.33,0.7644,0.11,0
V00144,cargo,4,15.31,12.69,62.56,11.15,2.75,6.93,0.6134,11.13,1
V00145,passenger,10,13.04,9.73,6.74,5.24,6.67,9.68,0.3291,5.98,0
V00146,cargo,9,11.53,0.33,7.15,6.67,4.83,3.88,0.432,0.16,0
V00147,cargo,9,5.11,0.91,29.27,7.26,3.54,5.53,0.4679,5.12,0
V00148,tanker,4,11.34,1.34,2.51,6.4,13.45,9.48,0.6016,2.11,0
V00149,passenger,7,9.12,12.95,4.67,8.39,8.46,8.98,0.8319,17.93,0
V00150,container,8,10.06,6.8,12.78,1.2,8.77,8.7,0.5837,8.21,0
V00151,container,8,13.18,10.01,11.38,8.65,5.12,7.69,0.6028,2.37,0
V00152,cargo,2,8.55,4.95,8.3,5.88,14.92,9.35,0.413,0.21,0
V00153,container,9,6.29,2.52,8.17,3.98,12.83,9.8,0.6099,3.78,1
V00154,tanker,9,11.09,1.1,4.14,2.69,0.78,9.69,0.4721,0.73,0
V00155,cargo,1,10.59,12.84,13.72,9.3,3.27,9.54,0.6493,17.33,0
V00156,container,1,5.03,7.06,8.17,8.74,8.3,8.79,0.711,1.78,1
V00157,container,12,8.62,10.13,9.33,8.29,14.18,8.62,0.8763,5.81,0
V00158,tanker,5,11.15,9.34,17.18,9.32,15.21,5.81,0.351,3.0,0
V00159,passenger,1,13.99,3.91,11.78,8.35,5.97,8.44,0.4613,0.47,0
V00160,cargo,6,13.12,7.17,3.05,7.89,13.42,8.8,0.8027,2.2,0
V00161,cargo,2,12.22,1.44,8.37,6.31,6.96,2.98,0.3764,5.46,1
V00162,tanker,6,7.18,1.9,19.43,8.48,6.67,14.84,0.858,3.88,0
V00163,cargo,2,5.27,9.03,9.54,7.3,3.35,10.93,0.5707,3.22,0
V00164,cargo,7,12.66,6.42,8.98,5.75,1.47,6.29,0.3176,0.19,0
V00165,container,4,10.83,6.58,17.86,8.39,3.23,10.55,0.9346,9.84,0
V00166,cargo,4,14.18,5.02,21.26,7.06,6.05,1.42,0.6711,14.47,0
V00167,cargo,12,12.46,2.11,15.72,3.93,3.44,7.63,0.5117,3.39,0
V00168,passenger,1,5.15,6.02,30.52,7.62,17.12,7.22,0.9106,12.09,0
V00169,container,4,10.21,12.83,7.03,4.77,14.5,5.35,0.5493,5.64,0
V00170,cargo,11,12.01,5.1,5.54,10.24,3.79,7.08,0.5622,13.92,0
V00171,container,11,8.55,1.11,21.62,9.65,5.37,8.44,0.2803,0.8,0
V00172,cargo,12,14.3,7.05,25.45,9.41,1.21,12.78,0.1788,6.24,0
V00173,tanker,4,10.84,13.6,14.04,6.06,9.38,10.68,0.822,0.66,0
V00174,tanker,11,6.44,0.07,3.81,6.61,6.11,4.41,0.9469,0.71,0
V00175,cargo,12,10.86,2.07,10.42,7.2,8.11,7.42,0.3682,2.84,0
V00176,cargo,6,13.68,8.02,9.46,9.55,5.56,5.7,0.6543,2.47,0
V00177,tanker,7,13.78,2.9,91.62,5.19,5.02,7.22,0.7267,2.12,1
V00178,container,1,14.95,0.3,16.18,7.67,0.94,6.36,0.1204,4.66,0
V00179,cargo,9,9.36,2.61,8.75,8.35,3.26,4.96,0.7192,0.28,0
V00180,tanker,1,16.74,5.85,10.0,7.01,6.12,5.78,0.1685,0.85,0
V00181,tanker,2,9.46,4.96,8.25,8.21,9.44,5.74,0.1703,20.1,0
V00182,cargo,2,13.29,1.69,25.61,9.31,28.68,5.87,0.6307,7.66,0
V00183,container,12,9.97,4.14,5.06,5.55,6.89,7.47,0.4432,5.43,0
V00184,cargo,10,10.06,2.47,11.27,10.05,0.44,3.67,0.7801,11.26,0
V00185,container,8,10.94,15.6,19.44,7.41,13.56,7.36,0.3606,1.46,0
V00186,cargo,9,8.31,8.7,20.06,6.28,9.26,6.37,0.4437,1.35,0
V00187,cargo,12,12.78,4.99,10.06,8.36,1.59,5.06,0.3684,2.41,0
V00188,cargo,5,9.28,4.56,2.31,6.62,16.08,12.29,0.221,3.03,0
V00189,tanker,8,9.41,1.49,6.95,5.89,10.1,9.0,0.8182,0.19,0
V00190,passenger,1,19.22,7.81,9.88,8.83,13.03,9.39,0.4862,5.28,0
V00191,cargo,7,10.62,0.79,7.59,6.97,4.61,9.6,0.6601,0.83,0
V00192,cargo,7,11.33,7.78,19.75,9.82,2.67,14.9,0.308,5.69,0
V00193,container,4,5.6,6.82,14.04,3.76,17.71,11.06,0.7514,4.29,0
V00194,container,9,7.15,1.37,12.45,4.92,22.17,7.91,0.1917,0.12,0
V00195,cargo,4,12.5,5.96,22.68,7.61,7.02,9.15,0.3176,1.49,0
V00196,container,1,14.33,5.11,13.12,11.54,11.89,11.3,0.7469,5.31,1
V00197,cargo,6,14.28,7.82,26.44,12.88,3.0,7.62,0.9182,1.84,0
V00198,container,8,5.26,7.39,17.17,6.64,18.54,7.45,0.1231,6.87,0
V00199,container,4,8.41,4.21,10.81,10.36,11.36,10.54,0.7022,5.18,0
V00200,cargo,12,13.98,2.14,13.74,5.47,4.97,6.45,0.6424,5.51,1
V00201,tanker,9,13.02,2.67,8.27,6.91,4.61,10.17,0.365,0.33,0
V00202,cargo,2,14.7,4.55,10.82,8.6,5.39,7.31,0.4859,2.13,0
V00203,cargo,11,19.31,10.21,13.3,6.37,7.19,10.0,0.2667,4.19,0
V00204,tanker,9,11.81,6.9,6.18,7.31,8.6,3.91,0.6661,0.56,0
V00205,cargo,2,8.64,8.72,2.96,6.03,4.06,11.19,0.8798,3.07,0
V00206,cargo,11,12.15,5.46,19.58,10.24,22.63,6.15,0.0433,5.72,1
V00207,container,7,13.54,3.35,11.51,4.7,11.08,8.86,0.6463,0.12,0
V00208,tanker,5,14.3,5.17,10.24,11.4,4.63,8.59,0.5062,0.12,0
V00209,passenger,10,10.47,1.77,4.32,6.7,9.86,8.85,0.7515,4.53,0
V00210,container,4,9.08,2.17,11.48,9.66,4.58,6.55,0.3281,0.2,0
V00211,container,10,9.32,0.21,10.12,12.27,12.46,5.84,0.7252,3.79,0
V00212,passenger,7,10.09,4.52,13.7,3.67,22.89,14.2,0.825,4.52,0
V00213,tanker,3,11.65,3.67,1.4,11.53,2.46,4.65,0.9407,10.37,0
V00214,tanker,10,11.43,5.21,6.54,4.0,16.95,8.54,0.2768,16.2,0
V00215,container,6,12.44,3.15,16.59,4.72,7.76,7.1,0.6716,3.04,1
V00216,container,11,9.89,1.57,16.97,4.64,4.59,9.9,0.2078,0.83,0
V00217,cargo,12,8.98,13.34,9.29,9.07,14.04,9.87,0.3459,4.61,0
V00218,cargo,3,12.25,5.31,13.54,6.5,9.07,10.78,0.8005,1.95,0
V00219,container,6,11.17,0.24,7.97,4.6,24.52,3.84,0.7549,0.02,0
V00220,passenger,8,13.18,2.18,7.72,9.82,8.82,6.67,0.6042,0.18,0
V00221,container,11,12.22,3.67,20.32,6.6,7.32,14.82,0.2657,0.37,0
V00222,container,12,8.8,9.89,6.97,7.89,0.36,5.1,0.2781,0.05,0
V00223,passenger,8,10.69,0.34,5.41,6.43,3.97,6.89,0.6325,1.49,0
V00224,container,6,5.41,2.16,5.82,8.66,12.65,6.79,0.713,1.62,0
V00225,cargo,4,15.65,2.41,7.81,6.77,14.9,6.11,0.474,1.14,0
V00226,tanker,10,9.0,3.87,3.95,10.38,6.8,8.98,0.4787,11.68,0
V00227,passenger,3,6.58,5.33,4.06,6.85,3.18,6.6,0.4263,2.33,0
V00228,cargo,8,11.59,1.69,25.31,6.03,5.15,13.09,0.6557,2.37,0
V00229,cargo,11,19.09,16.2,16.29,9.25,6.65,12.5,0.59,4.06,0
V00230,container,2,9.82,15.59,3.81,5.2,7.84,12.04,0.3857,1.65,0
V00231,container,1,12.43,10.86,16.43,7.59,16.56,12.98,0.3747,4.3,0
V00232,container,12,15.71,5.82,7.33,8.0,2.91,6.47,0.5044,7.39,0
V00233,tanker,2,7.79,8.48,20.65,7.48,9.13,6.92,0.4929,3.25,0
V00234,container,12,14.37,4.03,12.66,6.65,3.57,8.35,0.5125,2.38,0
V00235,container,11,16.29,0.3,23.02,8.68,2.26,6.29,0.4907,1.48,1
V00236,container,5,11.24,1.04,1.43,5.99,4.43,11.43,0.4986,2.84,0
V00237,cargo,5,14.14,5.59,19.96,5.76,5.6,5.76,0.3734,4.24,0
V00238,container,2,10.34,3.1,15.3,9.42,3.4,7.74,0.7537,8.82,0
V00239,passenger,11,12.21,6.61,24.35,7.59,4.44,9.48,0.2579,6.5,0
V00240,cargo,5,9.27,1.02,10.55,9.94,10.13,8.24,0.5509,5.55,0
V00241,cargo,2,5.02,1.92,8.31,7.35,32.48,11.11,0.1448,8.23,0
V00242,tanker,10,12.49,2.0,13.13,8.23,13.12,4.18,0.3464,2.37,0
V00243,cargo,1,12.01,10.14,3.69,4.27,9.73,6.44,0.7886,6.67,0
V00244,container,12,18.55,14.73,9.8,12.09,7.03,4.0,0.1913,9.81,1
V00245,container,10,9.48,9.1,1.09,6.89,6.39,9.33,0.3238,11.9,0
V00246,tanker,11,13.43,13.5,5.72,5.62,16.71,8.74,0.4387,3.53,0
V00247,tanker,6,15.11,6.07,27.76,7.86,5.02,6.02,0.4095,2.33,0
V00248,cargo,6,9.57,11.98,5.43,6.36,5.7,2.56,0.7262,3.26,0
V00249,passenger,6,12.86,8.38,8.01,7.58,1.15,11.37,0.4659,2.67,0
V00250,tanker,4,8.46,9.01,30.58,5.09,7.16,8.66,0.2997,2.11,0
V00251,cargo,2,10.42,7.63,12.21,8.25,6.34,7.68,0.4202,3.96,0
V00252,cargo,4,5.01,7.62,10.62,8.54,4.13,7.34,0.2488,0.99,0
V00253,tanker,4,10.83,5.36,1.98,10.87,3.5,4.79,0.4166,18.72,0
V00254,container,8,11.36,9.72,19.45,10.82,3.25,14.66,0.4543,3.41,0
V00255,tanker,11,13.68,6.83,15.5,6.87,9.59,12.53,0.6223,1.07,1
V00256,cargo,4,11.79,10.15,6.08,5.96,15.55,12.38,0.7453,0.88,0
V00257,cargo,1,11.56,6.42,16.92,8.94,0.23,11.67,0.6274,6.94,0
V00258,container,5,10.62,2.23,2.87,8.21,9.6,8.41,0.7059,11.04,0
V00259,cargo,3,10.66,6.7,33.35,6.46,16.62,3.47,0.368,4.12,0
V00260,cargo,4,10.67,8.51,33.5,5.05,7.32,11.32,0.7874,2.6,0
V00261,container,9,7.96,13.02,14.85,6.3,16.59,13.32,0.9228,2.92,0
V00262,cargo,11,7.88,4.14,18.5,6.71,0.24,2.1,0.6502,1.6,0
V00263,cargo,10,11.93,1.88,25.53,4.08,13.67,10.68,0.7365,0.91,0
V00264,passenger,12,17.59,0.0,1.76,9.45,5.7,6.13,0.8393,9.93,0
V00265,passenger,11,7.09,6.19,3.41,6.13,3.64,8.32,0.6161,4.61,0
V00266,cargo,5,7.3,6.22,2.24,7.13,2.0,5.2,0.449,4.19,0
V00267,container,7,11.6,2.37,21.69,9.32,5.91,7.98,0.4523,0.07,0
V00268,cargo,3,11.09,3.91,4.23,8.92,10.18,13.53,0.1969,0.89,0
V00269,passenger,8,7.97,0.74,12.18,6.45,5.56,4.07,0.3713,5.36,0
V00270,tanker,6,12.89,6.99,12.95,8.59,12.99,5.33,0.7106,0.65,1
V00271,container,11,8.43,2.25,9.42,5.22,5.74,2.33,0.7039,5.04,0
V00272,tanker,12,11.66,0.33,6.25,5.05,7.93,5.25,0.4396,22.27,0
V00273,passenger,1,8.88,10.12,11.36,5.15,19.62,8.04,0.4219,0.95,0
V00274,tanker,9,14.14,6.16,4.65,4.75,11.11,11.27,0.2637,3.96,0
V00275,container,12,8.95,10.09,16.38,5.83,10.77,9.97,0.5955,0.42,0
V00276,container,6,8.02,2.25,8.5,6.54,12.23,5.5,0.4479,2.32,0
V00277,container,7,6.76,9.34,8.18,9.19,9.45,5.0,0.7326,0.89,0
V00278,passenger,10,13.04,2.93,10.74,6.37,0.68,5.81,0.9438,4.31,0
V00279,tanker,7,11.08,2.54,12.79,6.38,12.09,8.03,0.5975,0.05,0
V00280,passenger,8,12.93,2.57,9.95,7.15,13.12,6.45,0.8814,7.97,0
V00281,container,11,11.94,0.57,4.8,6.02,14.59,4.15,0.3205,4.4,0
V00282,container,1,13.52,6.78,10.5,9.71,10.7,9.73,0.4358,1.34,0
V00283,container,6,13.44,3.67,5.87,7.82,5.49,8.76,0.5317,3.13,0
V00284,container,10,13.08,1.12,4.95,8.95,9.78,10.52,0.7446,6.02,0
V00285,tanker,7,11.81,8.65,6.21,6.29,9.3,7.54,0.327,3.45,0
V00286,tanker,2,10.29,8.95,8.98,10.71,12.22,15.0,0.4529,4.65,0
V00287,passenger,6,10.27,5.81,19.82,7.23,6.07,11.13,0.7442,13.54,0
V00288,container,4,12.29,6.55,5.01,4.59,19.86,7.49,0.5929,1.67,0
V00289,container,1,8.69,6.55,7.18,6.16,3.62,11.88,0.3757,2.67,0
V00290,container,10,11.21,1.35,3.59,4.8,4.43,11.48,0.4267,2.89,0
V00291,cargo,9,8.5,6.37,4.17,4.34,5.84,4.38,0.2564,1.48,0
V00292,tanker,9,11.74,3.19,11.39,3.46,1.58,9.11,0.6322,0.01,0
V00293,container,9,13.67,1.32,8.7,6.32,8.15,12.67,0.4277,2.35,0
V00294,container,12,11.35,1.91,15.38,2.22,9.59,11.51,0.6518,7.07,0
V00295,cargo,3,13.09,4.62,12.98,8.43,2.4,13.3,0.7928,0.43,0
V00296,tanker,11,11.45,1.02,14.3,3.21,5.93,6.09,0.4898,7.14,0
V00297,passenger,3,8.41,2.7,3.53,6.95,2.73,4.26,0.4668,3.11,0
V00298,container,11,13.95,11.06,16.14,9.38,8.13,2.75,0.4705,1.94,0
V00299,passenger,1,7.66,3.38,7.19,4.34,3.35,6.99,0.3728,1.39,0
V00300,tanker,9,9.74,8.23,25.29,10.7,11.55,7.75,0.8876,14.04,0
V00301,cargo,8,10.11,6.18,11.82,5.97,5.81,9.42,0.4489,7.17,0
V00302,cargo,12,14.4,0.88,2.88,5.49,9.71,6.31,0.536,0.68,0
V00303,passenger,4,14.01,1.81,4.6,5.13,9.49,14.55,0.6185,12.6,0
V00304,container,3,13.42,1.74,11.84,7.57,8.3,12.56,0.2293,0.83,0
V00305,tanker,4,10.73,7.75,4.05,9.29,5.15,6.77,0.1279,5.43,0
V00306,passenger,11,7.91,0.69,8.89,7.8,3.14,7.99,0.5459,1.38,0
V00307,tanker,8,8.68,13.95,3.0,11.61,2.74,8.52,0.7768,2.0,0
V00308,passenger,2,11.59,4.11,8.59,5.11,5.7,8.1,0.6508,0.59,0
V00309,passenger,7,10.41,6.43,10.74,4.88,6.05,8.79,0.6677,2.25,0
V00310,cargo,7,11.09,8.83,8.06,8.9,22.94,10.35,0.093,4.47,0
V00311,container,5,6.54,4.81,1.73,9.76,5.38,8.64,0.3092,1.54,0
V00312,cargo,11,12.02,5.01,5.96,7.47,8.78,4.76,0.7039,0.62,0
V00313,cargo,12,6.76,2.5,9.21,8.75,10.97,12.21,0.4041,5.54,0
V00314,passenger,4,6.98,5.44,8.89,6.42,2.12,7.11,0.4345,3.04,0
V00315,cargo,10,13.78,15.95,5.45,7.39,6.96,5.95,0.7504,3.33,0
V00316,container,3,13.42,10.94,7.21,8.05,6.22,12.9,0.5055,0.57,0
V00317,cargo,2,10.33,2.18,17.4,3.0,5.69,10.0,0.8801,0.44,0
V00318,cargo,10,10.65,12.2,3.18,10.55,16.85,7.59,0.6048,3.51,0
V00319,cargo,4,13.38,0.58,41.87,8.39,1.04,9.13,0.3302,17.85,0
V00320,tanker,4,10.68,10.62,12.37,7.35,20.18,6.19,0.5066,1.73,0
V00321,cargo,11,12.43,5.22,4.34,3.36,5.95,4.62,0.9027,1.72,0
V00322,tanker,8,12.45,2.41,34.64,7.77,11.17,5.69,0.1684,2.14,0
V00323,cargo,12,9.65,1.51,13.89,7.39,5.74,12.92,0.9346,2.76,0
V00324,cargo,12,6.28,5.57,11.0,6.53,9.37,10.91,0.7374,10.07,0
V00325,cargo,11,13.54,6.12,7.84,4.41,9.52,10.45,0.4169,2.1,0
V00326,cargo,11,11.51,6.27,8.42,9.68,4.0,5.84,0.596,2.65,0
V00327,cargo,2,9.97,3.18,5.02,9.06,1.42,8.79,0.6909,4.11,0
V00328,container,3,13.8,6.74,6.57,7.84,2.9,10.65,0.5901,2.73,0
V00329,container,7,10.56,12.54,10.69,7.02,13.81,2.71,0.4302,1.31,0
V00330,cargo,6,11.99,1.33,7.41,11.46,10.73,4.73,0.9064,4.99,0
V00331,cargo,6,14.04,11.26,6.05,7.43,8.0,4.71,0.6365,3.32,0
V00332,container,9,14.18,5.91,24.08,4.79,2.85,4.43,0.7268,0.63,0
V00333,cargo,4,13.02,1.21,17.76,6.5,17.07,10.56,0.4247,0.66,0
V00334,passenger,7,12.32,0.8,9.39,9.49,7.37,14.89,0.4142,4.66,0
V00335,cargo,8,11.82,3.63,21.93,7.44,4.3,8.5,0.6809,5.92,0
V00336,cargo,11,12.57,4.68,10.09,7.84,9.52,7.02,0.0626,3.37,0
V00337,cargo,7,7.06,3.98,6.05,3.5,24.92,6.35,0.8023,3.39,0
V00338,container,8,11.75,4.18,8.09,6.11,13.68,7.23,0.8047,15.25,0
V00339,tanker,3,6.4,6.97,6.77,11.82,2.42,9.28,0.3634,12.97,0
V00340,container,2,9.35,4.91,3.11,5.18,6.69,6.14,0.5567,0.32,0
V00341,passenger,9,8.15,11.81,16.97,3.43,5.0,7.23,0.2881,7.04,0
V00342,cargo,12,7.13,4.44,5.42,6.66,4.88,6.24,0.7638,2.72,0
V00343,container,7,13.08,4.83,22.66,5.14,9.44,5.71,0.2446,0.63,0
V00344,cargo,1,12.16,5.9,7.97,6.29,5.97,3.96,0.8479,1.37,0
V00345,container,6,13.08,1.01,1.81,7.99,15.73,6.91,0.1533,16.05,0
V00346,container,5,11.15,9.64,11.53,5.9,5.6,14.4,0.6143,9.56,0
V00347,cargo,5,12.08,5.03,5.49,8.32,4.52,13.75,0.1221,2.44,0
V00348,passenger,1,5.68,12.0,9.56,2.82,14.4,4.54,0.4888,1.44,0
V00349,cargo,9,13.54,5.04,48.53,3.52,5.6,10.54,0.7648,10.6,0
V00350,cargo,10,15.55,1.23,22.31,5.55,2.59,3.05,0.6913,0.25,0
V00351,tanker,6,10.19,5.15,2.8,4.0,14.16,12.84,0.5193,4.2,0
V00352,tanker,7,16.07,7.09,30.4,7.99,0.64,9.3,0.841,2.8,0
V00353,passenger,8,2.14,12.8,12.33,7.58,10.87,13.8,0.2511,0.55,0
V00354,container,6,8.38,11.88,42.92,8.48,16.45,5.84,0.7268,1.33,1
V00355,tanker,5,9.51,4.06,8.67,6.8,11.34,12.31,0.2587,2.38,0
V00356,cargo,11,14.33,3.38,16.06,6.21,10.65,5.99,0.6074,6.8,0
V00357,container,12,14.49,0.39,21.76,9.18,9.02,9.63,0.482,1.78,0
V00358,container,7,10.97,8.04,7.38,7.64,5.56,2.16,0.6201,0.02,0
V00359,container,8,13.27,6.7,140.92,7.01,6.45,8.63,0.7176,3.44,1
V00360,cargo,6,9.0,2.9,12.3,11.01,16.68,7.58,0.4824,5.29,0
V00361,container,8,12.34,6.76,19.58,5.48,5.63,6.19,0.2502,1.18,0
V00362,passenger,12,9.46,2.4,7.1,10.31,5.96,4.96,0.3457,2.92,0
V00363,passenger,6,12.66,8.05,21.23,6.91,12.9,10.08,0.5255,27.55,1
V00364,cargo,12,13.55,11.05,14.76,6.48,2.12,2.33,0.4625,8.96,1
V00365,cargo,8,11.98,2.1,9.89,4.9,18.88,10.9,0.5022,4.64,0
V00366,cargo,8,16.84,9.19,2.62,8.68,13.49,10.64,0.6917,2.34,0
V00367,container,5,12.77,1.1,6.51,9.32,6.03,11.4,0.3057,3.94,0
V00368,container,7,9.21,4.65,7.06,2.93,10.71,8.82,0.3476,4.43,0
V00369,passenger,1,12.78,6.46,4.89,7.82,16.69,7.24,0.4023,0.61,0
V00370,container,9,12.7,8.84,9.95,5.95,9.19,5.87,0.2771,7.94,0
V00371,cargo,10,12.32,3.05,8.64,8.18,12.5,3.56,0.523,1.45,0
V00372,container,8,2.84,9.72,6.84,7.54,15.65,10.8,0.3662,1.16,0
V00373,container,7,12.73,10.67,16.42,6.49,2.03,7.78,0.804,0.78,0
V00374,passenger,8,9.7,10.36,3.86,8.55,9.32,8.96,0.4758,0.07,0
V00375,container,8,7.67,3.07,4.79,4.49,3.12,6.57,0.3449,11.18,0
V00376,tanker,1,12.91,2.96,19.72,5.86,18.11,13.0,0.5516,0.07,0
V00377,cargo,2,7.61,1.29,8.86,7.74,8.34,7.83,0.6441,3.8,0
V00378,passenger,2,10.71,1.06,21.18,8.36,9.06,9.52,0.0676,6.05,0
V00379,tanker,6,9.89,2.95,2.34,8.9,4.99,8.4,0.3307,4.35,0
V00380,cargo,2,9.77,4.28,9.78,7.97,4.99,13.67,0.7924,2.81,0
V00381,container,3,7.85,7.72,7.67,8.72,12.9,7.42,0.1062,1.97,0
V00382,container,2,9.15,2.71,8.51,7.08,4.94,2.48,0.5603,2.05,0
V00383,cargo,4,10.3,9.59,21.47,9.85,7.15,6.29,0.7335,2.87,0
V00384,container,5,9.39,6.53,13.61,4.79,6.39,9.44,0.9186,20.43,0
V00385,tanker,2,10.06,6.47,6.44,4.91,9.58,5.95,0.4014,7.77,0
V00386,cargo,7,8.27,8.32,3.99,6.35,8.23,10.85,0.3899,3.84,0
V00387,tanker,2,13.69,0.58,7.84,5.42,4.86,9.27,0.8168,1.45,0
V00388,passenger,1,5.52,2.8,5.4,7.47,2.43,6.82,0.3637,3.38,0
V00389,tanker,3,12.84,1.85,8.86,7.33,5.12,3.93,0.5675,6.25,0
V00390,container,7,14.06,4.19,5.23,1.73,13.98,10.15,0.6049,10.25,0
V00391,passenger,2,16.43,1.63,4.26,8.13,4.91,14.34,0.1545,5.2,0
V00392,tanker,11,11.48,1.75,2.51,8.43,23.17,5.36,0.262,11.44,0
V00393,cargo,1,12.25,7.66,23.88,6.07,2.75,5.75,0.4568,1.18,0
V00394,cargo,5,9.91,3.83,23.61,9.63,8.58,8.37,0.7503,0.1,0
V00395,container,10,10.27,1.0,18.6,7.5,8.05,10.34,0.3887,1.4,0
V00396,container,9,12.86,2.87,5.51,5.2,4.51,9.57,0.5154,0.98,0
V00397,tanker,4,11.67,0.49,2.77,8.75,15.16,8.1,0.4911,2.04,0
V00398,cargo,4,9.39,2.01,21.62,6.63,4.89,11.88,0.501,1.45,0
V00399,container,7,13.75,15.01,5.44,8.64,6.06,7.36,0.4205,5.51,0
V00400,cargo,12,18.06,17.86,6.01,6.84,12.06,4.09,0.4009,0.19,0
V00401,cargo,4,11.34,7.99,8.3,6.52,11.24,9.72,0.7702,3.22,0
V00402,container,3,8.98,6.35,14.61,9.38,10.94,8.51,0.6115,1.72,0
V00403,tanker,5,9.62,0.47,8.17,9.33,6.34,8.75,0.8388,6.76,0
V00404,passenger,7,11.31,4.25,22.81,2.67,5.77,2.52,0.4039,0.3,0
V00405,container,3,11.09,0.97,9.5,7.51,2.93,8.38,0.5787,13.3,0
V00406,cargo,8,10.22,2.97,2.6,10.02,13.2,10.57,0.4988,3.08,0
V00407,cargo,10,7.59,2.89,7.99,6.22,10.14,12.52,0.3557,1.69,0
V00408,passenger,7,11.04,3.74,10.09,10.71,9.09,10.69,0.6464,0.15,0
V00409,cargo,7,13.96,6.3,8.78,4.53,4.33,12.22,0.6154,5.34,0
V00410,tanker,9,14.33,7.67,5.49,7.84,16.78,9.84,0.8494,0.16,0
V00411,container,7,10.67,6.09,33.18,7.47,16.55,6.48,0.8106,5.32,0
V00412,container,4,11.82,3.81,4.18,5.6,11.33,2.0,0.7075,3.56,0
V00413,container,11,5.46,2.9,4.97,5.6,17.74,8.93,0.8884,4.35,0
V00414,tanker,3,10.72,8.25,4.03,9.68,8.26,3.94,0.2495,2.76,0
V00415,tanker,5,7.52,5.97,20.58,11.04,1.44,10.65,0.3753,0.92,0
V00416,container,1,12.98,8.93,11.18,4.33,3.13,4.43,0.3806,9.16,0
V00417,passenger,9,12.45,4.36,19.2,5.26,7.81,10.71,0.6229,5.15,0
V00418,container,6,13.29,4.83,18.62,7.22,11.47,12.34,0.1114,2.19,0
V00419,tanker,8,11.48,3.73,3.61,9.6,1.09,7.14,0.1263,1.14,0
V00420,container,4,12.62,6.39,13.48,9.4,11.8,12.38,0.3973,1.21,0
V00421,cargo,11,10.71,5.78,12.07,6.87,14.1,8.05,0.5691,0.92,0
V00422,tanker,5,17.09,13.84,5.48,6.11,2.75,7.23,0.7623,3.4,1
V00423,tanker,11,17.18,1.3,8.96,6.94,13.13,8.22,0.564,9.6,0
V00424,passenger,9,12.06,5.27,2.22,4.58,7.69,9.7,0.3822,0.38,0
V00425,cargo,7,12.08,12.45,7.81,2.07,1.92,8.88,0.8595,2.39,0
V00426,container,4,10.54,3.19,9.33,6.09,13.8,11.77,0.1339,9.36,0
V00427,cargo,6,13.55,3.36,2.88,9.4,4.17,12.39,0.2059,2.44,0
V00428,cargo,9,9.71,1.01,3.08,12.14,11.41,13.02,0.5789,0.72,0
V00429,passenger,11,13.16,13.04,4.8,9.95,7.59,6.41,0.3701,7.7,0
V00430,tanker,7,12.94,9.66,4.56,4.71,5.51,11.35,0.8005,3.09,0
V00431,cargo,7,12.71,0.68,9.1,10.38,4.92,11.99,0.0668,1.05,0
V00432,cargo,1,13.31,2.56,11.58,5.29,2.45,11.52,0.7577,8.61,0
V00433,container,1,11.4,2.15,13.62,7.44,7.48,2.07,0.3907,2.22,0
V00434,container,1,7.49,13.62,6.14,7.56,18.41,6.16,0.5839,8.26,0
V00435,container,6,17.51,3.11,3.96,7.74,7.99,14.31,0.4598,5.54,0
V00436,passenger,12,12.28,6.15,2.38,5.55,5.91,7.54,0.2592,9.46,0
V00437,container,6,10.89,9.15,24.1,8.64,12.04,8.98,0.6139,3.76,0
V00438,container,4,9.71,4.72,13.51,7.8,15.2,1.5,0.4061,7.82,0
V00439,tanker,12,9.62,3.04,9.83,12.45,1.12,9.3,0.7235,13.36,0
V00440,cargo,9,7.58,3.89,29.75,7.03,7.39,9.87,0.3434,0.7,0
V00441,tanker,4,8.14,0.36,18.95,6.14,11.42,6.69,0.5982,4.34,1
V00442,passenger,11,12.57,2.22,5.53,7.18,4.24,5.97,0.3967,1.25,0
V00443,cargo,11,10.65,1.43,8.83,7.08,19.2,6.96,0.0375,0.63,0
V00444,cargo,2,12.45,7.97,10.6,13.07,10.4,11.52,0.6162,2.23,0
V00445,passenger,10,9.14,10.51,13.77,7.33,4.57,9.24,0.4388,5.7,0
V00446,tanker,3,12.64,5.1,14.62,4.88,10.25,5.47,0.3536,8.01,1
V00447,cargo,4,10.04,6.16,16.49,5.29,11.54,11.07,0.1823,2.15,0
V00448,tanker,12,2.89,4.85,26.66,8.19,14.54,8.6,0.3962,3.62,0
V00449,container,8,6.82,12.3,7.46,8.01,6.36,4.41,0.4406,0.7,0
V00450,passenger,10,11.62,6.08,16.19,7.11,8.07,8.66,0.5644,7.63,0
V00451,cargo,5,8.85,2.29,19.9,9.85,4.51,7.63,0.7978,1.97,0
V00452,container,9,15.39,6.04,16.75,10.39,6.81,7.86,0.2988,0.16,0
V00453,cargo,10,4.64,0.88,24.36,6.1,4.44,6.55,0.6737,5.92,1
V00454,passenger,2,11.16,4.46,4.62,7.95,11.98,7.78,0.2918,2.21,0
V00455,tanker,10,13.12,8.84,17.73,6.58,1.99,1.67,0.9401,7.98,0
V00456,passenger,11,8.18,7.53,3.53,10.72,15.03,8.25,0.6481,5.51,0
V00457,cargo,11,12.91,6.86,15.06,10.72,3.11,9.54,0.6548,8.71,1
V00458,container,2,7.09,1.42,4.12,6.62,18.03,1.45,0.5428,4.73,0
V00459,tanker,1,9.99,1.38,8.06,8.35,19.27,8.58,0.2207,0.59,0
V00460,tanker,11,8.67,7.68,8.42,5.44,10.5,5.99,0.144,1.72,0
V00461,cargo,4,4.82,8.28,3.39,8.44,2.89,5.48,0.8083,3.27,0
V00462,cargo,6,13.9,5.02,4.41,7.14,8.87,8.82,0.5772,1.09,0
V00463,cargo,3,14.42,2.53,11.74,9.21,8.78,15.0,0.5448,14.15,0
V00464,cargo,12,14.6,9.58,4.56,9.87,7.87,11.13,0.3846,0.65,0
V00465,tanker,3,14.7,10.81,6.26,7.02,11.35,9.25,0.6308,1.36,0
V00466,cargo,3,9.86,8.27,2.38,6.19,9.73,8.83,0.6853,3.84,1
V00467,container,8,11.85,2.43,9.41,8.65,18.09,10.03,0.9699,0.39,0
V00468,cargo,1,12.78,1.03,17.92,8.38,5.77,13.09,0.4916,2.94,0
V00469,container,4,14.77,10.93,19.25,4.98,10.27,4.93,0.7456,0.91,0
V00470,tanker,8,3.42,2.38,19.76,7.3,4.91,9.4,0.7047,2.88,0
V00471,tanker,4,13.24,2.58,13.69,6.97,14.76,9.5,0.9016,3.76,0
V00472,cargo,12,7.9,8.44,4.56,4.35,24.74,6.42,0.5245,2.49,0
V00473,passenger,3,17.29,5.37,8.59,6.51,13.97,8.34,0.1553,5.2,0
V00474,container,4,8.8,13.38,4.21,8.21,8.81,8.38,0.3241,0.26,0
V00475,container,4,7.46,7.94,7.0,4.52,1.8,12.18,0.7811,0.84,0
V00476,container,1,12.88,1.69,23.42,5.78,9.35,13.85,0.8143,5.63,0
V00477,container,3,15.51,10.99,2.08,6.9,8.29,9.0,0.4764,6.19,1
V00478,cargo,5,8.65,6.67,4.87,3.93,1.83,7.07,0.2803,15.68,0
V00479,container,6,7.94,2.56,28.27,9.7,14.62,11.76,0.3545,4.22,0
V00480,tanker,9,12.44,8.9,8.87,12.19,3.45,10.53,0.488,5.47,0
V00481,cargo,4,12.55,5.99,17.54,3.4,11.54,7.64,0.8336,0.1,0
V00482,passenger,9,8.9,7.34,6.8,7.29,6.37,7.44,0.5175,1.47,0
V00483,cargo,1,13.24,7.81,7.08,8.13,6.53,9.67,0.666,0.66,0
V00484,container,5,14.77,1.0,17.56,7.89,1.92,4.57,0.0793,1.03,0
V00485,container,5,7.82,2.67,19.75,5.81,7.45,11.86,0.52,4.36,0
V00486,tanker,9,5.19,6.52,12.0,7.93,6.52,9.23,0.9771,0.52,0
V00487,cargo,1,4.73,2.35,6.78,5.91,4.53,3.7,0.6701,1.73,0
V00488,cargo,2,10.08,9.58,4.84,8.58,1.12,8.34,0.2957,6.56,0
V00489,tanker,1,12.55,2.64,9.61,6.78,5.44,6.69,0.6276,1.74,0
V00490,cargo,5,17.21,0.71,2.22,7.29,4.73,10.31,0.5744,1.22,1
V00491,container,8,10.32,4.02,9.6,8.12,9.53,15.0,0.6037,3.52,0
V00492,cargo,9,14.59,0.83,1.51,10.46,9.57,12.38,0.9645,1.85,0
V00493,cargo,5,14.96,8.21,7.6,7.88,13.3,2.6,0.6227,7.42,0
V00494,passenger,4,8.16,6.03,3.84,9.13,9.01,8.24,0.5661,3.31,0
V00495,container,4,13.15,6.79,40.0,9.91,3.04,5.08,0.7673,0.96,0
V00496,cargo,12,6.06,9.54,7.34,9.3,13.4,6.72,0.3382,2.99,0
V00497,cargo,9,16.41,0.72,10.44,9.38,9.8,7.1,0.4168,2.52,0
V00498,container,1,11.65,11.79,9.43,6.64,11.04,15.0,0.8557,2.6,0
V00499,container,11,15.49,0.74,10.62,8.44,4.57,7.16,0.4836,4.29,0
V00500,cargo,4,13.26,3.09,11.35,12.78,5.4,5.01,0.2459,3.74,0
V00501,tanker,12,13.81,3.6,2.98,8.47,3.1,7.18,0.7456,5.24,0
V00502,container,7,9.52,3.88,7.7,6.65,11.87,6.77,0.8949,6.07,1
V00503,container,4,12.21,2.8,4.82,5.47,1.29,11.62,0.4921,6.17,0
V00504,container,9,9.02,6.64,20.86,9.96,8.64,7.29,0.2106,2.89,0
V00505,cargo,3,9.03,3.77,20.28,6.46,11.28,4.53,0.8704,0.95,0
V00506,passenger,8,15.3,4.45,12.83,8.58,16.8,3.37,0.9765,3.42,0
V00507,tanker,5,9.59,5.24,11.63,13.26,6.23,9.97,0.6478,4.37,0
V00508,cargo,6,14.07,1.53,12.1,5.32,2.16,15.0,0.9322,18.81,0
V00509,cargo,9,10.72,4.53,11.95,4.78,14.47,6.37,0.2009,0.21,0
V00510,cargo,1,8.86,8.97,14.74,9.55,9.7,7.13,0.3345,1.62,0
V00511,container,11,15.23,6.67,2.58,6.44,1.02,4.93,0.6043,6.5,0
V00512,cargo,4,6.2,3.02,7.27,7.29,12.39,7.73,0.2495,3.42,0
V00513,cargo,11,13.66,4.87,8.57,9.41,1.37,8.45,0.3583,2.67,0
V00514,tanker,12,13.63,1.25,8.95,8.49,1.76,14.22,0.8443,28.51,0
V00515,passenger,12,15.06,3.53,11.17,4.18,4.12,9.87,0.898,1.01,0
V00516,passenger,2,14.21,8.28,13.38,13.83,9.04,9.06,0.2751,0.69,0
V00517,cargo,3,18.52,6.77,30.6,6.91,7.2,8.17,0.51,14.15,0
V00518,cargo,11,15.13,9.24,21.85,12.02,12.27,4.97,0.9139,4.24,0
V00519,passenger,1,14.46,0.53,6.56,10.07,22.84,12.91,0.2887,0.47,0
V00520,container,6,10.78,3.39,7.38,5.38,4.47,9.64,0.8317,4.82,0
V00521,passenger,8,12.08,5.55,8.75,7.13,5.63,5.51,0.4356,10.67,0
V00522,container,8,12.75,2.43,1.87,6.01,7.99,9.43,0.4762,8.68,0
V00523,cargo,4,11.16,8.66,3.82,5.92,4.06,6.17,0.7274,5.63,0
V00524,container,8,11.29,0.66,15.0,5.16,12.74,8.34,0.1909,0.68,0
V00525,container,10,10.89,7.71,10.11,9.04,3.89,7.16,0.7926,7.59,0
V00526,container,8,11.21,0.22,5.52,6.0,28.2,13.62,0.2932,18.24,0
V00527,tanker,11,13.73,11.95,5.37,5.88,9.88,6.03,0.7723,4.57,1
V00528,cargo,11,12.33,3.99,10.11,8.01,3.18,9.23,0.4184,7.46,0
V00529,cargo,12,14.07,8.86,7.76,8.06,7.03,4.74,0.1891,4.77,0
V00530,cargo,5,8.9,0.06,3.32,4.93,15.7,7.73,0.3995,1.97,0
V00531,cargo,10,9.54,15.34,7.96,8.48,8.93,7.77,0.5365,2.9,0
V00532,tanker,4,0.99,11.47,6.2,7.02,6.92,6.85,0.5085,6.2,0
V00533,container,12,6.88,0.06,24.54,9.85,7.3,10.31,0.5773,8.91,0
V00534,container,12,7.47,2.03,4.61,8.6,6.3,6.34,0.5284,1.75,0
V00535,cargo,6,16.11,14.12,10.79,7.03,6.55,9.92,0.9177,0.1,0
V00536,cargo,11,9.55,10.45,33.9,8.31,2.9,14.06,0.2988,1.77,0
V00537,cargo,7,13.18,0.44,8.54,7.53,22.94,6.49,0.3412,27.43,0
V00538,passenger,7,9.11,8.13,10.4,7.0,12.37,9.23,0.417,4.73,0
V00539,cargo,12,13.43,2.78,7.76,6.98,8.36,15.0,0.892,0.12,0
V00540,passenger,10,7.36,9.4,14.71,7.93,12.95,8.53,0.4493,15.04,0
V00541,container,2,14.99,1.7,13.32,10.19,15.83,11.22,0.737,3.17,0
V00542,container,12,4.09,9.63,1.61,5.67,11.71,8.77,0.5723,1.96,0
V00543,cargo,9,4.94,0.56,4.54,9.81,0.67,6.44,0.2788,3.41,0
V00544,container,10,5.64,0.09,4.09,6.54,10.29,10.58,0.8813,0.85,0
V00545,tanker,4,14.44,5.97,9.54,7.17,8.26,13.99,0.3532,9.43,0
V00546,tanker,7,10.24,8.13,10.48,8.89,7.75,7.35,0.4714,0.48,0
V00547,container,2,13.54,1.64,14.65,10.95,5.25,7.97,0.5787,3.11,0
V00548,cargo,7,8.19,0.78,3.87,5.35,16.28,9.59,0.7554,1.32,0
V00549,container,12,8.67,7.75,11.41,8.86,10.84,4.63,0.6852,3.83,0
V00550,tanker,5,12.54,2.62,10.72,9.29,9.6,15.0,0.3798,0.1,0
V00551,cargo,1,14.03,0.99,5.71,6.08,13.73,12.31,0.4964,1.11,0
V00552,passenger,4,11.63,4.48,6.35,11.49,7.45,9.53,0.3651,0.83,0
V00553,tanker,6,16.68,1.94,4.64,6.56,10.18,10.59,0.7469,3.57,0
V00554,cargo,9,18.72,9.17,2.78,2.97,7.78,9.49,0.3813,1.54,0
V00555,passenger,4,14.04,10.62,6.84,5.27,7.71,6.92,0.3061,0.44,0
V00556,container,12,12.63,9.76,9.57,8.98,3.23,4.18,0.6422,1.5,0
V00557,cargo,7,3.03,6.2,14.96,7.28,10.18,8.94,0.663,1.83,1
V00558,tanker,10,11.94,12.72,8.56,5.57,8.49,6.58,0.5781,1.06,0
V00559,cargo,7,15.98,0.49,11.94,10.64,7.58,7.84,0.4903,0.87,0
V00560,cargo,7,13.29,3.19,6.19,8.31,4.33,8.78,0.4894,6.46,0
V00561,container,10,8.28,0.65,6.93,6.91,1.86,12.59,0.1307,0.43,0
V00562,cargo,5,12.67,10.38,7.86,7.68,13.08,6.33,0.2157,3.81,0
V00563,tanker,10,6.12,5.56,3.55,6.76,15.44,6.15,0.6637,3.3,0
V00564,tanker,9,9.96,4.97,9.8,9.19,7.03,8.8,0.53,16.5,0
V00565,cargo,1,8.13,15.73,5.34,8.61,13.13,11.42,0.3002,10.5,0
V00566,container,10,9.6,4.58,14.73,9.12,5.45,5.82,0.4439,4.74,0
V00567,cargo,12,12.42,3.96,10.76,10.28,17.1,11.29,0.6457,0.95,0
V00568,tanker,12,5.07,5.38,17.06,5.27,6.8,4.64,0.5678,7.2,0
V00569,cargo,12,10.5,1.04,14.31,11.53,4.54,9.56,0.8596,3.2,0
V00570,cargo,11,10.58,9.59,2.0,8.45,4.88,5.57,0.7521,10.94,0
V00571,container,3,11.04,6.4,5.56,8.84,6.73,3.58,0.112,0.83,0
V00572,cargo,2,11.13,10.95,8.52,9.75,8.81,5.95,0.7058,2.99,0
V00573,passenger,5,8.52,7.48,29.46,5.0,5.29,9.05,0.5418,2.04,0
V00574,cargo,3,9.02,15.53,3.81,10.45,10.06,6.86,0.6801,2.45,0
V00575,cargo,12,13.67,1.03,2.39,9.39,9.25,11.92,0.7057,1.27,0
V00576,container,6,10.85,1.32,15.24,6.77,4.13,7.47,0.367,2.86,0
V00577,passenger,5,7.4,7.25,3.74,5.15,8.53,13.58,0.6671,6.41,0
V00578,cargo,6,6.89,0.8,11.47,8.69,16.44,8.04,0.3426,2.01,0
V00579,container,5,13.11,1.69,4.93,3.77,7.52,8.2,0.4098,6.03,0
V00580,cargo,12,11.59,1.53,66.93,5.63,12.55,7.49,0.3435,2.8,0
V00581,container,3,13.65,6.86,17.85,6.15,5.33,3.02,0.7546,0.59,0
V00582,tanker,1,15.4,1.11,10.3,7.55,17.28,7.14,0.2945,7.63,0
V00583,passenger,11,12.22,9.71,5.71,6.49,6.09,11.47,0.6074,1.03,0
V00584,container,10,12.8,9.13,6.55,6.24,2.15,8.49,0.431,2.77,0
V00585,container,2,7.57,0.03,6.19,4.72,9.0,11.35,0.079,10.08,0
V00586,passenger,1,11.99,7.29,5.38,8.09,4.16,9.13,0.7635,0.6,0
V00587,container,3,13.82,0.96,7.1,1.2,15.61,6.97,0.7419,7.93,0
V00588,passenger,3,12.03,3.56,10.91,8.39,8.1,7.55,0.4064,5.99,0
V00589,tanker,4,7.29,7.56,4.88,6.52,3.5,6.63,0.2267,2.97,0
V00590,tanker,9,7.37,0.39,26.66,9.71,14.63,10.59,0.3115,3.62,0
V00591,container,9,10.36,0.27,15.44,5.08,2.53,7.81,0.7548,2.4,0
V00592,cargo,2,8.89,2.24,26.61,6.28,16.15,11.19,0.2561,6.32,0
V00593,container,1,14.43,4.53,13.79,8.07,27.43,4.01,0.3935,1.98,0
V00594,cargo,6,14.8,1.23,6.5,5.91,7.73,10.19,0.7307,1.85,0
V00595,cargo,3,12.77,2.88,8.62,6.06,7.76,5.47,0.9488,4.75,0
V00596,tanker,12,19.84,0.63,20.22,7.24,4.83,12.91,0.8254,1.6,0
V00597,cargo,5,9.77,6.24,15.93,7.54,12.36,13.31,0.6069,2.85,0
V00598,tanker,12,15.6,3.32,12.79,9.0,5.16,6.44,0.7347,1.04,0
V00599,cargo,2,7.3,4.96,26.38,8.98,1.09,5.29,0.4696,1.83,0
V00600,passenger,12,11.94,6.16,12.64,10.4,4.29,11.57,0.2279,5.03,0
V00601,passenger,6,9.82,0.63,24.17,8.35,19.12,5.17,0.7155,5.32,0
V00602,cargo,7,15.06,2.73,46.51,4.43,6.53,10.52,0.4909,1.45,0
V00603,container,4,10.37,5.94,20.95,2.53,3.32,3.01,0.3322,0.58,0
V00604,cargo,5,12.82,1.02,5.25,5.98,19.21,3.59,0.6869,1.64,0
V00605,tanker,9,10.15,1.41,11.97,9.36,13.2,8.1,0.6307,0.65,0
V00606,container,7,10.74,3.33,2.96,8.54,0.56,4.06,0.5984,0.95,0
V00607,passenger,8,14.56,5.27,6.05,8.32,14.03,4.7,0.3783,0.26,0
V00608,container,6,12.57,6.16,10.74,3.89,8.22,8.94,0.7887,0.11,0
V00609,passenger,3,11.09,11.75,5.09,9.12,16.75,10.44,0.3784,0.5,0
V00610,cargo,10,3.69,6.62,4.96,6.03,19.44,6.29,0.7979,1.24,0
V00611,tanker,10,9.55,4.08,5.58,8.0,7.6,8.63,0.5447,7.71,0
V00612,cargo,6,10.62,11.69,16.01,9.25,2.98,7.27,0.8205,3.71,0
V00613,container,9,13.05,13.23,7.51,6.92,16.68,8.81,0.1472,1.93,0
V00614,cargo,2,10.92,4.13,5.45,6.52,5.43,5.3,0.1529,2.22,0
V00615,cargo,6,13.27,23.03,7.98,6.51,3.89,8.83,0.3832,1.39,0
V00616,cargo,8,9.93,10.0,31.64,5.46,6.42,10.26,0.1329,0.21,0
V00617,passenger,10,16.61,12.23,12.82,6.24,7.42,5.0,0.5262,1.04,0
V00618,container,8,10.98,0.76,6.58,5.54,15.76,7.19,0.3903,4.34,0
V00619,cargo,3,8.62,2.23,2.3,8.5,4.41,12.12,0.7412,1.25,0
V00620,tanker,7,13.82,9.24,11.13,5.33,2.9,2.04,0.3939,2.67,0
V00621,cargo,4,9.7,7.88,3.6,4.84,2.93,9.93,0.7004,5.33,0
V00622,passenger,3,7.63,2.47,6.29,8.74,7.27,7.64,0.2187,3.63,0
V00623,container,10,12.35,0.55,11.2,5.15,7.73,7.92,0.8327,1.55,0
V00624,tanker,8,14.56,2.88,3.24,8.08,9.56,5.39,0.6377,22.96,0
V00625,container,11,9.4,10.48,4.9,7.4,3.44,9.74,0.536,1.36,0
V00626,container,2,11.45,3.46,5.59,6.74,9.08,8.02,0.6595,0.51,0
V00627,passenger,11,10.38,8.12,13.87,3.26,0.94,7.63,0.1409,2.7,0
V00628,container,11,8.1,0.42,18.88,8.59,3.49,6.26,0.3349,1.24,0
V00629,container,11,16.75,10.39,5.98,8.23,13.4,7.04,0.837,6.29,1
V00630,tanker,6,11.16,6.11,5.37,10.43,20.88,10.69,0.6421,3.07,0
V00631,container,8,12.97,4.92,7.13,8.5,4.72,12.14,0.8427,0.29,0
V00632,tanker,11,17.1,5.29,9.66,7.31,10.02,11.96,0.7071,1.04,0
V00633,container,6,10.25,8.7,7.47,8.51,3.74,9.1,0.6544,11.92,0
V00634,cargo,1,14.1,1.1,12.1,5.02,7.15,7.97,0.83,4.79,0
V00635,cargo,10,12.89,10.84,5.64,9.02,9.0,9.83,0.2143,3.23,0
V00636,cargo,2,15.07,3.72,11.38,8.43,3.81,4.74,0.4444,4.79,0
V00637,tanker,1,10.45,5.69,13.44,5.51,2.59,8.46,0.243,5.06,0
V00638,container,8,10.45,3.12,3.04,5.39,4.82,7.99,0.4894,2.21,0
V00639,container,3,8.13,5.67,8.18,7.79,21.92,12.21,0.7909,1.3,0
V00640,tanker,6,13.0,0.93,40.18,5.59,1.06,3.13,0.4873,1.6,0
V00641,tanker,12,17.35,4.22,12.71,7.25,16.77,8.95,0.2999,4.38,0
V00642,cargo,11,7.0,5.87,7.06,6.12,2.47,10.4,0.4483,2.38,0
V00643,cargo,10,11.01,8.67,12.12,5.05,7.67,10.23,0.6035,7.13,0
V00644,cargo,2,11.02,1.23,4.64,9.05,9.92,5.66,0.3259,0.97,0
V00645,container,3,12.68,7.76,28.01,7.35,18.72,11.73,0.5601,3.85,0
V00646,container,7,8.19,1.73,3.2,11.76,0.72,6.22,0.6461,1.92,0
V00647,passenger,4,4.97,9.22,3.31,6.99,2.63,7.64,0.2655,4.57,0
V00648,cargo,11,10.57,2.32,3.02,5.33,5.68,6.95,0.2116,9.48,0
V00649,cargo,4,10.19,2.54,6.29,9.17,7.92,8.19,0.6518,0.12,0
V00650,cargo,11,8.81,5.2,8.61,4.15,2.52,10.1,0.6853,6.19,0
V00651,tanker,12,13.87,9.4,18.93,6.39,1.22,7.74,0.2666,4.5,0
V00652,container,2,8.83,7.81,1.75,7.1,15.21,5.55,0.7542,1.53,0
V00653,container,10,10.34,8.41,8.11,11.28,6.17,14.07,0.5401,2.85,0
V00654,container,5,4.51,7.6,8.32,7.91,1.84,7.99,0.552,0.18,0
V00655,passenger,11,18.14,5.91,4.64,3.73,9.37,7.76,0.8872,2.04,0
V00656,cargo,5,11.9,0.81,6.57,9.48,4.45,10.95,0.3563,3.82,0
V00657,cargo,10,10.59,5.72,15.29,7.24,8.6,4.42,0.7892,6.35,0
V00658,container,7,5.12,7.91,4.91,8.57,5.32,2.6,0.628,2.37,0
V00659,cargo,8,7.17,6.44,7.96,4.6,7.46,4.88,0.8981,1.39,0
V00660,cargo,6,7.87,0.35,30.29,10.28,2.39,9.98,0.3721,7.71,0
V00661,container,9,15.0,2.52,4.43,3.37,12.33,10.36,0.4715,3.57,0
V00662,tanker,12,10.7,2.06,5.61,8.46,4.62,4.39,0.3613,1.99,0
V00663,passenger,7,13.38,5.47,6.05,8.89,5.26,6.02,0.7054,3.13,0
V00664,container,2,10.14,0.48,3.95,8.15,1.42,6.31,0.2072,9.81,0
V00665,tanker,2,8.96,1.45,17.88,6.49,19.56,7.4,0.6833,3.85,0
V00666,passenger,8,11.97,6.06,11.47,7.7,5.38,6.83,0.4922,0.88,0
V00667,container,12,11.41,0.23,15.99,6.2,5.61,8.79,0.1995,7.68,0
V00668,container,6,15.83,2.06,23.07,7.91,4.01,6.21,0.4284,2.59,0
V00669,cargo,3,17.64,6.65,11.15,11.91,19.09,9.37,0.9218,3.2,0
V00670,cargo,5,17.75,0.61,26.45,6.99,1.62,8.57,0.7866,8.93,0
V00671,cargo,11,12.69,0.32,35.44,8.41,5.0,7.12,0.8907,7.57,0
V00672,cargo,2,9.25,3.21,18.85,7.09,20.81,7.4,0.4673,0.24,0
V00673,cargo,8,9.53,4.6,9.34,4.97,13.18,11.74,0.545,4.7,0
V00674,cargo,3,12.14,0.41,9.52,8.6,14.94,11.43,0.4635,1.17,0
V00675,cargo,6,7.57,9.81,5.61,5.42,2.75,5.84,0.796,4.74,0
V00676,tanker,9,10.97,0.14,8.05,3.49,4.36,7.05,0.9044,0.77,0
V00677,tanker,1,10.43,3.23,5.57,8.14,5.47,6.24,0.4609,3.76,1
V00678,tanker,9,12.14,8.12,7.68,10.34,7.91,10.25,0.5913,13.22,0
V00679,passenger,11,12.54,6.31,26.54,8.83,7.87,11.41,0.6132,1.07,0
V00680,cargo,2,8.47,3.01,5.04,9.06,10.21,7.24,0.5733,4.05,0
V00681,cargo,12,10.76,6.57,5.13,5.44,9.61,10.37,0.2768,4.73,0
V00682,container,1,7.94,9.45,21.29,5.32,6.5,11.4,0.8085,0.24,0
V00683,cargo,3,8.44,7.8,4.71,13.82,8.16,12.83,0.4049,3.37,0
V00684,passenger,9,19.22,5.62,7.85,5.0,2.02,4.42,0.9705,6.04,0
V00685,tanker,11,10.51,7.43,1.68,5.94,3.37,7.51,0.3391,15.39,0
V00686,container,3,13.2,5.1,5.0,4.19,9.9,11.25,0.3732,4.88,0
V00687,container,9,6.85,1.87,14.3,8.68,10.87,8.79,0.633,5.27,1
V00688,cargo,1,13.64,6.88,10.9,8.85,4.23,8.3,0.5835,7.47,0
V00689,container,3,13.56,4.65,5.72,3.82,6.12,8.99,0.6543,12.76,0
V00690,container,8,10.96,0.89,7.54,10.46,4.41,7.65,0.4224,3.45,0
V00691,cargo,3,16.11,7.93,4.01,6.9,20.92,13.38,0.7369,1.88,0
V00692,container,9,11.24,12.75,6.43,7.76,6.42,9.94,0.5736,9.59,0
V00693,tanker,9,9.57,8.53,18.74,8.21,1.92,7.03,0.3906,2.74,0
V00694,passenger,9,13.55,5.38,6.43,4.95,13.16,11.89,0.1922,4.62,0
V00695,tanker,8,9.84,0.72,12.96,6.52,10.97,7.32,0.5301,4.57,0
V00696,passenger,8,9.93,2.93,6.89,6.08,14.52,9.18,0.8011,7.09,0
V00697,cargo,5,7.59,0.58,9.99,10.15,8.54,8.51,0.5876,9.89,0
V00698,cargo,2,9.9,7.96,12.28,8.44,15.68,7.93,0.1841,1.67,1
V00699,cargo,7,9.98,7.39,6.33,2.01,13.94,5.98,0.4996,0.74,0
V00700,cargo,1,11.95,9.33,6.26,10.12,6.97,4.0,0.5103,8.8,0
V00701,container,6,13.34,3.78,2.61,7.55,5.33,10.04,0.6161,4.31,0
V00702,cargo,10,8.47,1.84,2.72,5.36,13.18,12.28,0.3684,1.77,0
V00703,container,4,15.0,2.97,5.5,9.15,10.79,15.0,0.7541,4.57,0
V00704,cargo,1,10.59,0.85,13.18,8.16,5.16,10.27,0.4593,6.07,0
V00705,passenger,4,13.54,1.2,11.15,9.23,10.19,8.31,0.486,3.23,0
V00706,passenger,9,12.01,0.91,5.52,7.28,8.65,10.63,0.5394,12.26,0
V00707,passenger,2,12.61,0.91,5.92,8.46,8.12,3.04,0.2784,4.81,0
V00708,cargo,2,11.0,0.56,7.86,11.27,9.13,9.86,0.5133,2.97,0
V00709,container,11,8.78,2.26,10.28,8.72,14.64,5.14,0.4229,0.57,0
V00710,container,5,4.81,10.53,5.2,7.02,10.65,12.73,0.4396,4.17,0
V00711,tanker,8,15.11,0.44,7.15,2.77,9.8,9.77,0.5954,1.78,0
V00712,tanker,9,11.56,5.21,4.88,4.05,9.01,6.58,0.4263,18.99,0
V00713,container,11,19.82,9.03,12.72,3.54,11.24,13.12,0.5049,1.5,0
V00714,cargo,2,16.78,3.22,19.25,9.87,2.18,10.46,0.3638,0.62,0
V00715,tanker,3,5.75,4.8,7.58,5.05,13.48,9.78,0.5013,3.24,0
V00716,cargo,4,12.38,1.14,10.24,7.48,8.86,9.37,0.8922,10.82,0
V00717,cargo,12,8.42,4.46,16.22,4.38,7.0,0.3,0.9664,0.06,0
V00718,cargo,6,9.4,5.33,10.42,6.47,4.77,8.0,0.8939,1.97,0
V00719,container,3,20.01,4.51,9.44,6.63,20.67,5.89,0.8776,2.41,0
V00720,container,6,8.3,2.0,5.8,9.6,2.66,12.99,0.4011,3.48,0
V00721,container,1,9.51,3.65,42.94,3.85,18.4,7.09,0.4752,1.71,0
V00722,container,12,11.48,9.46,6.88,7.34,8.79,12.59,0.7865,7.5,0
V00723,container,1,10.31,2.73,9.64,4.44,2.19,7.83,0.3248,0.86,0
V00724,cargo,9,4.86,4.01,10.45,7.42,10.03,5.96,0.5078,0.83,0
V00725,passenger,1,14.61,9.1,5.11,11.35,11.39,4.85,0.4358,40.33,0
V00726,tanker,11,9.03,3.03,8.9,3.59,7.22,8.92,0.6223,7.85,0
V00727,cargo,8,10.7,0.83,4.23,9.28,20.51,4.58,0.4728,14.98,0
V00728,cargo,9,10.67,10.42,19.73,4.91,12.11,10.35,0.4804,1.02,0
V00729,cargo,8,15.19,16.18,18.99,9.85,10.1,5.86,0.7069,3.96,0
V00730,passenger,3,13.1,4.38,12.67,8.27,9.58,9.2,0.6901,3.2,0
V00731,passenger,4,19.36,5.14,48.55,7.24,1.92,6.36,0.7438,1.04,0
V00732,cargo,2,15.29,7.76,13.25,7.98,6.12,14.62,0.7661,1.94,1
V00733,passenger,10,12.42,0.33,7.58,7.8,8.86,15.0,0.4367,25.08,0
V00734,container,5,11.37,5.56,9.5,8.73,6.72,5.4,0.2981,14.86,0
V00735,cargo,9,12.73,1.14,17.11,4.36,15.89,12.05,0.593,0.03,0
V00736,passenger,5,14.83,18.96,15.99,7.06,18.32,10.98,0.8208,4.83,0
V00737,cargo,8,14.18,5.39,14.2,4.36,5.46,12.02,0.4964,0.92,0
V00738,tanker,7,10.62,6.6,24.52,7.93,9.1,3.65,0.6095,10.76,0
V00739,cargo,6,15.38,1.75,6.47,1.76,21.91,7.95,0.3322,2.83,0
V00740,passenger,12,10.01,1.57,7.25,6.57,11.49,3.36,0.7212,6.19,0
V00741,tanker,4,14.76,1.4,5.18,9.1,1.81,10.32,0.5261,12.97,1
V00742,container,6,12.98,9.2,24.64,7.09,16.75,13.36,0.7389,5.79,0
V00743,cargo,11,12.81,8.74,6.82,4.24,9.47,4.3,0.5388,5.54,0
V00744,container,6,17.12,4.2,2.7,4.78,12.19,8.8,0.6145,2.47,0
V00745,container,8,10.51,1.73,4.8,7.96,27.02,9.4,0.5852,1.75,0
V00746,tanker,2,12.19,4.55,7.76,9.07,8.81,12.32,0.6124,0.23,0
V00747,tanker,4,16.69,3.49,16.19,6.95,10.77,6.36,0.6173,5.25,0
V00748,container,11,16.67,0.66,10.86,3.16,13.5,9.7,0.7135,4.14,0
V00749,cargo,1,11.95,9.49,9.6,10.64,14.32,15.0,0.0629,5.89,0
V00750,passenger,10,11.73,12.75,12.31,6.21,1.55,5.44,0.6584,0.75,0
V00751,passenger,4,17.77,0.76,4.76,4.13,28.28,10.54,0.8764,7.93,0
V00752,cargo,2,13.07,2.7,27.67,8.63,10.1,7.6,0.8209,9.0,0
V00753,cargo,8,13.0,0.06,4.48,9.0,17.51,7.38,0.6284,0.21,0
V00754,cargo,1,8.69,0.62,10.36,9.21,1.73,9.93,0.534,2.38,0
V00755,cargo,9,12.51,6.41,6.92,6.65,10.38,10.5,0.1463,9.17,0
V00756,container,10,10.02,0.42,13.01,6.69,1.31,8.78,0.6672,8.1,0
V00757,container,4,12.23,5.54,57.97,11.29,11.16,8.63,0.4589,0.78,0
V00758,tanker,9,7.79,3.17,8.92,4.55,17.05,8.28,0.3141,1.9,0
V00759,cargo,5,8.86,0.47,7.82,9.17,7.19,9.75,0.1737,11.81,0
V00760,tanker,12,11.12,5.56,5.67,7.16,10.66,8.88,0.7228,1.46,0
V00761,container,3,10.36,3.5,45.13,7.68,13.86,6.17,0.1918,0.84,0
V00762,tanker,12,11.92,2.52,6.97,6.8,8.44,5.67,0.7026,1.01,0
V00763,cargo,5,17.74,4.85,5.86,6.36,7.23,6.51,0.3347,0.85,0
V00764,tanker,10,17.64,2.84,14.92,7.91,8.25,12.36,0.6855,3.21,0
V00765,cargo,5,9.99,12.61,16.09,4.77,3.87,9.3,0.7717,6.31,0
V00766,cargo,10,15.65,4.7,25.23,8.52,22.69,9.35,0.5168,0.6,0
V00767,cargo,2,6.26,7.15,7.08,5.89,7.57,11.85,0.3116,3.75,0
V00768,cargo,6,12.83,3.67,4.53,7.34,8.11,8.86,0.863,0.33,0
V00769,tanker,7,10.01,5.03,4.11,6.4,26.0,8.05,0.3756,1.49,0
V00770,container,10,8.23,0.6,3.9,9.88,2.1,7.55,0.4369,0.93,0
V00771,container,10,7.7,1.97,5.49,4.2,3.71,11.16,0.8001,0.93,0
V00772,container,1,9.92,9.84,5.0,6.14,7.03,10.55,0.5475,2.07,0
V00773,container,11,8.64,1.58,14.63,6.09,8.99,5.56,0.477,4.59,0
V00774,passenger,6,9.23,3.58,24.02,10.91,2.39,12.28,0.2913,0.68,0
V00775,tanker,5,9.94,5.51,12.02,2.36,22.01,5.72,0.5815,4.9,0
V00776,container,9,11.62,5.87,9.84,10.37,11.03,8.31,0.697,0.22,0
V00777,container,12,6.38,8.22,19.18,9.75,4.96,10.5,0.3695,0.91,0
V00778,container,11,12.68,2.98,5.1,5.26,18.41,9.86,0.3679,0.01,0
V00779,passenger,9,9.67,4.74,21.36,8.76,3.08,6.87,0.737,0.28,0
V00780,tanker,11,12.5,4.96,6.44,5.79,8.28,10.62,0.3953,12.15,0
V00781,passenger,6,17.89,5.56,11.46,5.26,5.1,10.83,0.4795,3.97,0
V00782,container,3,10.32,6.88,20.14,3.39,2.79,10.97,0.1697,0.29,0
V00783,passenger,10,10.15,14.99,18.78,6.77,16.68,9.45,0.478,0.52,0
V00784,tanker,7,12.17,2.72,10.03,10.28,22.4,9.96,0.6271,0.42,0
V00785,tanker,12,8.48,4.42,9.2,9.78,6.59,6.58,0.7258,1.02,0
V00786,tanker,5,7.32,1.88,14.44,8.34,8.43,14.53,0.5796,1.38,0
V00787,container,10,9.96,6.51,7.25,7.8,11.25,7.22,0.776,4.05,0
V00788,container,3,15.49,11.24,20.78,6.95,2.69,11.45,0.5214,1.04,0
V00789,passenger,3,11.79,5.16,19.86,8.65,5.11,5.64,0.7808,7.86,0
V00790,container,2,10.4,10.82,6.79,7.01,18.6,11.22,0.5232,4.03,0
V00791,container,2,11.06,9.2,2.89,4.55,13.47,7.07,0.5943,5.19,0
V00792,container,8,8.96,3.62,17.21,6.06,8.33,8.11,0.5157,6.54,0
V00793,tanker,8,13.17,0.78,4.52,11.98,5.88,10.65,0.4582,0.4,0
V00794,passenger,3,9.51,6.79,15.39,6.85,14.21,13.2,0.6198,13.84,0
V00795,container,2,13.16,8.21,21.71,7.52,8.99,0.9,0.081,1.56,0
V00796,tanker,2,15.84,6.52,40.55,8.26,2.6,9.81,0.5483,5.67,0
V00797,cargo,1,9.35,12.98,10.87,4.46,8.67,9.26,0.2623,0.4,0
V00798,passenger,10,15.13,7.41,5.04,5.4,6.18,6.43,0.2544,4.3,0
V00799,container,4,6.84,16.02,7.87,7.42,4.56,10.11,0.5434,2.2,0
V00800,passenger,8,10.25,3.41,1.88,4.97,5.05,9.55,0.2166,0.63,0
V00801,container,8,8.65,6.87,22.68,8.78,4.72,7.04,0.319,0.38,0
V00802,container,8,7.11,2.21,5.64,5.59,10.03,10.28,0.7105,9.28,0
V00803,passenger,5,12.06,15.29,3.22,7.89,11.81,7.54,0.5383,0.65,0
V00804,tanker,2,7.31,1.63,4.54,8.62,7.8,9.04,0.2519,1.57,0
V00805,container,11,11.87,1.45,7.58,10.44,2.42,6.22,0.3108,0.92,0
V00806,tanker,9,10.72,1.35,16.95,10.2,3.97,12.86,0.644,0.12,0
V00807,container,8,9.34,4.6,11.67,7.61,27.73,10.76,0.3922,4.35,0
V00808,container,5,13.47,3.94,13.14,2.38,5.52,7.11,0.222,21.7,1
V00809,cargo,6,11.04,8.21,41.94,8.67,7.56,6.51,0.6594,3.97,0
V00810,cargo,6,12.13,12.22,7.15,7.34,21.42,9.56,0.9451,1.58,0
V00811,passenger,9,7.2,1.98,6.07,10.64,9.82,7.35,0.5903,1.66,0
V00812,passenger,8,14.03,1.5,3.83,7.43,5.16,3.39,0.0948,1.7,0
V00813,container,1,10.08,0.84,1.47,7.58,23.59,3.38,0.1501,0.69,0
V00814,container,4,9.85,4.43,3.93,9.15,2.42,10.44,0.8555,8.4,0
V00815,cargo,11,11.45,1.4,5.56,9.35,9.39,12.69,0.5794,5.56,0
V00816,cargo,2,8.63,11.38,15.78,7.24,0.8,9.56,0.6562,0.13,0
V00817,cargo,4,16.67,1.57,3.3,7.51,3.35,6.77,0.5231,0.64,0
V00818,container,8,12.98,2.82,72.58,6.44,8.62,10.17,0.8258,1.36,1
V00819,container,4,14.0,3.84,10.11,6.87,8.03,10.05,0.7405,14.99,0
V00820,tanker,10,4.74,6.01,24.33,6.18,7.56,7.15,0.724,9.71,0
V00821,cargo,12,18.51,4.22,8.83,4.89,11.72,6.12,0.5636,2.63,0
V00822,cargo,11,14.35,14.2,15.25,9.21,5.22,14.56,0.5824,5.57,0
V00823,container,12,11.12,5.92,5.18,8.17,19.0,6.84,0.8076,15.89,1
V00824,passenger,7,11.1,3.99,8.25,8.29,10.51,6.62,0.4938,11.69,0
V00825,cargo,10,11.94,9.58,5.45,5.79,7.09,9.32,0.5276,0.99,0
V00826,cargo,2,11.37,8.43,9.49,10.7,15.61,10.34,0.3126,1.97,0
V00827,cargo,8,13.63,6.64,10.73,5.11,2.44,12.53,0.7427,2.08,0
V00828,container,2,8.91,9.13,8.23,12.51,1.39,6.68,0.2363,0.54,0
V00829,tanker,11,9.64,12.35,8.47,5.64,7.54,7.72,0.8791,4.14,0
V00830,tanker,10,9.33,1.82,11.78,4.31,16.36,7.2,0.2905,1.55,0
V00831,tanker,3,8.41,3.09,9.25,5.94,3.69,11.51,0.307,2.25,0
V00832,passenger,12,14.14,2.16,9.49,8.42,1.48,6.52,0.9,0.44,0
V00833,cargo,4,12.58,1.34,10.43,8.44,6.92,11.07,0.809,8.33,0
V00834,passenger,10,10.27,5.59,4.6,8.62,13.13,7.87,0.2632,0.68,0
V00835,tanker,6,13.98,5.62,18.39,8.19,11.85,11.66,0.341,4.52,0
V00836,tanker,5,12.81,7.1,34.16,6.43,20.16,8.68,0.2767,4.84,0
V00837,passenger,9,6.19,0.1,5.98,6.92,2.28,11.96,0.4581,7.22,0
V00838,cargo,1,4.39,7.3,8.92,8.38,7.68,7.4,0.616,0.93,1
V00839,tanker,3,10.66,1.45,5.83,8.62,12.96,6.32,0.7296,2.18,0
V00840,cargo,3,11.57,0.0,15.96,6.6,4.99,11.09,0.5641,0.67,0
V00841,tanker,8,10.38,0.41,1.93,7.71,4.92,9.42,0.8499,2.88,0
V00842,cargo,9,7.96,14.78,8.0,7.05,9.57,7.97,0.4593,5.41,0
V00843,container,11,14.11,1.25,50.18,9.86,10.99,13.97,0.6209,2.6,0
V00844,cargo,11,14.76,1.13,5.35,4.36,2.7,5.95,0.4527,0.22,0
V00845,container,10,10.66,0.14,4.53,7.92,2.81,13.88,0.5767,7.88,0
V00846,cargo,7,15.32,11.35,8.0,5.43,10.63,11.1,0.4813,3.23,0
V00847,cargo,9,16.59,8.58,5.69,7.76,1.68,15.0,0.0044,0.9,0
V00848,cargo,11,15.04,1.96,8.67,8.9,1.7,9.83,0.2048,0.95,0
V00849,cargo,10,8.87,0.31,18.23,5.74,11.7,8.67,0.5544,1.33,0
V00850,passenger,10,9.35,2.47,7.82,7.61,3.52,5.35,0.1233,0.61,0
V00851,cargo,9,11.86,6.07,5.93,6.55,0.55,0.98,0.2246,3.99,0
V00852,cargo,7,9.31,4.75,1.3,7.1,10.65,5.15,0.5221,1.14,0
V00853,container,12,9.1,15.07,6.51,8.79,5.66,7.85,0.3924,0.16,0
V00854,container,2,16.34,1.48,4.47,7.13,3.1,10.13,0.4345,4.79,0
V00855,tanker,1,15.55,14.32,2.7,8.88,10.15,9.54,0.3337,4.03,0
V00856,cargo,5,15.78,4.29,12.6,7.35,10.6,9.86,0.2744,0.95,0
V00857,passenger,10,9.42,0.92,6.37,8.73,5.9,12.29,0.3419,0.23,0
V00858,cargo,4,16.6,5.52,8.88,6.59,20.7,7.94,0.6067,7.28,0
V00859,cargo,10,14.95,1.85,4.57,6.43,4.91,12.62,0.79,1.2,0
V00860,cargo,4,4.68,3.91,10.07,5.41,5.63,9.1,0.17,24.98,0
V00861,container,1,8.86,10.82,7.64,7.3,17.27,7.34,0.7246,3.39,0
V00862,cargo,11,9.68,9.5,5.07,7.1,4.41,4.9,0.2763,0.11,0
V00863,container,1,17.09,5.49,33.27,8.05,10.67,6.34,0.5871,6.0,0
V00864,cargo,12,13.22,6.94,9.81,9.52,7.1,4.97,0.6632,4.57,0
V00865,cargo,4,10.81,5.47,24.7,10.24,9.15,10.56,0.5518,10.09,0
V00866,passenger,4,8.35,6.35,5.27,6.83,3.67,6.65,0.4258,2.46,0
V00867,cargo,12,3.11,8.61,3.81,5.6,8.69,11.08,0.3214,5.48,0
V00868,container,6,10.8,0.7,5.3,7.56,15.64,13.47,0.2867,4.0,0
V00869,cargo,5,12.4,4.18,3.72,5.07,4.71,5.71,0.7245,2.84,0
V00870,cargo,2,9.84,6.72,8.56,1.89,10.85,9.15,0.7074,1.89,0
V00871,cargo,5,12.19,2.35,8.22,8.43,6.21,10.04,0.8926,5.18,0
V00872,cargo,4,13.73,4.88,6.24,6.75,16.8,14.37,0.8174,5.16,0
V00873,container,4,15.76,1.69,53.1,9.09,1.27,2.4,0.3491,2.95,0
V00874,cargo,3,5.76,3.1,26.44,7.91,2.67,8.76,0.2688,1.12,0
V00875,cargo,6,9.94,6.03,31.13,8.03,7.13,6.28,0.4386,6.11,0
V00876,tanker,2,18.76,2.79,41.74,7.36,8.44,11.43,0.4666,2.82,1
V00877,passenger,2,11.25,5.5,10.33,11.35,4.45,10.28,0.4974,7.01,0
V00878,container,5,11.77,2.41,11.29,8.17,9.01,15.0,0.9105,7.61,0
V00879,cargo,9,13.52,1.52,10.17,4.65,15.32,12.18,0.7088,1.8,0
V00880,tanker,7,7.06,0.61,22.55,5.94,7.28,6.54,0.492,2.95,0
V00881,passenger,6,7.95,0.89,2.94,3.36,9.04,10.43,0.1531,6.3,0
V00882,tanker,6,12.58,1.34,7.0,4.4,5.98,10.32,0.197,5.92,0
V00883,tanker,2,15.39,13.21,4.43,4.78,11.76,13.72,0.1889,3.07,0
V00884,container,6,9.84,12.67,4.82,5.31,8.55,15.0,0.73,12.12,0
V00885,container,4,5.99,2.88,7.85,5.0,12.55,9.07,0.1966,1.87,0
V00886,container,9,12.43,10.02,8.03,3.91,11.82,7.68,0.8311,7.74,0
V00887,cargo,4,12.21,8.29,8.23,6.88,4.38,3.36,0.4526,1.37,0
V00888,container,10,8.23,6.96,13.46,7.68,6.5,7.1,0.4511,5.45,0
V00889,cargo,2,6.81,9.91,14.64,4.96,15.01,8.43,0.4746,1.97,0
V00890,container,7,19.42,4.07,14.94,4.17,6.97,10.56,0.1414,7.9,0
V00891,container,6,18.14,9.42,12.24,5.44,7.71,12.07,0.729,13.39,0
V00892,tanker,8,5.81,8.83,12.79,8.47,9.38,7.15,0.6819,3.46,0
V00893,tanker,3,17.11,6.6,7.61,7.55,8.49,6.36,0.3802,1.69,0
V00894,tanker,3,13.78,8.09,5.71,10.75,10.41,10.13,0.2174,0.45,0
V00895,cargo,5,4.5,7.47,21.61,10.04,2.84,2.95,0.5706,8.56,0
V00896,cargo,6,13.51,7.74,16.64,4.47,3.11,7.88,0.6294,1.01,0
V00897,container,9,10.39,6.32,21.4,11.62,3.52,8.41,0.6728,6.73,0
V00898,tanker,7,12.72,4.47,13.86,9.17,5.63,3.67,0.73,4.12,0
V00899,cargo,11,16.19,3.67,5.5,8.43,2.47,7.7,0.8277,1.7,0
V00900,passenger,12,15.91,4.31,16.43,10.06,21.72,10.94,0.462,5.37,0
V00901,cargo,7,9.76,1.44,6.07,7.13,12.8,7.26,0.2073,1.2,0
V00902,container,5,6.98,8.75,3.7,9.36,1.9,10.48,0.1522,6.41,0
V00903,container,8,13.69,4.84,12.81,8.12,13.71,8.76,0.7906,3.38,0
V00904,tanker,5,12.58,0.87,3.2,6.3,10.81,9.88,0.6877,7.69,0
V00905,cargo,8,10.51,1.74,2.35,7.67,5.02,7.19,0.6824,3.08,0
V00906,container,2,11.86,1.04,6.42,7.66,3.31,9.25,0.3474,0.08,0
V00907,container,9,8.56,3.54,16.56,7.6,13.43,6.76,0.3321,1.9,1
V00908,cargo,2,10.82,0.67,12.19,8.11,11.67,5.76,0.5178,4.06,0
V00909,container,6,8.57,1.63,38.16,10.72,21.3,5.85,0.5686,0.15,0
V00910,tanker,4,16.55,5.43,13.09,10.04,7.56,9.16,0.3134,6.91,0
V00911,container,11,13.84,2.76,9.81,7.17,11.78,9.92,0.7005,7.06,0
V00912,passenger,6,17.11,4.01,12.69,6.79,7.53,7.75,0.3733,5.49,0
V00913,container,9,5.47,2.85,10.84,8.05,7.12,14.98,0.1964,4.34,0
V00914,cargo,12,14.46,0.43,9.51,9.07,5.53,5.55,0.7938,0.79,0
V00915,cargo,8,3.79,3.19,2.42,8.55,5.51,13.17,0.2329,2.4,0
V00916,passenger,11,13.46,5.69,13.66,9.17,10.2,8.19,0.5732,12.53,0
V00917,container,4,15.72,10.96,18.74,7.94,17.57,9.85,0.522,0.65,0
V00918,passenger,12,11.29,6.7,6.66,8.18,10.6,11.38,0.6009,3.2,0
V00919,container,12,10.61,5.12,22.65,8.25,1.56,8.92,0.7685,12.55,0
V00920,tanker,3,6.9,12.04,7.84,6.82,4.42,12.78,0.4458,2.63,0
V00921,tanker,2,9.21,0.95,6.71,9.92,15.0,10.9,0.2134,7.16,0
V00922,container,6,13.94,4.58,7.22,7.06,3.39,4.45,0.6412,5.8,0
V00923,passenger,12,15.89,12.48,40.5,9.31,17.03,7.16,0.271,1.52,0
V00924,cargo,8,16.81,4.85,13.32,5.9,1.75,8.86,0.4585,0.74,0
V00925,container,1,10.66,3.35,6.85,10.45,17.88,9.65,0.156,10.92,0
V00926,container,8,10.09,0.84,1.2,6.52,5.76,9.78,0.81,2.78,0
V00927,cargo,3,12.04,1.35,10.4,6.48,15.46,7.04,0.4224,6.19,0
V00928,cargo,4,12.45,4.05,29.28,7.01,3.74,7.08,0.8547,2.96,0
V00929,tanker,1,10.43,0.62,3.07,7.39,12.56,8.66,0.7143,0.12,0
V00930,cargo,4,7.03,1.66,12.58,4.92,2.52,7.91,0.6035,2.77,0
V00931,container,2,11.91,0.02,10.24,10.84,4.24,11.0,0.4437,0.25,0
V00932,container,4,12.18,5.61,10.45,8.13,11.65,10.01,0.544,3.71,0
V00933,cargo,9,11.29,14.2,4.11,8.53,8.09,8.6,0.4607,11.54,0
V00934,container,10,16.28,6.37,14.69,6.56,6.36,8.74,0.4702,6.7,0
V00935,passenger,1,12.5,2.86,5.72,9.08,11.48,7.08,0.38,0.17,0
V00936,tanker,5,10.27,6.17,20.96,10.15,6.77,6.34,0.3964,2.13,1
V00937,cargo,3,8.4,1.35,16.22,9.21,5.88,10.91,0.6684,4.14,0
V00938,cargo,1,11.26,1.88,7.14,4.74,7.65,9.41,0.081,0.8,0
V00939,cargo,12,10.79,1.13,13.46,2.16,7.73,12.89,0.7453,0.97,0
V00940,cargo,4,14.21,3.08,1.94,7.67,5.39,5.17,0.685,0.41,0
V00941,passenger,5,10.8,1.84,2.45,9.94,3.85,5.53,0.2572,4.66,0
V00942,tanker,6,5.8,4.1,5.82,3.41,8.71,8.71,0.6907,6.53,0
V00943,container,6,10.98,12.49,5.86,11.15,1.6,8.9,0.4454,4.67,0
V00944,container,5,10.29,5.33,11.9,6.73,12.62,8.69,0.2356,0.51,0
V00945,tanker,4,10.75,10.14,5.78,8.47,4.38,10.0,0.3647,4.51,0
V00946,cargo,10,16.14,10.91,5.46,7.08,3.29,7.97,0.6861,2.46,0
V00947,cargo,3,6.59,10.63,5.15,1.2,6.09,11.57,0.8078,4.6,0
V00948,container,9,7.84,6.52,15.81,6.69,7.45,13.82,0.7404,0.51,0
V00949,cargo,6,12.6,4.88,3.33,4.43,5.12,6.61,0.3388,2.01,0
V00950,cargo,10,10.91,1.08,27.75,5.54,10.11,11.1,0.5976,4.76,0
V00951,container,4,15.04,3.44,11.68,8.49,2.64,6.65,0.4698,0.24,0
V00952,container,9,12.61,1.52,2.69,7.6,3.54,5.66,0.7786,0.03,0
V00953,container,8,10.48,0.38,8.88,8.86,2.32,8.92,0.5563,0.54,0
V00954,container,4,10.46,5.6,5.58,7.04,4.41,6.0,0.5365,2.05,0
V00955,container,3,11.63,0.6,8.96,10.08,5.46,14.54,0.2132,1.71,0
V00956,passenger,7,16.71,6.59,21.57,4.3,11.29,6.5,0.5557,1.57,0
V00957,tanker,8,16.39,4.15,9.68,7.08,5.52,9.16,0.2546,1.65,0
V00958,cargo,5,11.18,1.76,15.51,5.32,5.84,7.84,0.0293,1.3,0
V00959,cargo,4,10.01,15.2,10.47,14.47,6.62,10.54,0.3176,10.48,0
V00960,cargo,3,8.94,2.93,13.6,6.51,7.44,10.92,0.2602,7.95,0
V00961,passenger,4,20.1,5.65,8.14,7.79,10.1,13.7,0.6815,3.63,0
V00962,cargo,7,12.85,1.31,9.21,6.5,22.34,13.25,0.5225,1.01,0
V00963,cargo,4,6.61,11.64,14.25,6.0,4.47,8.81,0.7323,0.46,0
V00964,cargo,7,10.22,21.08,15.7,8.77,20.1,6.08,0.5122,13.55,1
V00965,cargo,8,10.63,5.68,2.82,8.44,35.21,8.1,0.3164,1.66,0
V00966,passenger,7,5.6,10.91,8.68,5.27,6.26,8.84,0.6335,7.71,0
V00967,tanker,4,13.58,12.35,2.49,7.66,14.26,4.4,0.7731,1.8,0
V00968,cargo,11,11.73,6.28,15.99,9.86,9.79,5.38,0.7292,7.91,0
V00969,tanker,4,11.1,9.35,2.85,9.6,2.52,12.49,0.5924,0.91,0
V00970,container,8,6.37,8.5,4.48,6.53,14.3,9.05,0.3389,8.88,1
V00971,tanker,9,10.2,6.9,7.61,8.14,7.39,9.38,0.5105,1.03,0
V00972,cargo,11,11.51,7.38,10.72,3.6,17.99,2.51,0.6737,4.64,0
V00973,passenger,9,12.4,2.43,9.94,7.61,6.21,10.02,0.4297,9.47,0
V00974,cargo,6,17.33,6.12,7.13,11.23,7.54,8.25,0.649,2.15,0
V00975,passenger,1,16.12,7.97,2.91,7.44,4.96,10.36,0.0585,6.09,0
V00976,container,10,18.32,9.65,3.53,9.1,7.01,8.44,0.6312,3.64,0
V00977,cargo,4,12.24,4.61,6.21,7.95,1.49,9.18,0.3334,3.31,0
V00978,tanker,2,10.01,0.73,33.29,6.24,8.41,10.17,0.8389,3.47,0
V00979,cargo,7,7.19,3.92,8.42,5.12,7.83,13.85,0.2689,3.23,0
V00980,tanker,2,8.47,3.83,12.33,2.63,4.34,13.56,0.3405,4.93,0
V00981,cargo,3,19.52,3.94,22.2,5.99,8.84,8.04,0.8567,1.03,1
V00982,cargo,1,11.62,4.52,8.7,11.23,6.68,4.26,0.3964,1.08,0
V00983,passenger,3,14.89,2.21,17.67,6.35,3.34,4.88,0.2323,3.8,0
V00984,passenger,7,13.55,1.25,15.93,5.3,3.59,7.2,0.7492,6.12,0
V00985,cargo,12,8.83,2.75,21.82,3.57,15.04,12.37,0.4973,1.95,0
V00986,passenger,10,12.33,16.28,3.76,9.21,4.39,10.3,0.2382,1.5,0
V00987,container,11,10.85,2.32,7.69,5.33,11.77,8.43,0.7089,1.13,0
V00988,passenger,8,1.17,2.88,5.55,5.86,9.99,6.58,0.6846,5.87,0
V00989,container,2,14.02,4.39,3.89,4.2,19.74,8.17,0.3245,1.51,0
V00990,tanker,5,19.17,1.71,8.17,9.78,18.49,3.2,0.705,6.76,0
V00991,container,1,10.68,9.4,35.34,7.7,15.69,7.03,0.2676,11.02,0
V00992,container,8,11.76,2.25,10.37,10.11,6.14,2.24,0.2067,9.16,0
V00993,cargo,10,8.47,8.61,11.57,7.91,9.47,8.98,0.841,0.14,0
V00994,cargo,8,7.01,10.15,5.76,3.44,14.82,4.02,0.601,6.21,1
V00995,container,5,9.67,9.45,8.95,4.23,10.56,12.21,0.4213,6.16,0
V00996,container,3,9.92,1.41,12.13,6.41,11.48,6.92,0.7654,3.58,0
V00997,cargo,2,10.06,0.68,11.85,7.87,2.48,6.3,0.4753,2.16,0
V00998,tanker,5,9.04,0.38,10.04,8.6,24.55,11.92,0.4222,1.88,0
V00999,tanker,7,12.93,1.21,5.84,8.64,8.94,10.65,0.6065,3.32,0
V01000,container,12,10.81,8.56,19.78,9.39,3.66,10.73,0.2358,2.55,0
V01001,container,7,5.58,12.47,3.2,3.99,6.29,5.96,0.1214,6.02,0
V01002,tanker,10,15.39,5.36,13.65,9.56,7.69,7.94,0.5957,16.53,0
V01003,cargo,8,5.59,9.71,17.89,4.68,3.26,7.53,0.1839,4.55,0
V01004,tanker,10,8.18,7.32,5.34,10.77,4.45,8.58,0.8411,0.2,0
V01005,tanker,12,14.23,5.33,10.75,7.78,9.43,9.83,0.654,3.73,0
V01006,container,10,9.76,6.88,10.95,2.85,13.9,12.38,0.5821,6.85,0
V01007,passenger,2,9.28,1.95,7.21,9.05,2.68,10.47,0.5493,6.25,0
V01008,cargo,12,17.15,6.53,8.5,10.08,10.15,9.15,0.0856,1.68,0
V01009,container,1,10.13,1.11,17.1,6.99,23.83,6.16,0.2278,6.43,0
V01010,container,3,10.46,0.83,13.96,6.72,8.51,7.78,0.1758,2.79,0
V01011,container,6,12.21,17.55,4.14,4.8,4.45,15.0,0.2531,1.09,0
V01012,cargo,2,8.43,14.68,9.27,8.59,8.25,7.81,0.3366,2.03,0
V01013,container,1,10.2,9.49,18.85,6.7,9.27,5.03,0.6707,1.68,0
V01014,container,3,16.31,15.29,29.15,7.28,2.01,8.94,0.9371,5.29,0
V01015,container,4,13.01,3.44,3.26,3.23,6.54,14.83,0.5986,4.18,0
V01016,container,9,16.62,10.25,4.17,7.38,7.15,11.34,0.3021,10.09,0
V01017,passenger,11,9.98,9.7,8.38,9.82,5.2,9.17,0.7026,1.27,0
V01018,passenger,3,11.58,4.79,1.76,6.33,4.86,9.21,0.4782,2.69,0
V01019,container,6,12.91,9.36,7.96,6.67,6.78,10.56,0.7195,4.01,0
V01020,container,11,16.59,3.02,3.17,7.01,16.36,6.5,0.7142,5.26,1
V01021,container,11,16.58,0.7,10.07,6.04,15.48,5.31,0.4678,2.97,0
V01022,tanker,4,13.28,4.44,22.06,7.5,9.83,6.99,0.5236,0.67,0
V01023,passenger,7,8.32,5.9,54.54,6.98,7.57,8.3,0.2917,3.62,0
V01024,cargo,6,14.18,4.11,1.66,7.1,8.62,6.55,0.5296,1.08,0
V01025,container,5,11.77,1.37,18.27,5.82,11.45,8.86,0.6754,6.6,0
V01026,passenger,7,11.95,2.56,39.06,7.4,5.56,9.99,0.5414,0.71,0
V01027,cargo,1,10.72,1.85,10.63,5.62,6.01,7.64,0.6424,1.79,0
V01028,container,7,10.93,0.06,6.95,8.04,8.36,9.45,0.6119,3.99,0
V01029,cargo,11,15.53,0.61,5.24,7.72,3.14,8.9,0.4225,5.89,0
V01030,cargo,10,10.41,7.07,4.88,8.17,10.53,9.06,0.2723,0.16,0
V01031,tanker,3,7.34,2.48,9.21,6.4,5.83,5.68,0.8114,10.37,0
V01032,passenger,1,15.71,3.66,10.65,8.96,14.11,8.49,0.4679,3.8,0
V01033,passenger,5,16.89,3.45,17.24,13.7,4.42,9.69,0.145,1.07,0
V01034,container,10,11.37,2.72,11.94,4.72,8.6,9.7,0.7673,10.15,0
V01035,passenger,9,9.35,2.76,3.2,5.88,2.33,5.74,0.6056,3.21,0
V01036,passenger,9,10.14,4.1,10.59,6.2,3.34,8.48,0.9021,0.48,0
V01037,container,4,13.64,7.22,9.84,5.41,11.21,2.77,0.739,2.35,0
V01038,container,2,12.63,10.4,7.71,6.3,10.35,6.95,0.2172,10.15,0
V01039,cargo,11,15.38,2.26,4.86,9.74,2.29,4.64,0.9903,2.7,0
V01040,passenger,11,12.46,5.82,2.06,9.5,6.86,8.42,0.7605,1.07,0
V01041,tanker,11,9.44,1.0,12.8,11.89,32.68,6.1,0.5388,1.74,0
V01042,container,3,4.82,9.9,3.61,8.43,8.54,6.42,0.1195,2.64,0
V01043,container,12,10.18,11.34,26.11,9.08,11.14,8.92,0.7726,0.89,0
V01044,cargo,12,9.65,8.53,6.43,7.5,3.32,3.9,0.5767,3.83,0
V01045,passenger,9,13.94,8.19,14.03,5.65,7.36,7.0,0.4568,0.74,0
V01046,cargo,2,5.25,2.24,26.39,7.67,2.99,11.03,0.7717,0.56,0
V01047,container,12,9.96,1.11,11.91,4.0,5.52,8.77,0.9025,3.9,0
V01048,cargo,6,12.15,7.21,5.85,7.96,13.32,9.15,0.4739,0.88,0
V01049,container,11,8.33,4.31,6.08,10.17,5.29,7.96,0.769,7.12,0
V01050,cargo,11,19.72,2.19,5.43,7.78,6.38,11.59,0.2364,0.46,0
V01051,tanker,5,5.43,9.22,18.37,7.26,4.69,5.88,0.5128,4.97,0
V01052,tanker,4,12.63,8.8,10.13,5.78,15.94,7.01,0.7876,9.13,0
V01053,cargo,11,13.6,7.87,13.9,8.24,6.72,8.17,0.9378,2.57,0
V01054,tanker,8,11.39,9.57,24.73,8.46,3.15,9.46,0.4382,0.96,0
V01055,cargo,5,15.44,1.84,6.47,9.67,3.94,13.99,0.785,14.12,0
V01056,tanker,11,14.87,7.52,14.48,5.74,4.75,9.9,0.4024,0.66,0
V01057,container,10,14.86,6.36,9.76,2.41,3.04,4.32,0.6802,0.13,0
V01058,container,10,7.01,5.16,18.34,7.87,6.6,11.32,0.4067,0.37,0
V01059,tanker,6,10.82,1.97,19.95,7.72,7.31,8.15,0.6753,1.75,0
V01060,container,12,14.81,4.75,8.98,8.96,9.91,15.0,0.562,2.46,0
V01061,container,10,9.35,4.29,6.07,10.83,4.66,9.17,0.5791,3.06,0
V01062,tanker,6,7.26,1.18,17.68,5.46,18.06,9.6,0.143,0.14,0
V01063,cargo,2,12.89,7.74,1.99,6.02,17.16,8.44,0.7478,2.36,0
V01064,cargo,6,11.64,3.78,26.66,8.46,21.6,8.19,0.4838,3.42,1
V01065,container,1,11.44,7.34,16.49,6.82,3.83,13.7,0.8715,1.55,0
V01066,cargo,1,8.22,0.49,14.08,8.16,4.78,13.11,0.307,7.23,0
V01067,passenger,5,20.66,2.06,9.32,8.08,3.2,4.56,0.7856,1.46,0
V01068,cargo,4,5.26,3.57,9.55,7.03,0.85,11.45,0.0782,2.09,0
V01069,container,1,9.87,13.81,2.73,6.24,5.33,7.18,0.6641,4.11,0
V01070,cargo,1,11.69,1.55,15.37,7.48,7.74,11.23,0.6393,1.44,0
V01071,container,12,7.81,3.84,7.56,6.93,9.98,7.88,0.3075,9.28,0
V01072,tanker,1,18.75,4.25,6.97,6.42,2.38,8.77,0.3322,5.8,0
V01073,cargo,12,15.09,7.89,2.9,11.55,9.57,6.91,0.2043,2.43,0
V01074,tanker,3,10.32,4.3,20.62,6.98,2.81,8.04,0.9208,6.21,1
V01075,container,4,4.53,2.36,6.6,7.02,1.47,6.65,0.3986,3.71,0
V01076,container,2,9.68,7.78,2.87,5.72,17.07,4.78,0.2786,0.68,0
V01077,container,12,8.9,2.66,28.2,7.41,7.46,8.56,0.7197,9.9,0
V01078,cargo,7,16.83,11.98,11.08,9.62,14.22,6.69,0.642,0.33,1
V01079,container,9,8.34,4.49,13.09,7.16,2.11,6.2,0.6111,0.31,0
V01080,cargo,5,11.18,2.96,10.71,12.79,3.84,13.61,0.122,3.41,0
V01081,tanker,11,8.09,5.3,2.58,5.86,3.95,10.9,0.4006,4.32,0
V01082,cargo,9,14.4,2.39,20.8,5.7,9.65,3.56,0.4849,5.86,0
V01083,tanker,12,14.33,5.55,5.08,7.07,7.29,8.84,0.5344,0.11,0
V01084,cargo,5,10.19,9.31,7.26,5.47,4.93,11.78,0.6478,3.24,0
V01085,tanker,3,9.98,7.75,5.39,5.98,7.23,10.93,0.3872,0.88,0
V01086,passenger,6,6.23,11.62,57.95,6.39,9.23,7.56,0.5703,1.25,0
V01087,tanker,3,16.58,7.6,5.78,5.87,10.58,1.44,0.4894,0.39,0
V01088,passenger,7,16.01,2.79,6.25,5.84,5.21,6.84,0.5874,0.67,0
V01089,container,12,6.31,1.22,2.64,8.77,4.1,6.72,0.4622,2.5,0
V01090,cargo,6,11.57,1.79,4.17,8.09,5.04,11.62,0.1603,5.11,0
V01091,cargo,2,15.45,0.73,16.31,9.15,3.77,14.64,0.3545,2.34,0
V01092,cargo,2,17.78,2.31,19.47,4.92,9.81,10.64,0.5926,0.24,1
V01093,container,2,6.23,3.81,11.26,8.14,4.62,10.89,0.6382,1.48,0
V01094,cargo,6,8.08,8.33,15.36,6.12,16.37,9.25,0.3908,4.41,0
V01095,passenger,8,4.16,4.17,14.33,9.02,1.44,12.59,0.2996,0.57,0
V01096,cargo,5,14.84,1.43,8.42,10.65,2.95,1.57,0.5858,2.65,0
V01097,container,3,12.78,5.98,19.49,10.53,9.17,14.5,0.843,3.62,0
V01098,tanker,2,15.06,2.12,16.16,6.79,0.14,8.12,0.3682,5.51,0
V01099,tanker,5,13.59,8.95,5.55,7.97,13.84,11.91,0.653,6.34,1
V01100,passenger,7,12.23,6.93,9.92,6.94,10.34,13.23,0.7429,0.32,0
V01101,cargo,12,13.27,2.45,5.68,5.25,13.03,3.02,0.969,3.36,0
V01102,passenger,5,14.08,3.43,4.91,6.88,23.31,7.53,0.5723,1.72,0
V01103,tanker,4,12.75,8.26,10.08,6.56,1.9,14.57,0.3668,1.26,0
V01104,cargo,9,16.1,1.42,4.69,5.37,4.22,14.09,0.7847,5.34,0
V01105,container,4,6.13,0.65,6.95,7.22,21.61,13.78,0.5692,3.26,0
V01106,passenger,1,7.25,1.56,6.03,4.03,2.46,14.9,0.2797,1.15,0
V01107,container,1,4.02,11.01,35.73,10.58,2.29,7.6,0.4979,1.62,0
V01108,tanker,1,6.94,0.12,2.08,7.25,8.34,4.53,0.4334,3.71,0
V01109,container,9,7.89,1.6,14.0,1.92,7.3,10.95,0.7642,8.58,0
V01110,cargo,5,12.03,5.07,4.52,8.03,3.99,6.24,0.6314,4.59,0
V01111,container,10,10.6,0.65,3.24,10.12,8.01,10.72,0.6797,4.64,0
V01112,container,12,11.3,7.61,2.97,6.66,7.03,4.61,0.9011,17.34,1
V01113,container,2,6.05,1.29,15.14,6.73,12.33,7.23,0.7392,15.12,0
V01114,cargo,10,12.77,10.99,1.48,6.29,4.59,5.52,0.1864,10.17,0
V01115,cargo,10,9.97,3.77,3.21,10.79,10.84,5.16,0.6736,1.32,0
V01116,cargo,9,11.71,4.47,6.69,10.3,6.97,5.79,0.3706,0.13,0
V01117,cargo,2,8.19,14.18,12.05,6.94,4.45,9.01,0.5065,4.6,0
V01118,container,5,14.58,2.95,4.52,11.71,6.11,9.9,0.5811,0.84,0
V01119,cargo,9,5.04,6.12,6.13,8.98,13.19,8.29,0.2649,5.13,0
V01120,passenger,8,7.07,0.45,6.89,6.35,6.31,9.37,0.5258,2.82,0
V01121,container,3,9.53,6.82,8.77,2.05,18.2,12.15,0.6261,15.48,0
V01122,passenger,9,4.72,8.68,34.58,5.84,1.66,14.99,0.5987,18.74,0
V01123,container,9,12.77,3.06,20.34,5.65,16.1,5.94,0.1623,4.79,1
V01124,container,5,16.8,0.51,5.26,11.33,8.62,8.33,0.4225,1.27,0
V01125,passenger,1,14.83,4.86,2.43,8.05,7.16,7.07,0.3348,4.62,0
V01126,passenger,10,12.24,18.39,32.0,10.34,9.49,12.4,0.0219,0.82,0
V01127,passenger,9,14.55,3.68,8.76,7.43,16.9,7.49,0.7668,7.16,0
V01128,cargo,9,9.71,5.9,7.04,8.93,2.09,11.67,0.6384,0.75,0
V01129,cargo,3,7.23,10.16,3.96,3.41,7.1,11.12,0.2999,3.55,0
V01130,tanker,3,13.24,18.13,11.68,8.71,8.49,8.24,0.4799,3.29,0
V01131,tanker,12,9.36,2.66,8.8,4.97,15.24,2.65,0.439,0.96,0
V01132,cargo,1,4.65,6.03,11.99,5.62,20.06,7.09,0.2865,1.52,0
V01133,container,8,14.48,10.63,6.92,9.63,12.56,4.74,0.4154,2.73,0
V01134,tanker,8,10.19,1.05,5.2,6.08,3.75,11.75,0.3429,5.45,0
V01135,container,1,8.25,5.46,21.58,7.09,8.28,7.19,0.7387,4.46,0
V01136,container,7,6.1,3.75,5.18,9.51,7.11,11.33,0.2333,0.63,0
V01137,cargo,5,10.97,5.71,11.79,9.18,9.7,10.46,0.748,1.1,0
V01138,tanker,10,12.38,6.01,9.66,7.8,7.19,5.43,0.2769,2.37,0
V01139,cargo,4,10.65,5.16,10.48,8.98,1.74,11.59,0.3946,2.96,0
V01140,cargo,7,10.7,0.82,4.83,9.15,12.02,9.72,0.7686,2.05,0
V01141,cargo,3,7.23,5.31,11.91,6.7,1.35,5.44,0.6546,0.05,0
V01142,cargo,11,18.75,4.17,2.45,7.71,9.54,2.74,0.1264,2.19,0
V01143,cargo,10,12.21,6.94,9.64,7.04,1.73,3.95,0.3555,1.46,0
V01144,cargo,4,12.56,16.8,13.68,6.62,7.43,7.17,0.4878,5.65,0
V01145,container,5,9.64,2.49,7.28,4.76,3.87,10.15,0.4791,0.05,0
V01146,container,11,10.23,10.09,2.48,6.76,8.06,8.9,0.3303,2.19,0
V01147,tanker,6,10.52,2.05,9.9,7.02,1.52,7.89,0.3342,2.46,0
V01148,cargo,1,17.58,7.19,16.19,10.13,4.73,10.2,0.8495,1.92,0
V01149,cargo,7,10.63,1.31,3.85,3.61,10.89,6.84,0.4116,1.05,0
V01150,container,3,10.98,5.23,36.76,9.79,6.41,9.89,0.9362,3.2,1
V01151,cargo,12,9.82,15.41,6.89,4.0,13.77,9.5,0.6271,2.9,0
V01152,container,8,10.88,9.84,36.7,10.6,0.86,11.2,0.5419,13.14,1
V01153,cargo,12,8.05,11.44,11.58,11.0,2.22,8.58,0.6125,1.91,0
V01154,container,11,9.86,1.94,5.88,10.5,10.43,5.79,0.5012,1.65,1
V01155,container,11,16.13,3.05,7.79,8.91,15.96,13.34,0.5957,20.05,0
V01156,passenger,7,8.59,1.11,21.97,7.37,2.96,8.7,0.3733,3.29,1
V01157,container,5,13.14,0.01,10.84,6.48,17.3,5.39,0.2163,3.34,0
V01158,tanker,7,12.54,10.98,14.01,5.39,13.57,10.29,0.2574,2.42,0
V01159,tanker,10,18.9,1.47,9.06,8.53,10.85,9.02,0.1965,3.71,1
V01160,cargo,9,11.08,3.18,4.19,8.66,5.12,10.07,0.5497,1.62,0
V01161,tanker,11,11.42,4.96,5.94,7.96,0.28,7.57,0.7367,1.71,0
V01162,container,1,10.57,10.77,6.37,6.11,8.11,7.92,0.3702,5.63,0
V01163,container,3,9.42,6.27,27.1,9.7,0.46,9.17,0.1859,4.86,0
V01164,container,6,10.96,4.95,16.08,8.95,5.17,7.84,0.0953,3.65,0
V01165,cargo,4,5.62,2.41,6.93,3.81,4.15,9.53,0.8697,4.35,0
V01166,cargo,1,11.02,3.85,8.57,3.04,3.02,10.57,0.3622,10.42,0
V01167,container,3,11.56,5.01,3.17,6.86,13.09,10.06,0.327,2.4,0
V01168,tanker,9,17.5,5.05,23.6,4.05,14.3,15.0,0.3648,1.57,1
V01169,cargo,2,12.9,0.65,6.05,5.37,15.69,8.48,0.4512,10.6,0
V01170,container,9,12.72,2.02,15.14,7.52,6.7,3.56,0.7847,6.91,0
V01171,tanker,9,14.3,2.14,5.12,6.93,2.26,10.52,0.612,0.93,0
V01172,container,11,8.99,5.71,9.92,7.87,2.82,10.47,0.612,0.5,0
V01173,tanker,12,16.98,7.4,9.83,4.01,28.71,9.2,0.7137,0.9,0
V01174,passenger,8,9.68,3.32,2.15,4.53,0.74,13.36,0.8399,0.53,0
V01175,tanker,12,9.15,6.51,7.97,5.61,6.37,10.87,0.2232,1.85,0
V01176,tanker,4,19.83,4.55,6.71,4.44,0.7,9.44,0.7057,2.55,0
V01177,passenger,12,10.73,2.92,14.37,8.53,4.29,10.17,0.584,0.26,0
V01178,container,7,12.65,1.05,1.74,4.78,11.06,9.37,0.4209,0.06,0
V01179,cargo,7,10.0,6.4,5.47,8.07,6.65,6.55,0.4914,3.86,1
V01180,passenger,12,9.74,10.95,7.94,2.96,14.19,7.85,0.3388,1.32,0
V01181,container,2,10.54,7.9,9.91,6.53,10.44,5.26,0.747,3.99,0
V01182,cargo,7,16.94,12.33,2.74,4.93,5.35,5.3,0.4883,8.41,0
V01183,cargo,10,19.84,2.61,2.07,6.39,11.54,4.4,0.7959,0.41,0
V01184,tanker,10,7.35,2.95,9.02,6.55,6.42,13.16,0.5756,0.7,0
V01185,tanker,12,10.45,0.34,3.74,7.71,10.85,8.88,0.8767,3.9,0
V01186,container,4,10.4,2.09,4.78,7.17,6.3,4.05,0.661,3.72,0
V01187,tanker,9,19.85,8.36,32.15,4.34,19.33,8.5,0.7173,3.03,0
V01188,container,5,10.4,7.17,5.49,7.05,14.44,11.64,0.5097,0.45,0
V01189,container,4,2.14,14.88,11.41,5.94,11.96,9.72,0.5753,1.82,0
V01190,cargo,3,4.99,2.33,2.55,8.82,3.81,7.49,0.0286,7.45,0
V01191,cargo,7,8.38,18.94,3.43,4.25,2.97,6.59,0.4874,6.29,0
V01192,cargo,1,13.8,10.44,6.33,7.46,7.88,5.3,0.2537,9.56,0
V01193,container,10,13.7,0.14,4.05,5.24,23.01,5.16,0.7832,4.0,0
V01194,tanker,6,14.4,8.9,9.97,11.61,5.69,4.85,0.2022,10.5,0
V01195,cargo,7,5.91,4.55,9.02,6.21,8.09,7.29,0.2301,2.91,0
V01196,container,1,10.83,0.36,8.15,5.88,7.49,9.1,0.6945,0.01,1
V01197,cargo,11,16.98,5.07,21.38,10.55,6.8,10.18,0.3735,9.19,0
V01198,container,1,12.75,3.19,23.84,7.59,12.7,11.05,0.9415,3.26,0
V01199,container,7,7.47,3.25,27.56,9.04,7.19,8.53,0.4671,12.22,0
V01200,container,2,10.82,2.43,18.21,4.98,11.57,9.32,0.1045,2.9,0
V01201,passenger,8,11.44,2.81,8.33,7.54,8.38,8.92,0.2663,10.05,0
V01202,container,4,6.91,0.57,4.1,7.53,8.19,10.48,0.0995,4.34,0
V01203,tanker,11,11.74,5.52,6.32,3.99,8.24,3.77,0.5391,2.21,0
V01204,cargo,9,12.29,0.05,29.74,6.93,12.24,10.41,0.1337,3.68,0
V01205,container,8,18.46,7.42,10.08,8.12,11.27,7.11,0.8438,10.57,0
V01206,container,11,9.64,4.89,69.68,4.3,14.7,6.87,0.3253,6.91,1
V01207,cargo,4,9.92,0.24,39.68,4.04,3.46,6.35,0.4491,2.36,0
V01208,container,11,18.79,9.87,3.9,6.96,6.22,8.5,0.8838,3.11,1
V01209,container,10,7.69,0.27,5.59,2.4,11.51,12.79,0.4212,2.71,0
V01210,cargo,11,10.5,5.68,12.1,5.62,8.71,3.16,0.0901,2.88,0
V01211,cargo,3,8.17,3.9,21.9,10.75,6.52,6.1,0.685,3.41,0
V01212,tanker,9,12.6,9.42,8.36,7.41,3.62,10.72,0.183,3.24,0
V01213,container,3,4.0,4.15,14.02,8.19,5.92,6.65,0.7508,0.41,0
V01214,cargo,9,5.38,8.59,48.11,4.33,5.0,3.85,0.2326,16.07,0
V01215,tanker,1,14.43,12.84,10.73,7.17,26.57,12.27,0.5595,0.35,0
V01216,cargo,5,10.83,2.19,5.86,6.93,16.53,9.04,0.472,2.59,0
V01217,container,8,16.17,1.66,11.8,10.94,11.39,8.47,0.734,9.04,0
V01218,cargo,4,18.12,8.03,10.21,6.63,14.1,5.2,0.9204,1.63,0
V01219,container,12,9.03,6.0,10.84,5.98,14.11,10.47,0.3702,10.92,0
V01220,tanker,5,12.23,17.18,12.84,6.37,3.42,8.88,0.5374,0.38,1
V01221,container,8,8.28,7.22,7.19,8.57,6.24,8.75,0.639,3.05,0
V01222,cargo,7,13.59,6.66,16.29,10.09,9.49,14.59,0.2459,1.71,0
V01223,tanker,1,10.36,2.01,14.14,9.55,4.53,6.38,0.8111,2.73,0
V01224,container,1,15.05,0.18,4.19,7.68,13.61,10.63,0.8347,3.17,0
V01225,container,3,16.73,3.03,3.96,8.17,6.7,3.35,0.2886,2.55,0
V01226,cargo,10,10.03,2.09,37.63,10.87,16.43,11.73,0.1805,3.69,0
V01227,tanker,5,13.18,4.3,19.78,5.87,5.65,5.56,0.6597,0.5,0
V01228,passenger,10,14.34,3.08,18.14,9.99,7.43,12.94,0.758,0.23,0
V01229,tanker,11,9.55,8.84,33.46,8.0,7.67,10.35,0.4424,0.09,0
V01230,container,12,14.0,3.26,15.58,10.57,16.66,8.96,0.281,5.23,0
V01231,passenger,3,13.42,0.02,7.22,8.79,3.19,6.86,0.6863,11.69,0
V01232,cargo,9,14.58,6.6,11.13,4.31,5.22,13.13,0.2701,0.92,0
V01233,passenger,8,5.8,1.3,13.59,5.99,15.14,7.22,0.7829,3.43,0
V01234,tanker,10,12.65,7.48,4.25,6.48,2.6,1.95,0.6806,8.11,0
V01235,cargo,9,15.7,11.94,5.9,6.16,13.02,9.12,0.529,4.16,0
V01236,cargo,10,9.17,11.36,7.5,9.29,20.73,5.9,0.586,4.7,0
V01237,tanker,9,9.44,5.1,10.58,6.81,24.42,10.37,0.474,1.26,0
V01238,container,2,10.94,7.46,9.83,8.69,8.31,10.78,0.9261,0.65,0
V01239,passenger,12,11.27,6.12,7.97,9.39,16.7,10.69,0.2115,0.78,0
V01240,tanker,11,6.77,3.87,10.95,8.42,34.09,10.64,0.6358,2.06,0
V01241,cargo,2,8.32,2.6,14.41,10.98,16.97,3.44,0.7539,1.88,0
V01242,cargo,7,10.22,1.07,12.83,1.86,10.2,9.33,0.8315,1.41,0
V01243,passenger,2,10.87,6.03,5.49,6.01,25.95,8.19,0.8322,3.95,0
V01244,passenger,5,7.47,6.68,23.11,6.7,24.0,5.3,0.6584,0.48,0
V01245,cargo,8,19.16,3.16,11.06,6.65,7.53,9.01,0.5705,2.08,0
V01246,container,6,10.1,4.58,34.76,7.89,17.25,9.38,0.3807,1.26,0
V01247,passenger,12,8.64,15.7,53.56,7.24,12.89,4.74,0.521,7.27,1
V01248,container,10,10.78,3.88,7.29,6.77,11.47,5.88,0.3249,0.89,0
V01249,cargo,12,9.33,3.36,5.25,7.19,13.45,10.29,0.6953,1.98,0
V01250,tanker,4,14.84,0.4,7.18,9.63,2.58,8.26,0.4732,8.27,0
V01251,cargo,4,15.26,4.06,4.44,9.26,3.02,9.24,0.7514,2.53,0
V01252,cargo,2,6.91,6.05,4.11,3.78,13.36,8.71,0.3521,4.32,0
V01253,cargo,1,14.63,7.08,7.75,9.19,2.91,13.56,0.116,2.69,0
V01254,cargo,12,17.52,4.3,22.73,7.11,9.75,9.49,0.9001,6.12,0
V01255,cargo,2,3.74,3.68,5.15,9.56,15.07,10.53,0.3843,11.15,0
V01256,cargo,5,16.27,17.49,10.12,10.42,12.85,10.29,0.4465,2.95,1
V01257,tanker,10,18.28,4.34,8.13,4.66,6.52,9.98,0.5191,2.14,1
V01258,container,8,6.84,10.57,7.79,5.03,5.54,11.77,0.6025,1.78,0
V01259,container,7,14.39,2.94,12.88,4.9,13.4,12.45,0.1867,4.12,0
V01260,cargo,6,10.37,5.64,37.37,8.04,5.55,7.65,0.6895,1.57,0
V01261,cargo,1,12.34,5.44,8.73,8.15,7.54,9.41,0.5003,13.02,0
V01262,passenger,10,13.08,7.47,10.16,8.42,10.94,8.34,0.795,7.57,0
V01263,cargo,11,10.79,0.12,10.37,3.79,2.11,5.69,0.7711,1.27,0
V01264,cargo,5,4.72,9.6,7.13,5.94,8.68,4.61,0.9171,3.79,0
V01265,passenger,2,14.89,5.98,21.05,7.6,15.61,9.54,0.2045,5.29,0
V01266,cargo,10,12.82,7.52,21.01,6.16,5.22,8.3,0.8537,0.51,0
V01267,cargo,10,15.15,9.58,5.17,5.11,21.38,6.01,0.619,0.65,0
V01268,container,8,14.82,2.39,12.48,8.18,3.7,6.11,0.7431,8.32,0
V01269,cargo,4,15.69,2.54,8.9,5.2,11.7,8.91,0.5111,2.35,0
V01270,container,10,5.91,11.64,12.22,6.19,7.44,6.68,0.7453,0.97,1
V01271,cargo,9,10.02,4.33,16.34,6.3,1.84,11.48,0.643,5.98,0
V01272,tanker,5,14.5,3.03,17.3,8.86,4.62,3.51,0.5466,10.04,0
V01273,cargo,9,12.33,5.38,3.95,9.64,9.82,10.48,0.4304,1.38,0
V01274,container,1,9.5,5.38,8.69,9.49,7.17,9.47,0.8995,11.66,0
V01275,tanker,10,9.77,8.71,3.91,8.2,9.63,15.0,0.5435,7.54,0
V01276,cargo,8,11.85,8.37,4.65,9.36,11.04,9.09,0.6657,0.76,0
V01277,container,2,14.93,9.23,33.17,7.56,5.8,9.63,0.1211,4.9,0
V01278,cargo,12,7.83,3.69,22.61,5.87,13.82,10.21,0.3344,3.83,0
V01279,cargo,1,11.49,2.0,31.92,9.01,4.56,7.93,0.4261,0.29,0
V01280,tanker,6,7.66,5.43,5.66,3.94,18.52,6.48,0.6629,28.12,0
V01281,tanker,8,17.87,5.78,14.8,8.03,15.03,8.41,0.5806,0.74,0
V01282,container,11,11.13,7.17,3.0,8.85,1.26,15.0,0.9385,0.79,0
V01283,passenger,10,9.6,4.19,12.27,11.59,8.29,4.82,0.4981,0.04,0
V01284,passenger,9,12.64,15.49,13.67,8.54,6.73,10.12,0.7094,3.28,0
V01285,container,11,16.53,0.97,13.89,6.78,13.7,9.78,0.8736,8.67,0
V01286,tanker,2,11.91,1.02,4.47,7.72,16.26,3.7,0.6118,1.26,0
V01287,passenger,6,9.54,5.94,8.5,5.74,24.55,3.63,0.2405,0.39,0
V01288,container,7,12.06,9.29,7.16,9.69,0.7,6.13,0.7578,1.59,0
V01289,container,10,9.56,5.4,8.14,9.12,16.84,6.12,0.2714,0.75,0
V01290,cargo,5,9.47,7.89,18.62,8.72,1.28,10.81,0.2206,2.1,0
V01291,tanker,5,12.17,1.57,12.99,8.12,20.58,4.77,0.2353,4.69,0
V01292,tanker,11,10.31,5.23,6.16,6.69,0.95,2.21,0.0823,0.87,0
V01293,cargo,2,14.94,1.13,14.41,6.02,18.21,2.8,0.4708,1.38,1
V01294,cargo,1,14.09,0.98,5.14,7.43,8.1,10.36,0.7,1.06,0
V01295,cargo,10,9.92,0.04,3.32,7.62,3.89,11.29,0.6099,4.24,0
V01296,cargo,3,5.58,8.76,15.39,8.6,8.97,8.63,0.8431,0.66,0
V01297,passenger,2,13.5,3.72,4.08,5.67,8.57,12.03,0.7819,4.26,0
V01298,cargo,8,6.04,7.48,9.72,5.09,17.48,11.38,0.5002,1.49,0
V01299,cargo,3,10.95,1.93,8.18,9.31,13.28,15.0,0.4069,16.37,0
V01300,container,12,9.05,1.38,21.99,10.21,6.09,8.19,0.5625,3.88,0
V01301,cargo,12,9.65,0.84,18.52,6.19,6.9,8.41,0.8539,6.09,0
V01302,container,2,15.24,7.86,42.47,6.28,17.25,8.29,0.1783,1.73,0
V01303,tanker,9,11.11,3.14,25.61,7.28,15.85,8.87,0.1333,6.26,1
V01304,cargo,7,10.35,8.6,18.35,5.05,5.44,7.93,0.7618,3.73,1
V01305,container,3,12.39,9.18,6.03,8.85,3.99,6.37,0.9011,4.87,0
V01306,passenger,10,11.42,4.26,4.48,7.71,8.41,9.56,0.3006,6.0,0
V01307,container,10,5.07,3.5,5.82,7.23,1.06,4.26,0.8455,11.56,0
V01308,passenger,6,7.35,2.54,8.21,9.09,9.29,7.41,0.2834,5.5,0
V01309,cargo,7,8.72,6.6,4.54,4.71,5.37,8.05,0.486,0.6,0
V01310,container,11,9.36,2.34,1.58,9.83,5.69,6.62,0.4181,7.01,0
V01311,passenger,6,11.5,3.69,12.39,9.09,6.39,6.84,0.8282,0.39,0
V01312,container,6,10.51,8.29,21.06,10.86,5.85,7.48,0.7355,8.53,0
V01313,container,4,13.2,9.14,6.17,7.2,3.87,5.26,0.7253,2.09,0
V01314,tanker,5,9.82,7.16,43.65,10.2,13.25,11.34,0.4479,1.68,0
V01315,container,9,13.35,4.68,13.62,9.73,11.15,9.33,0.4475,3.39,0
V01316,cargo,10,13.16,7.15,22.19,7.13,3.75,12.9,0.7931,2.4,0
V01317,tanker,1,7.52,2.96,13.07,9.38,20.4,10.26,0.5503,4.33,0
V01318,container,6,11.68,0.48,13.23,8.54,0.59,8.73,0.5204,1.68,0
V01319,container,8,11.98,4.59,7.55,8.12,19.59,5.73,0.1879,0.16,0
V01320,container,12,15.29,9.82,16.31,7.35,4.92,6.28,0.8839,7.14,0
V01321,cargo,3,11.89,5.51,14.88,8.36,5.01,9.13,0.7862,4.92,0
V01322,container,6,10.79,3.8,1.72,9.57,11.42,3.5,0.5025,2.64,0
V01323,container,10,6.47,0.9,30.25,6.36,15.77,7.21,0.6407,6.52,0
V01324,cargo,12,12.62,0.53,7.55,8.31,4.73,5.45,0.5669,3.33,1
V01325,cargo,7,8.67,2.77,4.02,6.24,3.14,8.69,0.4571,3.98,0
V01326,tanker,5,10.8,5.32,10.94,9.0,7.48,12.29,0.5017,9.85,1
V01327,passenger,11,9.82,10.6,4.42,6.05,12.79,12.13,0.3855,3.29,0
V01328,cargo,9,8.45,6.76,6.28,6.27,5.09,9.92,0.3539,10.41,0
V01329,cargo,12,10.87,6.86,10.7,9.52,11.34,11.86,0.637,8.61,0
V01330,cargo,3,9.58,5.41,5.44,8.85,4.72,6.81,0.3537,4.31,0
V01331,cargo,9,7.34,5.43,23.61,3.01,4.91,10.45,0.4545,6.11,0
V01332,tanker,10,9.39,5.28,6.88,9.55,21.1,8.2,0.5612,15.23,0
V01333,passenger,4,11.01,8.16,8.26,9.21,2.99,5.53,0.6547,2.61,0
V01334,cargo,3,9.9,1.67,11.41,2.74,7.14,7.79,0.297,2.4,0
V01335,container,5,10.76,3.67,12.67,3.29,12.26,7.61,0.9641,3.33,0
V01336,tanker,1,6.04,16.9,9.01,9.86,3.17,9.88,0.6711,0.67,0
V01337,tanker,1,12.46,0.2,7.89,3.89,13.1,13.48,0.3874,4.36,0
V01338,cargo,6,7.82,22.84,18.34,7.67,2.84,8.07,0.3556,0.35,0
V01339,container,9,13.99,3.39,7.29,11.99,12.08,6.04,0.7084,8.75,0
V01340,passenger,6,11.14,0.96,3.52,6.48,13.11,11.02,0.7729,8.4,0
V01341,tanker,1,12.75,2.36,7.41,5.65,15.31,8.46,0.5488,4.1,0
V01342,cargo,12,12.75,4.84,13.69,5.97,6.21,9.03,0.745,4.58,0
V01343,container,12,12.46,7.72,3.34,4.82,7.12,7.0,0.1997,0.89,0
V01344,cargo,8,8.75,6.29,5.31,6.35,0.64,7.36,0.4066,10.23,0
V01345,tanker,9,8.42,7.65,7.16,4.58,3.66,7.44,0.4239,3.14,0
V01346,tanker,11,11.28,1.38,24.0,14.19,1.52,12.23,0.2056,5.34,0
V01347,cargo,7,11.88,4.42,5.29,6.73,5.91,8.23,0.3729,2.4,0
V01348,cargo,8,7.12,7.61,10.75,9.78,16.07,10.56,0.5407,2.35,0
V01349,cargo,2,12.41,0.73,34.97,6.32,10.24,13.49,0.7061,14.06,0
V01350,cargo,9,10.77,2.74,23.34,6.37,5.12,8.52,0.7569,2.54,0
V01351,cargo,9,14.53,12.48,6.19,5.91,2.49,6.91,0.3402,0.69,0
V01352,cargo,6,15.08,2.1,9.35,11.04,15.5,10.09,0.3878,2.47,0
V01353,tanker,7,12.29,1.16,10.57,8.93,8.36,11.5,0.5006,3.76,1
V01354,tanker,4,11.62,16.88,3.37,5.51,6.24,1.91,0.1782,9.31,0
V01355,cargo,1,11.28,3.46,17.91,8.41,9.43,7.41,0.9399,8.94,0
V01356,container,10,9.45,6.34,8.91,7.44,7.1,13.39,0.6639,9.36,1
V01357,cargo,7,8.54,4.74,7.82,6.71,5.77,6.35,0.7547,15.16,0
V01358,cargo,11,8.99,8.14,4.44,9.83,10.45,6.62,0.4987,2.32,0
V01359,cargo,10,9.18,7.05,6.1,8.31,5.39,5.89,0.588,0.62,0
V01360,passenger,7,12.78,2.05,4.77,6.46,0.64,6.89,0.9177,2.54,0
V01361,cargo,2,8.75,8.39,2.65,4.79,4.72,8.18,0.9615,2.49,0
V01362,cargo,7,10.55,3.65,15.36,7.58,6.32,14.03,0.5915,4.18,0
V01363,container,6,11.06,9.07,33.9,9.53,3.52,7.89,0.5583,4.04,0
V01364,tanker,12,10.35,14.31,15.24,7.94,16.74,5.02,0.1834,15.55,0
V01365,cargo,12,11.67,0.95,4.56,10.96,6.67,10.31,0.1606,0.8,0
V01366,container,10,9.7,0.75,7.42,3.98,7.1,9.56,0.9021,4.46,0
V01367,cargo,8,10.87,3.51,7.27,5.39,4.57,6.89,0.4771,1.08,0
V01368,passenger,2,9.65,5.24,7.15,6.39,4.91,5.35,0.5256,2.87,0
V01369,cargo,4,12.25,5.6,10.03,11.67,5.07,6.02,0.2608,9.06,0
V01370,tanker,10,7.17,12.68,10.1,7.28,18.47,10.35,0.5492,1.72,0
V01371,cargo,5,21.17,0.03,5.55,3.34,7.64,11.32,0.411,2.3,1
V01372,tanker,10,9.64,0.34,4.39,6.47,10.56,11.8,0.2427,0.67,1
V01373,container,5,14.12,4.49,18.27,7.38,0.23,7.09,0.7112,2.43,0
V01374,cargo,12,17.68,1.53,3.47,9.3,15.03,15.0,0.93,4.12,0
V01375,passenger,10,9.61,5.26,5.84,6.62,4.22,7.03,0.4492,0.76,0
V01376,passenger,4,11.09,7.12,6.57,12.38,7.45,8.65,0.8702,3.24,0
V01377,container,9,10.45,2.01,23.14,10.2,2.34,6.66,0.3752,5.62,0
V01378,container,11,14.13,2.61,19.26,11.53,5.68,7.48,0.8142,0.98,0
V01379,passenger,4,17.94,1.8,4.26,9.65,6.4,11.97,0.9893,0.98,0
V01380,cargo,2,13.93,1.52,4.61,7.62,4.62,7.15,0.5878,2.33,0
V01381,passenger,6,13.21,10.54,5.01,8.53,9.58,3.84,0.6015,1.87,1
V01382,passenger,4,15.08,3.23,11.51,5.48,5.07,7.1,0.4782,4.52,0
V01383,cargo,4,16.78,7.85,11.27,11.44,12.01,5.99,0.6776,1.52,0
V01384,tanker,5,9.47,0.01,19.32,6.1,2.66,11.19,0.7051,11.22,0
V01385,container,4,13.45,7.94,5.26,7.93,11.11,11.89,0.2711,1.58,0
V01386,tanker,4,11.26,0.3,5.36,11.05,20.84,8.18,0.5549,5.54,0
V01387,tanker,11,13.35,10.11,33.84,2.61,10.53,12.84,0.752,2.1,0
V01388,cargo,11,16.62,15.5,7.82,4.66,9.47,12.98,0.4534,0.33,1
V01389,tanker,11,14.77,2.08,6.16,10.13,10.02,12.22,0.3125,0.74,0
V01390,cargo,3,10.58,8.18,10.28,8.5,10.95,9.01,0.5388,7.14,0
V01391,tanker,11,8.42,0.63,5.94,6.01,7.27,6.1,0.3559,3.7,0
V01392,container,4,11.18,2.91,14.31,5.86,4.33,11.33,0.514,1.42,0
V01393,container,1,13.22,2.6,13.49,10.02,5.99,8.79,0.8885,0.88,0
V01394,cargo,8,7.69,6.26,11.38,4.11,2.67,1.01,0.926,0.61,0
V01395,cargo,10,9.88,7.11,6.16,6.0,14.86,5.39,0.7406,10.57,0
V01396,cargo,5,11.84,0.69,40.08,6.73,5.41,10.64,0.6896,1.37,0
V01397,container,5,8.57,14.67,2.36,7.65,0.94,5.55,0.2807,1.11,0
V01398,container,11,12.5,6.68,26.9,7.49,19.16,8.2,0.4285,0.78,0
V01399,cargo,2,9.86,1.81,4.88,7.48,6.68,7.58,0.5164,3.7,0
V01400,cargo,6,11.09,0.66,1.51,4.13,10.7,15.0,0.5509,1.35,0
V01401,cargo,3,11.79,2.31,38.48,6.92,21.17,1.28,0.4965,8.87,0
V01402,container,4,14.08,14.75,3.74,5.15,5.85,4.44,0.746,0.48,0
V01403,passenger,12,7.7,1.6,8.13,8.6,17.25,11.76,0.5969,0.58,1
V01404,cargo,3,9.22,5.0,19.46,9.65,9.43,12.22,0.398,7.17,0
V01405,container,7,11.06,5.21,14.91,8.47,2.77,3.58,0.7873,5.01,0
V01406,cargo,12,14.43,1.14,20.92,3.65,5.17,10.15,0.5134,2.73,1
V01407,passenger,6,5.83,4.19,11.33,7.84,18.7,7.08,0.5226,2.65,0
V01408,container,12,9.91,8.0,8.24,8.67,5.24,6.14,0.0536,1.19,0
V01409,container,8,12.26,2.28,8.32,5.02,9.9,2.93,0.2006,1.11,0
V01410,tanker,3,10.4,3.03,7.32,4.18,14.85,8.09,0.3067,5.26,0
V01411,cargo,3,12.38,10.99,31.62,7.28,9.76,7.1,0.2196,5.83,0
V01412,cargo,8,12.67,7.17,104.6,8.71,12.3,5.26,0.912,5.0,0
V01413,cargo,4,13.71,3.54,17.17,12.83,3.0,9.05,0.501,2.91,0
V01414,container,3,11.64,2.87,10.91,9.82,4.43,2.95,0.4125,3.13,0
V01415,container,1,11.83,4.28,4.9,9.3,2.81,0.67,0.6291,4.31,0
V01416,passenger,12,11.16,2.79,28.54,10.4,4.65,3.43,0.2806,6.45,0
V01417,tanker,6,15.62,0.57,19.82,2.12,3.84,6.13,0.7009,0.36,1
V01418,container,4,12.37,1.91,10.8,7.93,6.86,10.23,0.7876,2.0,0
V01419,cargo,11,14.34,1.62,19.88,6.27,7.55,7.29,0.194,3.57,0
V01420,cargo,9,11.99,7.02,6.32,5.19,13.68,6.86,0.659,1.04,0
V01421,cargo,6,11.99,3.45,2.47,5.79,2.83,4.63,0.4398,1.34,0
V01422,tanker,3,10.78,7.05,5.17,7.52,15.25,9.74,0.5401,4.02,0
V01423,tanker,9,12.31,6.11,6.93,7.59,6.81,11.99,0.2779,1.04,0
V01424,tanker,11,12.9,0.9,23.72,10.01,19.33,6.47,0.6464,2.63,0
V01425,tanker,2,12.42,9.05,9.94,6.21,10.68,8.47,0.2381,0.09,0
V01426,cargo,8,9.87,5.92,6.41,6.99,6.81,8.97,0.8905,2.7,0
V01427,container,2,8.72,5.0,9.38,11.94,4.29,4.07,0.4444,0.91,0
V01428,cargo,11,11.61,4.41,4.21,9.97,7.11,11.6,0.912,9.22,0
V01429,cargo,8,10.94,5.98,6.21,10.13,5.47,5.03,0.5105,1.51,0
V01430,container,10,16.49,3.44,3.18,10.05,8.76,1.0,0.5636,1.72,0
V01431,passenger,4,14.1,10.97,4.86,5.07,8.76,7.97,0.9417,4.37,0
V01432,container,12,9.36,7.88,61.99,6.74,5.72,10.7,0.2896,11.55,0
V01433,tanker,4,9.38,8.98,4.07,1.61,7.71,8.52,0.2578,1.22,0
V01434,tanker,12,10.89,3.96,8.43,3.38,9.8,11.4,0.2817,2.16,0
V01435,container,4,14.22,0.05,14.85,5.85,12.0,5.08,0.9406,2.91,0
V01436,tanker,12,9.08,9.59,16.52,4.51,5.34,5.65,0.6897,4.04,0
V01437,cargo,3,12.53,11.87,4.45,6.5,6.73,10.45,0.2571,2.97,0
V01438,container,6,8.57,5.04,2.38,4.45,0.52,12.3,0.2846,2.02,0
V01439,passenger,7,13.45,4.45,4.99,7.32,7.34,9.29,0.4711,1.91,0
V01440,tanker,11,7.66,5.38,4.28,5.6,18.48,10.91,0.338,9.0,0
V01441,tanker,4,9.49,0.61,9.63,6.78,6.5,7.49,0.4427,9.18,0
V01442,cargo,3,15.16,6.34,30.75,6.94,9.6,8.06,0.6227,4.01,1
V01443,tanker,4,6.5,0.8,2.81,10.51,1.07,9.42,0.8285,4.32,0
V01444,cargo,7,13.77,5.72,2.84,10.35,1.75,8.82,0.6915,0.51,0
V01445,cargo,7,7.75,15.87,3.62,5.48,4.97,6.92,0.5843,0.09,0
V01446,passenger,10,7.8,4.46,11.18,6.89,8.7,4.29,0.6216,0.74,0
V01447,container,10,13.35,17.2,4.61,4.4,8.13,4.14,0.5401,4.04,0
V01448,container,2,14.47,12.51,10.96,7.98,6.54,9.28,0.5462,0.89,0
V01449,container,8,9.92,2.12,4.32,6.7,13.34,9.79,0.9186,8.29,0
V01450,cargo,12,9.94,6.21,11.66,6.74,6.85,6.7,0.8364,15.3,0
V01451,container,12,10.89,1.03,31.3,7.9,6.52,11.84,0.1409,22.11,0
V01452,container,5,9.47,3.02,14.95,6.64,11.72,11.07,0.2179,1.33,0
V01453,cargo,10,8.78,5.01,11.8,9.05,24.07,4.97,0.4472,2.53,0
V01454,container,9,12.54,1.09,18.17,3.81,6.34,10.05,0.6992,7.15,0
V01455,tanker,12,14.21,10.57,8.66,7.2,5.73,8.47,0.7313,0.28,0
V01456,cargo,9,9.11,8.03,6.16,11.33,5.92,9.16,0.239,3.45,0
V01457,container,5,12.34,9.87,30.44,6.16,15.41,6.89,0.9051,10.55,0
V01458,cargo,3,15.61,8.94,6.06,6.39,12.7,6.64,0.4719,3.07,1
V01459,tanker,6,14.58,8.78,19.66,4.59,5.93,7.05,0.7682,0.56,0
V01460,container,5,10.98,3.51,6.34,10.25,5.34,7.69,0.8662,0.75,0
V01461,container,7,10.36,4.47,18.85,9.87,6.19,9.38,0.6749,13.49,0
V01462,tanker,10,9.68,3.77,33.47,7.32,17.04,9.56,0.7511,2.16,0
V01463,cargo,2,16.41,4.94,6.41,4.14,1.58,9.99,0.8976,5.56,0
V01464,tanker,6,13.29,3.25,15.85,10.44,7.29,9.62,0.4311,0.81,0
V01465,cargo,5,12.84,2.29,10.08,6.51,13.45,10.1,0.6754,1.25,0
V01466,tanker,3,8.5,0.26,26.01,8.26,4.01,7.58,0.9094,0.92,0
V01467,cargo,2,13.78,6.39,13.24,8.41,1.97,6.63,0.6641,0.45,0
V01468,tanker,12,8.77,18.3,5.15,7.9,29.43,9.67,0.5039,3.12,0
V01469,container,10,10.51,2.23,12.28,8.86,2.84,5.99,0.9054,0.62,0
V01470,tanker,2,9.91,2.86,18.26,4.72,12.72,12.0,0.2055,0.48,0
V01471,cargo,5,9.9,9.88,14.67,8.74,10.47,9.81,0.8439,7.6,0
V01472,cargo,4,10.07,11.73,10.08,4.63,7.27,4.68,0.205,18.06,0
V01473,cargo,8,11.1,8.93,14.81,7.15,3.07,10.17,0.3271,2.43,0
V01474,cargo,3,9.46,7.1,2.31,8.65,5.12,12.78,0.354,4.29,0
V01475,tanker,10,14.68,2.78,35.65,2.8,16.22,7.39,0.4014,4.25,0
V01476,cargo,8,7.65,2.95,2.32,7.76,3.38,5.63,0.6694,0.26,0
V01477,tanker,10,8.66,6.53,12.67,4.99,5.47,13.06,0.3759,3.13,0
V01478,cargo,4,7.54,0.41,14.9,10.19,11.84,13.1,0.3214,1.63,0
V01479,tanker,12,7.01,3.28,31.3,5.81,9.44,10.33,0.3412,1.15,0
V01480,cargo,2,14.85,5.83,2.65,4.66,9.94,4.79,0.5406,0.47,0
V01481,container,5,8.53,2.28,7.54,7.17,10.76,1.66,0.6636,9.67,0
V01482,container,2,9.37,5.98,7.58,7.96,16.2,11.28,0.5282,0.34,0
V01483,cargo,9,14.38,1.29,16.89,8.39,5.25,3.74,0.5409,0.02,0
V01484,container,10,17.18,5.05,6.5,2.16,2.4,9.1,0.5142,0.24,0
V01485,container,3,7.56,7.29,6.89,6.22,6.44,9.28,0.4262,0.57,0
V01486,cargo,4,9.42,4.08,11.57,8.33,3.35,8.92,0.4477,22.47,0
V01487,tanker,10,8.64,10.06,11.35,9.48,6.04,8.12,0.7116,0.33,0
V01488,tanker,10,7.92,1.22,10.67,7.41,5.72,8.68,0.3507,3.78,0
V01489,passenger,9,13.65,0.11,10.75,5.27,10.22,6.64,0.7642,4.05,0
V01490,container,12,14.82,4.57,12.7,9.53,10.13,6.37,0.3219,0.13,0
V01491,tanker,11,7.51,8.69,8.48,9.8,12.67,8.09,0.7958,1.92,0
V01492,cargo,4,7.82,5.68,8.4,10.18,4.66,6.27,0.6802,14.21,0
V01493,passenger,11,12.51,10.19,8.12,4.77,7.68,7.52,0.677,16.29,0
V01494,container,2,15.2,9.18,2.03,6.41,1.62,11.98,0.398,2.84,0
V01495,container,12,11.0,2.71,21.27,4.42,14.24,8.9,0.4706,3.52,1
V01496,cargo,6,14.5,7.53,11.36,2.31,2.41,11.77,0.6044,4.32,0
V01497,tanker,8,6.67,4.76,5.15,3.77,7.84,8.63,0.6462,6.89,0
V01498,cargo,9,7.7,11.39,5.57,10.73,2.43,11.12,0.7377,8.86,0
V01499,container,9,7.43,2.92,6.2,8.04,2.47,10.39,0.7167,1.68,0
V01500,container,1,10.55,8.51,32.92,10.81,8.49,7.79,0.219,1.19,0
V01501,container,8,10.85,1.17,6.03,6.08,3.28,10.41,0.4786,8.19,0
V01502,passenger,6,7.73,3.94,10.13,5.7,3.68,5.72,0.8991,3.64,0
V01503,passenger,1,5.72,0.26,33.17,9.49,4.5,5.38,0.4028,1.92,0
V01504,cargo,5,15.93,5.28,5.5,5.99,12.11,4.76,0.5637,1.62,0
V01505,container,12,14.31,5.36,9.96,8.0,9.61,5.31,0.3611,0.31,0
V01506,cargo,12,11.43,2.85,4.6,8.85,18.06,2.92,0.4342,6.94,0
V01507,passenger,11,10.27,1.06,5.66,12.11,3.53,11.64,0.3929,1.96,0
V01508,container,5,17.01,1.97,19.3,7.51,11.78,7.01,0.4424,1.6,0
V01509,tanker,1,9.81,12.5,8.92,4.97,9.81,9.66,0.2035,3.23,0
V01510,container,11,12.81,0.1,31.78,4.88,9.14,7.23,0.2591,9.8,0
V01511,container,8,9.54,1.9,20.78,9.61,8.46,9.52,0.4108,0.23,0
V01512,passenger,10,7.68,6.67,9.44,6.98,9.25,9.01,0.5708,3.17,0
V01513,cargo,2,13.53,5.9,26.66,10.12,16.41,3.72,0.2098,0.37,0
V01514,container,3,15.46,7.4,9.17,4.95,9.62,5.09,0.508,0.17,0
V01515,cargo,10,15.28,5.95,7.99,4.64,10.92,7.85,0.8258,1.39,0
V01516,cargo,5,11.49,1.41,18.54,7.87,19.83,8.36,0.483,10.45,0
V01517,container,5,13.02,11.91,6.35,9.92,7.09,8.15,0.2243,6.07,0
V01518,passenger,2,8.06,2.8,21.78,4.62,3.2,9.56,0.5171,12.62,0
V01519,container,11,11.77,7.12,5.62,6.66,15.04,9.2,0.2291,5.07,0
V01520,tanker,4,8.51,2.88,4.4,4.8,7.2,11.01,0.6544,10.7,0
V01521,passenger,2,14.65,4.78,5.07,8.74,14.41,7.37,0.286,3.0,0
V01522,container,3,10.12,3.23,3.76,6.1,24.23,6.69,0.6045,2.09,0
V01523,container,4,12.05,0.02,12.34,8.43,7.65,9.93,0.5699,0.84,0
V01524,container,3,10.34,8.22,13.64,9.63,7.58,5.48,0.3229,5.52,0
V01525,container,1,12.26,7.08,8.77,4.45,5.44,10.11,0.6599,4.35,0
V01526,tanker,9,12.17,5.16,4.73,7.12,2.24,7.49,0.3728,0.5,0
V01527,tanker,11,10.68,0.28,26.67,9.43,15.13,5.17,0.4164,4.49,0
V01528,tanker,4,12.01,6.68,16.33,10.66,4.92,11.92,0.4677,4.77,0
V01529,container,7,10.02,2.15,8.29,8.31,10.66,5.52,0.264,1.37,0
V01530,cargo,9,20.2,8.71,5.21,5.55,19.22,3.63,0.5022,0.59,0
V01531,tanker,10,12.5,4.96,10.52,10.45,1.73,8.74,0.4167,0.7,0
V01532,tanker,9,16.56,3.71,11.4,6.8,2.09,5.98,0.2879,3.51,0
V01533,container,6,8.61,13.4,2.29,6.4,6.46,12.36,0.3552,4.94,0
V01534,cargo,9,13.51,3.05,12.81,7.07,1.8,11.72,0.8709,0.95,0
V01535,tanker,9,4.2,7.96,16.94,5.44,6.48,8.18,0.889,1.75,0
V01536,container,3,15.72,5.16,27.18,7.53,11.28,11.41,0.7836,10.1,0
V01537,container,8,6.72,9.48,6.48,7.77,1.9,4.59,0.3967,3.71,0
V01538,cargo,4,12.84,8.27,7.34,4.9,7.5,7.68,0.3062,6.23,0
V01539,passenger,3,13.09,7.61,4.54,11.08,12.48,11.5,0.4171,0.26,0
V01540,cargo,12,9.55,5.1,8.43,6.15,8.15,10.27,0.7823,2.11,0
V01541,cargo,10,18.46,4.6,18.07,4.75,3.12,6.18,0.9457,4.86,0
V01542,container,5,12.06,7.57,7.3,8.38,6.22,10.2,0.6473,4.3,0
V01543,tanker,2,13.55,17.12,8.39,7.19,15.03,12.98,0.797,4.67,0
V01544,cargo,1,10.7,2.24,12.85,11.25,22.73,7.25,0.8241,2.76,0
V01545,cargo,7,13.87,6.94,12.81,6.38,5.39,12.72,0.3749,14.41,0
V01546,cargo,4,12.75,0.31,2.7,8.2,1.91,12.95,0.7839,1.27,0
V01547,cargo,5,11.88,5.99,14.96,7.46,3.37,14.69,0.7712,2.84,0
V01548,cargo,5,12.32,5.35,19.34,3.38,12.57,6.15,0.6738,5.03,0
V01549,passenger,10,11.67,8.9,14.63,8.79,4.36,4.92,0.9256,10.78,0
V01550,passenger,8,5.75,2.49,6.29,7.11,10.44,5.75,0.3213,23.42,0
V01551,tanker,6,11.91,9.56,8.53,4.54,1.85,7.2,0.3196,4.53,0
V01552,cargo,3,19.33,4.91,7.7,8.59,14.55,8.62,0.4499,1.38,0
V01553,container,6,19.39,1.2,5.05,5.76,11.2,14.64,0.8021,0.58,0
V01554,tanker,6,7.29,2.65,11.88,5.32,5.1,6.31,0.0124,5.67,0
V01555,passenger,11,13.39,9.39,12.31,3.96,3.33,12.46,0.8407,4.82,0
V01556,container,1,11.04,2.73,9.6,3.92,4.22,12.16,0.0601,7.17,0
V01557,container,4,11.06,13.98,1.82,8.17,7.38,10.45,0.7437,1.06,1
V01558,cargo,4,9.15,1.11,2.02,7.82,2.72,9.06,0.4874,1.03,0
V01559,container,3,12.09,1.27,11.65,8.48,10.38,2.86,0.5681,5.18,0
V01560,container,9,13.22,3.43,3.61,4.52,0.89,9.22,0.5289,4.36,0
V01561,cargo,9,6.87,5.32,19.41,10.17,5.45,6.58,0.8607,0.22,0
V01562,passenger,11,15.4,7.43,9.17,6.76,8.19,6.08,0.3185,3.25,0
V01563,tanker,2,14.39,3.89,6.21,7.8,1.33,5.73,0.9128,0.29,0
V01564,container,3,13.91,7.7,8.06,6.78,9.55,6.53,0.5146,2.66,0
V01565,container,2,13.72,5.22,5.11,8.99,6.87,6.52,0.3949,5.33,0
V01566,container,10,15.03,2.35,11.76,3.47,2.09,7.69,0.6233,0.52,0
V01567,passenger,4,6.99,2.39,10.82,5.93,4.15,9.9,0.5267,1.26,0
V01568,cargo,5,18.93,3.92,2.81,6.91,13.09,4.09,0.705,4.18,0
V01569,cargo,3,11.09,5.26,7.0,5.12,11.45,8.59,0.884,3.77,0
V01570,tanker,1,10.24,7.45,16.2,7.62,12.4,8.2,0.2842,1.07,0
V01571,cargo,1,8.94,13.9,9.52,11.08,11.18,12.02,0.6247,1.13,1
V01572,container,9,7.8,6.79,9.01,8.58,6.6,11.41,0.3476,0.82,0
V01573,passenger,9,9.18,2.91,26.2,7.62,2.22,10.62,0.5502,1.41,0
V01574,tanker,8,8.99,7.07,5.41,6.63,1.44,5.9,0.2659,3.73,0
V01575,cargo,7,9.43,6.02,15.24,9.6,4.66,7.96,0.2685,4.68,0
V01576,container,2,14.89,3.06,7.3,5.96,9.71,11.83,0.4163,13.32,0
V01577,cargo,5,7.79,5.82,4.32,11.21,6.08,6.74,0.7811,6.84,0
V01578,cargo,11,11.2,2.86,24.18,5.68,2.93,7.77,0.457,0.13,0
V01579,passenger,6,9.55,7.84,6.73,4.15,12.26,9.23,0.5571,3.99,0
V01580,cargo,6,7.36,4.53,4.51,8.81,10.42,9.77,0.5506,1.47,0
V01581,tanker,4,13.92,0.39,12.12,6.17,10.49,8.64,0.9458,9.01,1
V01582,tanker,10,14.55,7.69,8.1,6.94,0.77,9.33,0.5783,0.05,0
V01583,cargo,11,7.42,2.21,10.04,8.09,0.91,4.59,0.6511,0.79,0
V01584,container,4,8.19,3.33,14.5,6.6,6.94,7.97,0.3925,8.75,0
V01585,container,8,10.15,2.72,10.37,7.89,23.23,9.25,0.6183,6.44,0
V01586,container,12,13.11,9.94,9.39,7.31,7.27,9.72,0.6099,0.54,0
V01587,cargo,10,12.92,8.76,2.92,11.14,11.44,13.27,0.5718,2.12,0
V01588,container,7,13.89,5.45,10.87,7.9,8.9,13.48,0.6525,0.47,0
V01589,cargo,8,11.2,7.24,5.7,5.88,6.88,7.85,0.9234,3.02,0
V01590,container,3,14.47,6.25,15.32,9.03,20.38,10.65,0.7215,0.12,0
V01591,cargo,7,13.33,5.48,8.58,7.15,9.91,6.36,0.362,6.19,0
V01592,container,6,12.07,3.8,3.76,9.31,1.91,7.6,0.593,4.45,0
V01593,container,7,13.66,4.64,32.19,9.1,2.56,6.89,0.2724,0.14,0
V01594,container,10,8.55,3.3,8.81,9.24,2.89,6.09,0.5866,0.43,0
V01595,container,7,14.98,0.66,6.59,4.66,4.35,4.76,0.4655,5.57,0
V01596,cargo,12,15.68,6.63,6.49,13.12,2.94,8.76,0.6371,1.79,0
V01597,tanker,11,11.82,3.82,12.71,8.07,4.21,9.23,0.8599,6.27,0
V01598,passenger,12,12.38,5.08,8.01,7.86,3.05,8.91,0.5164,1.67,0
V01599,tanker,8,10.72,3.94,4.03,12.23,1.8,6.51,0.2256,1.32,0
V01600,cargo,6,14.41,6.17,16.23,1.2,2.54,8.07,0.2031,1.5,0
V01601,cargo,11,13.51,1.65,8.2,5.99,10.29,7.9,0.1802,0.69,0
V01602,container,7,10.09,9.17,5.04,5.59,12.68,6.58,0.3676,4.5,0
V01603,passenger,5,15.93,7.32,4.31,8.66,8.55,5.79,0.3938,1.62,0
V01604,cargo,1,9.83,0.56,12.55,4.79,9.4,8.34,0.7438,0.77,0
V01605,tanker,6,6.95,3.67,5.0,7.77,7.19,9.42,0.3803,0.48,0
V01606,container,9,14.99,2.34,12.9,7.73,7.25,10.81,0.3253,3.17,0
V01607,passenger,4,8.78,1.2,10.85,9.53,19.03,9.07,0.5738,2.98,0
V01608,container,1,11.82,6.32,5.92,9.29,5.37,6.24,0.2508,14.87,0
V01609,tanker,7,11.04,7.52,23.86,3.19,10.82,10.85,0.4959,7.39,0
V01610,tanker,4,10.74,2.1,4.08,6.95,17.9,10.14,0.8424,0.22,0
V01611,cargo,1,10.12,4.33,5.16,6.41,4.66,11.94,0.4233,0.99,0
V01612,cargo,8,12.16,7.22,5.51,7.39,11.64,7.45,0.3815,2.17,0
V01613,cargo,12,9.62,1.66,7.44,5.12,2.49,14.37,0.5333,3.95,0
V01614,container,11,4.58,9.66,8.97,8.21,11.89,11.67,0.8179,1.79,0
V01615,tanker,6,9.45,4.74,27.94,8.11,2.48,7.63,0.6608,0.02,0
V01616,tanker,8,9.8,4.46,55.37,10.3,5.61,7.09,0.7919,0.55,0
V01617,passenger,5,12.25,0.39,10.02,8.09,7.04,8.02,0.7224,0.49,0
V01618,container,7,16.26,5.59,5.6,7.1,10.41,13.7,0.7367,5.33,0
V01619,tanker,11,10.24,1.54,25.31,9.47,13.95,11.25,0.4149,0.95,0
V01620,cargo,8,10.45,0.96,11.81,7.44,4.87,5.34,0.7749,26.7,0
V01621,cargo,9,15.79,13.84,1.33,6.16,11.11,8.22,0.8666,3.02,0
V01622,passenger,11,12.29,2.07,5.79,7.68,6.79,3.7,0.5705,10.81,1
V01623,cargo,4,9.93,0.91,6.18,6.64,14.21,9.83,0.5687,1.35,0
V01624,container,10,8.12,9.2,6.27,10.45,23.3,8.11,0.5719,1.8,0
V01625,container,9,11.66,11.27,7.4,7.3,11.58,6.63,0.4296,3.67,0
V01626,cargo,12,10.55,2.01,25.1,6.55,9.75,8.27,0.6293,8.26,0
V01627,cargo,2,12.93,9.25,22.37,6.9,4.98,5.02,0.572,0.83,0
V01628,tanker,4,9.54,1.4,10.8,7.64,6.11,8.53,0.6014,0.32,0
V01629,passenger,7,7.52,5.94,7.87,5.96,16.47,4.28,0.7257,1.67,0
V01630,passenger,10,9.64,8.89,10.79,7.08,20.59,5.23,0.1223,10.85,0
V01631,cargo,7,14.6,0.04,11.35,7.27,2.5,9.71,0.7577,5.47,0
V01632,tanker,11,10.29,1.54,5.07,2.96,17.56,11.4,0.5638,0.92,0
V01633,cargo,9,8.51,7.3,17.45,6.99,9.7,7.68,0.3874,0.12,0
V01634,cargo,4,14.99,2.61,2.01,9.05,15.73,9.32,0.3624,1.55,0
V01635,cargo,12,12.23,3.61,8.29,4.53,15.12,5.87,0.4318,3.69,0
V01636,tanker,8,9.81,3.1,10.05,9.98,5.4,8.72,0.171,1.75,0
V01637,tanker,8,18.86,6.13,17.64,3.56,3.6,7.86,0.6112,0.99,0
V01638,passenger,6,10.64,5.12,4.73,6.19,3.59,9.06,0.4721,1.23,0
V01639,passenger,8,14.9,6.52,6.07,6.42,8.95,7.55,0.5024,2.47,0
V01640,tanker,3,6.98,1.8,28.59,5.29,5.49,10.0,0.3342,3.43,0
V01641,container,3,11.58,0.05,7.88,5.26,8.89,7.96,0.2228,1.14,0
V01642,cargo,11,13.93,10.66,3.84,8.72,14.51,5.31,0.3108,4.5,0
V01643,passenger,10,9.79,1.78,1.36,10.82,16.31,5.5,0.4257,3.34,0
V01644,cargo,10,13.24,0.69,10.97,5.55,8.29,9.85,0.0844,7.36,0
V01645,passenger,4,10.76,4.32,15.84,8.13,7.07,8.21,0.1608,1.0,0
V01646,cargo,11,7.08,5.29,13.27,12.12,4.99,6.95,0.2695,6.13,0
V01647,cargo,9,15.31,1.62,14.17,8.34,5.05,12.99,0.3841,3.51,0
V01648,cargo,12,10.96,6.3,4.47,5.04,8.43,11.09,0.6422,1.02,0
V01649,container,6,8.2,0.23,7.85,7.93,2.12,8.07,0.6013,3.72,0
V01650,tanker,4,16.65,4.19,10.68,5.44,20.6,9.33,0.6448,2.12,0
V01651,tanker,12,11.79,11.28,14.13,10.04,3.57,7.91,0.3593,0.69,0
V01652,passenger,8,13.48,3.39,12.03,8.41,8.61,5.85,0.5252,1.86,0
V01653,cargo,8,11.41,11.93,31.17,5.0,2.5,7.27,0.6563,2.37,0
V01654,tanker,12,7.58,1.95,15.96,8.7,16.41,4.75,0.7453,3.75,0
V01655,container,4,12.81,5.48,5.74,9.14,10.14,10.17,0.2197,2.27,1
V01656,passenger,10,10.1,4.32,5.3,3.58,14.59,0.95,0.8042,1.83,0
V01657,cargo,7,9.41,1.18,5.22,4.7,3.9,7.66,0.352,0.09,0
V01658,container,3,11.75,1.66,6.28,11.11,12.1,10.2,0.3977,0.41,0
V01659,cargo,4,5.77,7.92,16.08,7.97,2.45,2.17,0.2256,1.8,0
V01660,tanker,12,9.4,6.71,8.7,9.72,8.5,8.87,0.5313,2.04,0
V01661,container,11,9.24,4.36,20.99,6.31,20.65,3.39,0.4497,0.56,1
V01662,tanker,9,12.79,5.78,53.11,6.67,1.85,7.55,0.4944,0.14,0
V01663,passenger,5,11.47,8.75,4.56,3.1,12.88,6.8,0.3941,3.59,0
V01664,cargo,3,12.86,5.48,7.69,8.47,2.47,12.04,0.534,2.3,0
V01665,cargo,10,14.51,3.68,26.28,6.16,27.21,4.77,0.8155,6.3,1
V01666,passenger,2,11.4,0.43,9.5,7.75,9.39,10.09,0.5709,6.9,0
V01667,tanker,8,15.71,10.71,5.54,9.09,13.83,10.69,0.4534,1.82,0
V01668,passenger,7,13.95,6.18,25.19,6.76,6.42,11.09,0.6787,8.45,1
V01669,container,10,17.14,1.7,27.43,10.35,8.35,3.23,0.8088,1.87,0
V01670,container,7,13.2,2.52,2.87,6.96,6.72,7.78,0.6637,2.42,0
V01671,cargo,8,12.37,7.43,6.62,7.96,2.93,8.78,0.1774,4.14,0
V01672,cargo,5,13.77,1.46,23.92,8.8,9.97,7.54,0.2756,1.9,0
V01673,cargo,4,13.42,11.79,19.09,9.82,14.35,9.58,0.8299,1.24,0
V01674,passenger,4,13.73,8.41,2.04,7.53,12.89,8.05,0.5053,5.73,0
V01675,container,4,14.3,5.96,19.22,10.33,14.2,7.69,0.9255,4.35,0
V01676,container,10,10.85,7.13,21.85,5.85,1.46,7.47,0.2496,24.61,0
V01677,cargo,2,8.6,12.08,8.2,4.67,3.78,7.55,0.8134,0.07,0
V01678,cargo,2,15.98,6.71,19.2,7.29,13.15,4.29,0.2599,6.59,0
V01679,tanker,9,10.46,1.03,14.89,4.18,8.99,7.21,0.3282,0.45,0
V01680,cargo,6,10.32,14.82,23.24,9.22,4.82,7.4,0.6457,5.52,0
V01681,passenger,9,10.53,0.91,12.3,7.28,6.82,13.94,0.626,0.75,0
V01682,container,10,4.47,5.21,11.55,3.9,15.59,13.79,0.6024,0.52,0
V01683,passenger,10,10.22,8.0,18.78,8.21,10.2,9.68,0.8799,4.77,0
V01684,passenger,5,11.26,5.18,3.66,10.18,8.71,10.32,0.4858,12.62,0
V01685,cargo,12,5.64,1.48,8.7,6.8,4.83,13.57,0.5384,4.3,0
V01686,passenger,9,7.75,10.88,3.39,6.08,1.55,2.07,0.6738,3.67,0
V01687,cargo,11,9.79,2.7,12.69,10.59,7.07,9.69,0.4371,0.59,0
V01688,container,6,10.8,4.92,3.41,10.23,4.97,11.49,0.337,0.54,0
V01689,container,1,15.03,13.74,8.62,7.68,28.04,9.93,0.7573,1.58,0
V01690,container,12,10.46,10.0,5.22,4.9,5.32,9.87,0.3789,6.35,0
V01691,container,7,11.7,5.73,4.52,7.78,1.2,6.56,0.3215,3.5,0
V01692,cargo,5,13.66,5.26,7.97,7.37,4.48,7.03,0.7696,4.56,1
V01693,tanker,9,7.86,1.51,59.25,7.71,15.3,11.33,0.1441,0.5,0
V01694,tanker,11,13.5,12.7,13.75,8.8,7.51,13.13,0.3562,3.93,0
V01695,cargo,12,14.24,3.19,5.59,7.29,13.63,10.35,0.8141,0.86,0
V01696,cargo,9,20.7,6.76,3.53,4.15,2.23,7.5,0.3464,6.81,0
V01697,cargo,9,13.9,0.1,11.42,7.94,10.26,6.86,0.3432,3.35,0
V01698,container,2,9.74,6.88,4.89,11.27,7.82,5.47,0.4693,5.87,0
V01699,container,12,11.57,9.38,14.37,11.13,10.51,8.7,0.9032,5.19,0
V01700,container,3,12.8,0.06,9.57,7.94,11.09,8.71,0.2622,16.0,0
V01701,cargo,4,14.34,6.9,5.18,8.52,23.74,11.52,0.5796,1.2,0
V01702,tanker,9,13.34,2.24,18.36,8.23,2.3,4.32,0.5335,0.66,0
V01703,container,2,10.57,10.19,9.41,9.53,2.52,7.31,0.4383,0.33,0
V01704,cargo,1,8.06,0.07,2.02,9.5,15.6,8.05,0.4703,1.38,0
V01705,container,8,8.69,4.9,21.07,7.98,3.59,6.25,0.5105,1.93,0
V01706,cargo,3,18.78,4.6,12.31,7.7,10.96,8.15,0.8879,1.37,0
V01707,cargo,7,11.53,4.88,5.07,6.88,12.08,12.34,0.5412,4.39,0
V01708,cargo,11,12.48,9.76,2.65,10.35,3.07,2.16,0.8501,1.36,0
V01709,tanker,7,12.28,1.94,4.21,7.49,13.19,8.16,0.229,1.05,0
V01710,cargo,6,13.87,1.2,7.12,9.24,6.43,4.51,0.6967,4.14,0
V01711,cargo,9,7.34,3.68,3.18,9.48,4.91,9.59,0.574,7.78,0
V01712,container,10,12.19,0.35,5.74,4.69,9.62,9.27,0.6592,0.36,0
V01713,container,10,11.37,5.18,3.43,8.1,7.47,6.08,0.5693,1.33,1
V01714,container,2,3.19,0.39,20.6,9.48,10.0,6.07,0.3402,0.57,0
V01715,passenger,5,8.67,0.44,28.1,8.42,11.59,11.42,0.5897,1.08,0
V01716,container,4,13.83,2.51,8.47,9.73,3.06,6.96,0.6148,2.48,0
V01717,cargo,3,12.27,5.52,4.56,6.35,11.12,4.76,0.2391,2.06,0
V01718,tanker,5,9.45,7.8,19.89,10.02,7.24,11.7,0.4044,1.01,0
V01719,cargo,7,13.46,7.03,2.54,9.39,10.44,13.24,0.1963,2.2,0
V01720,tanker,10,15.88,7.81,17.84,5.42,17.48,8.83,0.2808,3.04,0
V01721,tanker,2,15.97,0.0,27.5,8.04,13.91,15.0,0.7877,2.02,0
V01722,tanker,9,6.03,0.27,20.21,8.13,20.48,9.12,0.9804,1.52,0
V01723,cargo,12,14.43,0.35,10.97,10.3,6.64,10.98,0.6959,3.44,0
V01724,tanker,4,13.91,1.4,4.96,5.67,14.58,6.36,0.1366,0.46,0
V01725,cargo,8,13.69,0.31,4.75,2.6,2.97,9.07,0.3753,0.43,0
V01726,passenger,8,13.76,0.22,16.69,5.36,3.03,9.95,0.3994,6.71,0
V01727,container,12,11.53,9.52,11.8,10.51,8.68,15.0,0.858,7.85,0
V01728,container,2,17.91,7.83,14.77,6.9,6.39,13.47,0.3276,10.16,1
V01729,container,2,7.95,6.52,124.65,6.4,15.44,5.04,0.3584,0.37,1
V01730,cargo,11,16.25,2.17,19.19,6.98,1.89,5.63,0.6057,1.21,0
V01731,container,11,11.37,4.76,4.95,5.88,2.68,10.65,0.5731,2.97,0
V01732,cargo,5,11.79,1.14,4.51,6.68,16.79,11.43,0.0329,4.84,0
V01733,cargo,12,10.37,4.66,2.79,4.77,6.46,10.97,0.6904,0.68,0
V01734,cargo,5,12.19,10.08,3.13,9.46,1.84,8.33,0.6113,1.41,0
V01735,tanker,4,10.9,4.78,14.29,9.53,3.31,6.27,0.1768,2.49,0
V01736,cargo,4,13.43,14.38,5.57,5.3,8.74,4.16,0.6618,1.74,0
V01737,cargo,1,19.92,8.18,11.67,10.87,14.42,12.48,0.6895,0.41,0
V01738,passenger,11,13.74,1.79,1.86,7.56,7.68,8.05,0.7309,0.35,0
V01739,tanker,4,13.39,0.09,4.68,10.91,1.32,1.81,0.4058,2.16,0
V01740,cargo,11,10.89,11.03,4.63,10.46,15.34,15.0,0.1803,6.23,0
V01741,tanker,2,7.55,9.99,28.6,7.88,3.07,6.65,0.2782,4.48,0
V01742,container,1,8.57,8.4,9.41,10.39,11.62,10.93,0.2943,0.3,0
V01743,cargo,2,11.76,0.02,22.58,5.18,10.83,5.46,0.1922,3.98,0
V01744,cargo,6,12.19,1.76,9.17,8.71,4.12,9.96,0.6148,2.15,1
V01745,container,3,12.43,6.64,22.35,9.29,14.35,10.03,0.7435,1.5,0
V01746,cargo,8,12.85,1.11,13.18,10.3,8.63,7.75,0.3889,5.54,0
V01747,tanker,2,14.62,4.69,3.58,7.15,4.84,7.18,0.2491,18.75,0
V01748,tanker,12,13.81,0.33,12.63,8.4,10.68,4.82,0.8304,1.68,0
V01749,container,5,13.26,1.76,6.13,8.88,12.57,15.0,0.6352,3.19,0
V01750,container,8,11.11,13.71,17.22,10.02,11.93,8.98,0.69,0.77,0
V01751,container,9,15.64,7.78,9.1,5.6,10.83,11.01,0.5737,0.49,0
V01752,container,9,16.2,5.16,16.11,8.74,14.86,7.33,0.5937,6.72,0
V01753,container,1,10.77,5.53,27.93,12.55,4.44,4.63,0.8473,5.51,0
V01754,passenger,1,6.22,8.13,21.67,9.41,20.12,9.94,0.4192,1.65,0
V01755,tanker,2,14.12,5.89,5.79,4.88,9.47,10.26,0.2666,1.46,0
V01756,container,11,13.8,6.7,2.4,8.13,8.44,10.29,0.4068,0.09,0
V01757,cargo,3,17.18,4.61,8.85,5.82,10.06,4.93,0.4956,2.04,0
V01758,cargo,7,12.55,0.48,3.89,8.29,3.62,13.41,0.4648,0.47,0
V01759,cargo,4,15.26,13.41,7.26,7.69,5.93,5.96,0.3896,1.86,0
V01760,passenger,5,10.69,9.21,11.06,6.57,3.82,7.54,0.7086,1.45,0
V01761,container,3,15.07,0.6,46.73,4.44,2.71,12.95,0.3019,3.36,0
V01762,container,4,14.18,6.78,10.83,5.62,8.97,3.38,0.6899,13.27,0
V01763,container,8,13.55,4.91,13.25,4.64,6.35,8.5,0.7284,6.3,0
V01764,cargo,7,13.2,5.18,8.82,7.89,6.14,5.81,0.4453,3.23,0
V01765,cargo,12,17.95,3.33,5.58,7.91,8.15,7.46,0.6164,13.65,0
V01766,container,8,11.08,4.04,3.18,4.14,2.9,11.74,0.3094,5.2,0
V01767,container,6,11.21,1.47,13.6,8.08,31.47,5.57,0.5372,1.69,0
V01768,cargo,10,9.82,15.1,17.68,9.2,16.39,4.41,0.6802,0.25,1
V01769,passenger,1,15.5,4.31,27.9,7.38,5.01,8.01,0.4129,0.93,0
V01770,cargo,6,11.26,9.82,4.29,9.19,5.99,2.38,0.8294,2.75,0
V01771,tanker,12,15.74,4.73,42.0,5.44,5.08,13.0,0.6139,6.16,0
V01772,cargo,12,16.42,1.5,4.28,7.27,1.44,7.88,0.5893,4.2,0
V01773,container,5,13.41,2.32,9.42,6.97,14.24,12.45,0.2275,3.99,0
V01774,cargo,2,9.65,2.67,7.22,8.47,7.75,3.95,0.7078,1.52,0
V01775,container,12,9.61,8.5,3.28,8.31,2.71,6.83,0.4948,5.11,0
V01776,passenger,2,13.46,2.99,8.14,6.23,11.9,11.39,0.5775,4.86,0
V01777,cargo,2,3.79,5.69,5.42,7.87,27.64,8.36,0.1731,3.09,0
V01778,cargo,4,16.05,4.94,5.95,6.31,9.29,8.68,0.1699,0.45,0
V01779,tanker,10,16.62,0.04,12.43,7.39,5.08,6.81,0.34,1.71,0
V01780,tanker,1,15.1,2.28,21.24,9.26,16.26,15.0,0.7614,1.0,0
V01781,tanker,9,6.98,8.54,9.95,12.31,17.37,11.4,0.215,0.1,1
V01782,cargo,2,9.03,2.58,5.59,7.21,2.75,11.52,0.6865,9.05,0
V01783,tanker,5,13.63,6.94,5.22,2.06,14.69,6.16,0.8505,3.51,0
V01784,passenger,11,14.95,12.04,15.38,7.71,14.53,2.21,0.6459,9.2,0
V01785,cargo,12,9.32,5.35,3.98,7.63,9.54,7.89,0.4395,1.29,0
V01786,cargo,6,8.92,0.48,7.2,1.2,11.22,6.96,0.2919,3.64,0
V01787,tanker,12,8.85,6.36,9.55,9.17,4.9,12.16,0.3559,3.23,0
V01788,container,7,12.06,3.69,3.88,5.15,4.47,12.18,0.6137,2.68,0
V01789,tanker,6,13.14,1.9,12.17,6.94,3.63,10.73,0.4546,4.79,0
V01790,cargo,12,12.16,5.9,2.29,6.09,6.48,9.93,0.8575,0.56,0
V01791,passenger,6,9.97,14.33,4.89,5.82,5.34,5.73,0.6238,6.42,0
V01792,cargo,1,13.28,6.61,3.62,8.15,1.94,7.57,0.333,0.98,0
V01793,passenger,8,10.43,3.61,4.89,5.8,13.77,11.71,0.3993,5.13,0
V01794,container,4,16.63,4.57,11.9,12.05,18.88,8.97,0.1869,7.85,0
V01795,passenger,9,10.11,6.58,10.65,10.44,2.57,10.98,0.8181,3.56,0
V01796,container,9,15.68,1.23,11.99,10.6,12.43,11.25,0.0348,4.41,0
V01797,container,5,10.01,4.91,45.87,8.24,9.21,10.8,0.5121,1.48,0
V01798,container,9,8.55,5.0,8.83,7.85,15.15,9.68,0.6755,0.65,0
V01799,container,4,12.26,15.52,16.35,9.1,4.36,7.94,0.3605,1.27,0
V01800,container,4,13.8,1.17,29.67,9.21,12.96,9.94,0.6475,4.44,0
V01801,tanker,3,10.34,1.27,10.55,7.56,8.33,6.33,0.5681,4.22,0
V01802,passenger,10,15.55,12.51,10.33,6.82,4.21,11.15,0.9159,3.16,0
V01803,cargo,5,8.53,7.64,3.01,7.55,21.63,9.04,0.7652,1.24,0
V01804,cargo,7,15.58,8.14,11.97,7.81,5.94,10.11,0.3263,6.87,0
V01805,container,8,12.03,9.63,8.17,9.71,10.67,5.53,0.5293,4.1,0
V01806,cargo,3,10.34,5.29,5.06,6.57,4.07,10.63,0.5587,24.73,0
V01807,cargo,9,11.29,8.8,29.9,12.98,5.92,8.36,0.357,9.28,0
V01808,container,5,7.64,3.79,2.21,7.14,3.32,6.63,0.6557,1.6,0
V01809,cargo,12,10.47,5.87,11.89,8.88,10.86,11.71,0.3832,3.41,0
V01810,cargo,2,12.3,8.1,17.88,9.94,7.39,5.17,0.3598,0.49,0
V01811,tanker,3,10.25,2.5,3.25,8.77,5.28,5.24,0.3494,1.69,0
V01812,cargo,1,8.89,10.37,2.72,5.69,2.9,5.95,0.4253,0.04,0
V01813,tanker,5,13.45,3.06,5.31,11.07,13.49,10.21,0.4614,0.36,0
V01814,tanker,6,12.19,2.41,4.71,6.56,6.55,4.93,0.7482,6.17,0
V01815,cargo,10,12.07,0.96,2.96,10.3,9.9,5.13,0.6964,0.29,0
V01816,container,9,11.66,0.47,1.34,9.65,12.44,4.42,0.4738,1.61,0
V01817,cargo,1,13.5,2.28,36.23,9.7,8.15,9.9,0.5895,1.97,0
V01818,tanker,12,9.63,7.68,11.02,7.6,4.73,10.52,0.5276,2.67,0
V01819,cargo,8,10.63,1.9,9.0,6.45,4.93,8.85,0.9594,2.57,0
V01820,passenger,2,13.57,8.11,11.23,9.04,18.88,9.2,0.52,1.24,0
V01821,cargo,2,12.98,5.52,12.09,7.77,17.18,11.84,0.5185,4.01,0
V01822,container,3,9.66,11.63,11.21,7.3,14.37,10.09,0.5883,0.81,0
V01823,cargo,7,10.62,1.32,18.64,3.04,8.8,4.14,0.3797,3.05,0
V01824,passenger,10,11.0,24.24,5.43,5.49,8.22,9.85,0.3375,5.75,0
V01825,cargo,6,12.0,0.99,1.51,9.22,4.68,6.44,0.3596,1.98,0
V01826,cargo,5,16.11,4.03,2.5,8.12,2.61,13.01,0.8492,4.85,0
V01827,container,5,17.73,12.24,6.35,6.98,16.3,12.96,0.9487,6.75,0
V01828,tanker,5,11.76,2.59,27.83,4.85,7.28,7.28,0.8878,0.65,0
V01829,container,4,6.95,3.71,9.44,8.35,4.21,7.72,0.4344,3.46,0
V01830,container,3,14.14,3.32,12.39,8.61,9.47,2.6,0.8905,3.31,1
V01831,container,8,12.52,7.73,5.97,10.9,7.98,4.9,0.6146,11.43,0
V01832,container,7,11.87,7.24,3.4,6.15,23.28,6.72,0.7014,5.46,1
V01833,container,6,17.08,5.51,6.62,9.74,9.37,14.59,0.6578,0.4,0
V01834,cargo,12,12.25,4.26,4.59,7.36,2.49,9.82,0.7279,2.83,0
V01835,cargo,3,7.97,2.91,6.7,6.69,11.96,6.27,0.8553,11.41,0
V01836,tanker,4,12.61,1.8,16.5,7.7,14.55,12.19,0.8971,1.15,0
V01837,tanker,11,12.42,0.39,6.78,7.41,4.35,7.51,0.6988,7.39,0
V01838,cargo,3,9.47,3.61,7.66,10.6,1.08,5.49,0.5144,1.58,0
V01839,cargo,7,9.91,6.99,2.52,10.37,8.24,6.78,0.3741,5.53,0
V01840,tanker,5,10.96,2.78,8.59,7.96,12.05,5.57,0.8401,2.48,0
V01841,container,4,12.33,1.03,8.06,6.93,2.38,11.86,0.5575,6.0,0
V01842,passenger,11,8.15,5.03,9.07,9.57,7.15,7.51,0.5606,2.2,0
V01843,passenger,1,13.78,7.22,25.79,6.48,10.39,5.43,0.1992,5.69,0
V01844,passenger,2,10.27,6.74,7.16,6.17,11.84,8.71,0.6588,9.09,0
V01845,cargo,8,9.17,19.26,18.73,4.8,15.37,8.95,0.5546,0.93,0
V01846,passenger,5,10.15,0.64,4.33,4.28,3.71,6.69,0.8138,3.12,0
V01847,cargo,6,9.76,5.88,5.79,8.74,1.15,8.46,0.8767,2.83,0
V01848,cargo,2,9.19,1.71,29.41,2.85,5.97,10.15,0.2265,4.75,0
V01849,tanker,8,11.33,3.1,11.92,5.12,14.62,8.27,0.3305,0.21,0
V01850,cargo,11,18.06,1.17,71.46,10.9,12.4,5.33,0.4813,0.29,0
V01851,passenger,2,14.87,9.5,7.11,6.64,5.68,6.37,0.3457,1.12,0
V01852,tanker,8,8.03,0.87,7.91,9.65,8.63,10.46,0.7548,0.92,0
V01853,container,12,8.59,7.24,5.99,5.21,13.13,10.72,0.5693,2.7,0
V01854,cargo,9,15.78,8.74,14.81,7.07,2.62,10.78,0.5095,6.79,0
V01855,container,11,5.06,0.05,6.76,5.78,9.7,4.18,0.5282,9.13,0
V01856,container,11,12.22,1.65,5.43,7.15,9.64,11.26,0.4705,4.46,0
V01857,passenger,12,8.48,1.61,22.54,10.11,5.84,7.89,0.6327,12.2,0
V01858,cargo,12,10.12,11.56,34.54,6.06,6.25,8.33,0.6766,1.78,0
V01859,passenger,12,7.87,1.04,13.17,8.51,9.53,4.09,0.6353,1.96,0
V01860,container,10,16.8,4.13,11.72,6.84,5.07,11.11,0.3489,2.38,0
V01861,cargo,3,10.4,0.08,10.12,5.42,4.41,8.03,0.8379,1.59,0
V01862,cargo,6,15.17,0.85,15.1,4.93,11.83,5.21,0.1317,0.65,0
V01863,cargo,4,13.07,1.62,4.82,6.43,4.82,9.32,0.4607,0.29,0
V01864,cargo,7,13.44,1.38,3.31,6.9,4.59,10.75,0.1963,3.05,0
V01865,cargo,10,15.54,1.77,5.91,12.36,6.48,10.54,0.7858,8.98,1
V01866,container,6,8.8,6.81,23.88,12.06,17.23,11.35,0.6441,6.1,0
V01867,container,2,12.28,5.97,11.9,6.19,8.76,5.87,0.281,2.43,0
V01868,container,5,8.17,6.53,8.28,5.33,4.65,8.59,0.8932,1.98,0
V01869,cargo,5,12.79,7.44,4.58,6.13,11.89,10.32,0.414,4.97,0
V01870,container,6,9.6,0.01,7.35,3.51,4.83,7.53,0.2455,1.31,0
V01871,container,4,15.69,1.87,4.7,6.34,7.15,9.63,0.7015,2.34,0
V01872,container,5,12.9,7.73,8.59,4.02,6.34,15.0,0.683,9.55,0
V01873,tanker,6,11.73,10.84,6.76,7.79,10.82,7.58,0.4453,2.44,0
V01874,cargo,10,14.01,6.65,5.99,5.44,10.64,10.79,0.6274,1.26,0
V01875,tanker,8,11.96,12.7,7.66,9.24,16.67,7.8,0.6405,1.78,1
V01876,tanker,8,7.97,5.91,26.69,5.72,12.73,8.16,0.4031,7.37,0
V01877,cargo,4,19.86,7.17,15.93,6.19,4.46,12.66,0.7032,0.13,0
V01878,passenger,5,10.71,10.65,16.11,9.05,14.63,5.27,0.1271,2.22,0
V01879,cargo,12,13.68,5.35,4.88,10.25,14.12,8.42,0.7028,8.12,0
V01880,container,12,8.96,3.44,12.53,6.09,7.88,10.43,0.7168,18.45,0
V01881,cargo,11,12.66,9.83,3.8,4.84,4.93,6.22,0.9566,2.61,0
V01882,cargo,5,17.59,7.18,9.04,3.7,5.8,5.75,0.6424,1.18,0
V01883,container,12,8.05,6.46,5.29,9.48,10.15,12.34,0.4166,2.55,0
V01884,cargo,9,8.61,4.59,3.58,4.01,3.16,9.32,0.6759,3.52,0
V01885,tanker,12,10.27,3.66,17.03,8.13,9.13,12.53,0.4627,11.0,0
V01886,tanker,1,8.42,6.33,3.36,9.18,5.63,13.31,0.2642,3.68,0
V01887,cargo,11,13.1,2.11,7.73,6.8,7.13,8.33,0.3,0.26,0
V01888,cargo,10,11.21,2.41,22.55,4.24,7.19,7.29,0.0633,1.45,0
V01889,tanker,11,10.92,2.68,21.41,6.66,5.99,15.0,0.229,0.88,0
V01890,container,5,12.82,2.27,1.26,7.37,4.9,3.58,0.4723,11.33,0
V01891,tanker,6,14.34,3.24,12.72,7.71,10.29,4.89,0.6848,2.04,0
V01892,passenger,8,12.46,7.33,10.64,7.03,10.82,8.6,0.3609,2.55,0
V01893,cargo,4,12.27,9.93,11.24,7.04,12.98,11.88,0.5122,0.73,0
V01894,cargo,6,12.6,3.14,4.14,8.22,4.06,11.91,0.6648,1.98,0
V01895,container,10,13.91,9.28,52.65,6.84,14.28,13.72,0.5968,1.07,0
V01896,container,9,11.69,6.21,5.72,9.49,2.74,8.48,0.1451,0.81,0
V01897,cargo,9,11.6,3.32,13.09,7.71,14.24,10.78,0.9317,1.03,0
V01898,cargo,4,16.3,5.69,7.64,6.45,9.69,5.6,0.3674,0.36,0
V01899,tanker,4,10.99,11.42,4.18,8.18,22.2,1.91,0.2582,8.28,0
V01900,cargo,11,11.32,5.59,10.43,6.16,7.78,12.18,0.3597,1.58,0
V01901,cargo,6,11.47,4.97,8.86,7.84,21.82,4.64,0.3118,4.83,1
V01902,container,12,13.23,1.97,13.05,5.88,12.87,4.61,0.528,3.29,0
V01903,passenger,1,5.3,0.56,12.48,9.24,6.15,9.86,0.6771,11.27,0
V01904,container,11,11.1,9.99,22.1,7.57,4.24,6.19,0.5751,7.35,0
V01905,container,9,11.48,3.58,2.79,6.19,3.56,11.44,0.5945,1.59,0
V01906,container,4,8.62,7.17,5.2,5.2,4.46,6.32,0.7187,0.94,0
V01907,tanker,6,3.55,5.23,10.74,3.59,11.36,13.41,0.4293,0.47,0
V01908,cargo,10,7.92,7.58,9.87,5.31,7.37,5.77,0.6049,4.28,0
V01909,tanker,8,6.96,1.14,6.87,8.9,0.5,11.2,0.5362,5.98,0
V01910,container,9,14.37,1.46,9.29,4.4,8.91,8.18,0.3586,5.09,0
V01911,cargo,10,11.02,10.68,8.72,9.23,4.85,8.86,0.608,2.27,0
V01912,passenger,3,8.82,5.68,8.97,7.51,4.02,12.62,0.7585,9.07,0
V01913,container,11,8.57,6.06,2.83,5.3,16.94,12.06,0.561,1.34,0
V01914,container,10,10.33,5.12,26.04,8.71,5.13,7.0,0.1169,0.14,0
V01915,cargo,2,10.37,3.42,3.2,5.55,5.29,10.67,0.3157,0.61,0
V01916,container,6,18.9,7.78,20.75,5.28,8.52,9.2,0.8534,0.25,0
V01917,container,11,9.37,4.29,17.1,6.9,8.14,5.87,0.4587,11.93,0
V01918,cargo,8,6.75,19.4,21.72,9.4,0.72,5.52,0.1245,0.39,1
V01919,cargo,3,16.51,7.3,9.63,8.53,5.85,6.47,0.6978,0.69,0
V01920,container,12,12.72,1.64,27.7,4.96,22.78,9.69,0.786,4.15,0
V01921,cargo,2,11.49,10.76,24.67,8.54,1.49,7.29,0.2398,1.07,0
V01922,container,10,11.91,7.62,22.6,9.5,1.37,10.95,0.7225,4.14,0
V01923,container,11,7.08,3.5,1.98,9.76,7.94,6.11,0.4796,13.56,0
V01924,cargo,3,9.64,11.13,6.11,8.29,4.68,9.06,0.7242,2.44,0
V01925,cargo,5,11.13,5.64,6.96,12.24,6.67,5.57,0.2215,0.7,0
V01926,tanker,2,10.35,2.96,13.61,5.33,6.76,5.93,0.9226,0.35,0
V01927,cargo,2,12.26,14.12,15.28,8.11,4.73,5.91,0.715,0.03,0
V01928,passenger,5,13.48,4.07,3.05,3.55,9.16,5.97,0.175,0.75,0
V01929,cargo,6,12.35,3.7,13.0,9.09,4.13,9.24,0.3399,0.93,0
V01930,cargo,5,13.76,2.38,13.73,4.39,2.77,7.66,0.7306,2.5,0
V01931,tanker,11,19.2,1.17,15.67,5.48,4.52,7.5,0.3633,3.85,0
V01932,container,11,11.65,3.79,8.19,3.6,10.13,12.04,0.6723,1.9,1
V01933,tanker,5,10.26,6.34,8.77,5.92,6.1,10.52,0.506,0.13,0
V01934,container,3,11.81,0.22,2.79,6.24,21.05,2.06,0.3487,0.67,0
V01935,tanker,7,12.15,0.27,29.97,6.09,8.1,10.06,0.7008,12.35,0
V01936,cargo,12,13.42,10.68,13.12,5.36,11.31,6.52,0.2079,3.66,0
V01937,container,6,14.71,8.42,19.19,8.65,8.06,8.32,0.2752,3.34,0
V01938,container,4,11.79,0.06,6.94,6.22,1.66,8.79,0.4096,6.28,0
V01939,container,1,14.91,5.98,13.91,7.14,8.29,6.91,0.6508,9.63,0
V01940,tanker,4,17.24,0.85,12.67,9.23,3.16,5.3,0.6964,10.71,0
V01941,cargo,1,5.77,3.85,2.17,3.18,6.79,10.49,0.0985,2.46,0
V01942,cargo,10,14.48,4.5,13.19,7.46,18.18,8.0,0.8378,4.75,0
V01943,cargo,6,12.73,4.98,3.88,5.79,17.06,11.42,0.7251,8.61,1
V01944,cargo,10,14.13,4.81,9.83,5.77,13.6,6.72,0.5475,2.24,0
V01945,container,7,13.64,7.73,16.02,8.52,6.8,3.09,0.2167,0.14,0
V01946,container,11,10.55,0.69,6.85,4.04,5.87,15.0,0.6225,14.58,0
V01947,cargo,1,11.96,7.18,6.85,7.83,11.47,10.84,0.766,5.5,0
V01948,passenger,9,16.64,6.88,19.29,10.26,28.32,10.88,0.7215,3.44,0
V01949,cargo,11,12.64,1.44,27.61,6.65,11.27,4.79,0.4138,9.44,0
V01950,cargo,5,15.25,4.73,10.3,6.52,3.19,8.24,0.2104,13.87,0
V01951,container,9,6.97,2.82,3.52,5.82,11.22,14.09,0.2473,6.15,0
V01952,container,11,6.5,1.42,5.88,5.1,3.31,6.62,0.6305,5.51,0
V01953,cargo,7,14.56,7.61,11.84,11.46,8.79,8.31,0.461,2.36,0
V01954,container,8,14.19,13.33,34.19,10.51,18.44,4.39,0.5783,7.2,1
V01955,cargo,5,12.98,5.09,24.59,7.09,3.72,9.98,0.5742,0.84,0
V01956,tanker,12,8.61,3.13,16.25,7.49,5.03,9.14,0.5006,1.23,0
V01957,container,4,10.68,8.95,4.37,6.44,12.22,10.75,0.5076,3.17,0
V01958,tanker,4,12.1,1.01,3.06,7.82,0.52,9.72,0.7018,1.0,1
V01959,passenger,4,15.27,3.64,2.5,3.98,17.0,2.37,0.7014,2.49,0
V01960,cargo,8,12.79,0.41,21.14,6.56,2.86,9.66,0.4403,3.21,0
V01961,cargo,6,8.55,5.97,27.59,7.04,4.33,5.9,0.0843,4.78,0
V01962,container,9,9.83,3.33,3.33,7.46,6.45,8.8,0.4103,0.87,0
V01963,container,7,9.39,1.06,39.37,8.76,7.73,11.37,0.8186,0.57,0
V01964,container,7,9.63,2.65,16.59,3.22,3.56,9.03,0.7405,1.43,0
V01965,tanker,5,9.24,4.31,11.03,6.19,8.52,7.1,0.1934,0.93,0
V01966,cargo,6,15.01,1.9,8.38,10.44,2.47,2.23,0.8797,0.58,0
V01967,tanker,7,4.64,7.23,2.57,11.16,15.15,4.2,0.4966,4.38,0
V01968,container,3,13.03,2.12,7.02,5.97,16.9,6.4,0.8908,0.54,1
V01969,tanker,11,13.38,7.3,8.89,7.23,7.98,8.76,0.4859,9.57,0
V01970,tanker,5,10.44,2.17,22.01,8.24,3.13,9.09,0.6697,4.73,0
V01971,tanker,3,16.04,11.78,7.62,10.41,12.45,14.69,0.3722,2.97,0
V01972,cargo,3,10.79,8.49,5.02,5.43,10.7,9.33,0.5303,14.41,1
V01973,passenger,7,11.51,7.63,1.38,7.71,0.64,6.68,0.6393,1.83,0
V01974,cargo,4,16.56,7.52,13.53,8.88,12.05,6.37,0.6348,4.1,0
V01975,passenger,4,0.74,7.02,82.29,9.05,27.1,9.1,0.3887,2.52,0
V01976,container,5,9.3,2.01,2.62,11.26,9.47,13.47,0.2272,7.7,0
V01977,cargo,3,10.63,6.15,3.61,9.31,17.47,12.57,0.2485,3.28,0
V01978,container,1,13.1,2.72,6.78,9.53,1.47,7.66,0.8021,21.52,0
V01979,container,9,8.21,4.91,6.91,2.28,8.03,9.92,0.5397,0.0,0
V01980,tanker,2,13.48,3.28,9.79,8.68,11.63,10.26,0.4372,9.82,0
V01981,container,6,12.28,5.6,2.7,8.05,14.23,8.77,0.8052,2.66,0
V01982,passenger,9,13.07,5.69,15.6,7.12,6.08,10.85,0.2286,8.72,0
V01983,cargo,11,16.23,4.25,1.0,10.7,3.79,4.38,0.7908,2.55,1
V01984,container,2,9.8,9.73,22.9,8.89,7.06,8.92,0.6913,12.68,0
V01985,container,8,7.83,8.03,16.37,5.49,9.49,6.56,0.3834,21.28,0
V01986,passenger,9,12.42,6.63,12.06,5.92,6.06,7.44,0.7021,12.13,0
V01987,passenger,4,12.18,12.55,3.38,7.13,2.86,10.72,0.3625,0.15,0
V01988,passenger,2,13.37,4.35,13.05,9.32,3.51,6.09,0.3322,2.0,0
V01989,cargo,10,14.21,1.69,14.36,4.65,0.99,7.93,0.5603,14.33,0
V01990,passenger,8,8.87,6.16,1.84,7.55,8.67,5.35,0.4808,1.86,0
V01991,tanker,5,9.7,4.71,6.87,8.57,5.44,7.51,0.8201,6.99,0
V01992,tanker,3,8.37,2.19,26.33,6.29,5.34,12.62,0.68,4.34,0
V01993,tanker,4,9.83,15.41,4.04,7.49,2.32,12.54,0.2759,2.82,0
V01994,container,8,9.75,11.39,30.71,5.85,6.25,6.39,0.5651,1.68,0
V01995,cargo,2,12.47,2.79,3.28,11.65,10.32,9.44,0.485,4.32,1
V01996,container,1,5.92,11.89,6.25,4.0,6.24,3.54,0.5844,8.17,0
V01997,cargo,11,8.02,4.26,7.68,8.56,3.99,11.56,0.2599,4.08,0
V01998,passenger,2,16.3,2.15,8.89,3.58,13.55,7.42,0.745,1.01,0
V01999,cargo,8,13.16,0.18,9.02,7.88,0.6,7.78,0.8162,4.39,0
V02000,container,11,13.88,1.31,28.65,7.98,5.88,11.18,0.6516,0.52,0
V02001,cargo,2,18.2,12.27,6.44,6.3,14.83,13.82,0.2376,4.14,0
V02002,container,8,14.3,4.44,16.51,7.48,22.89,9.76,0.1866,5.83,0
V02003,cargo,6,11.11,3.65,7.81,11.23,2.14,7.09,0.2465,4.88,0
V02004,cargo,3,10.54,2.94,14.55,7.0,9.55,11.51,0.3698,9.86,0
V02005,cargo,11,12.79,9.02,7.54,7.39,19.29,11.21,0.7726,2.89,0
V02006,container,3,9.2,4.88,19.36,9.42,27.99,12.42,0.7943,10.08,0
V02007,container,6,14.78,6.0,13.56,7.76,9.14,6.46,0.6612,1.73,0
V02008,cargo,7,13.34,8.21,18.12,9.34,8.34,11.64,0.4911,7.89,0
V02009,tanker,11,12.1,6.31,11.61,10.97,4.56,7.53,0.5075,7.05,0
V02010,cargo,8,9.77,7.11,4.13,4.22,4.14,14.49,0.1845,0.12,0
V02011,cargo,6,13.28,5.85,11.56,4.2,2.62,7.73,0.1211,1.59,0
V02012,container,3,10.21,3.99,4.78,3.43,20.85,9.11,0.7699,10.4,0
V02013,passenger,10,18.85,6.23,2.61,7.07,5.17,8.98,0.4143,0.48,0
V02014,cargo,10,6.69,1.65,6.3,8.36,12.23,7.24,0.8288,2.65,0
V02015,tanker,5,6.13,4.3,12.79,7.03,5.38,9.51,0.3272,14.39,0
V02016,cargo,6,11.22,5.69,8.38,8.77,15.46,11.24,0.926,9.19,0
V02017,container,3,14.6,7.96,3.19,9.67,3.36,8.33,0.3793,0.72,0
V02018,tanker,8,10.49,13.97,7.12,5.05,16.47,6.33,0.2653,0.21,0
V02019,tanker,2,12.56,2.08,20.37,9.01,8.89,15.0,0.8193,6.28,0
V02020,cargo,5,11.47,5.43,8.37,4.67,9.15,12.7,0.5966,1.97,0
V02021,container,9,12.66,1.0,5.65,4.84,6.01,9.79,0.9035,10.78,0
V02022,container,12,10.98,4.62,20.9,8.86,15.93,11.72,0.8322,2.23,0
V02023,passenger,10,13.47,4.39,7.25,9.47,1.95,14.26,0.682,3.2,0
V02024,cargo,8,11.92,1.55,2.73,6.22,4.81,7.66,0.3897,0.43,0
V02025,container,1,11.26,4.72,2.98,7.76,5.56,5.07,0.0989,4.87,0
V02026,cargo,5,8.61,1.52,5.19,4.38,7.3,7.35,0.6008,4.06,0
V02027,passenger,11,7.72,7.14,6.05,5.62,15.83,11.12,0.1873,7.9,0
V02028,cargo,6,13.89,3.66,3.27,10.9,16.03,9.82,0.9865,0.88,0
V02029,cargo,5,6.98,11.45,4.15,7.05,5.57,5.88,0.2967,1.63,1
V02030,cargo,12,5.93,5.29,16.24,3.43,8.66,10.37,0.9378,2.11,0
V02031,tanker,12,8.54,4.66,31.04,9.89,3.4,3.55,0.5336,0.57,0
V02032,cargo,5,16.06,5.78,7.68,7.54,11.87,14.21,0.1001,12.77,0
V02033,cargo,12,10.04,16.66,10.82,6.49,8.2,6.01,0.5995,14.25,0
V02034,passenger,2,7.07,8.24,17.7,7.2,5.84,11.72,0.521,2.88,0
V02035,cargo,9,15.79,5.49,6.69,8.15,7.62,12.4,0.3129,2.9,0
V02036,cargo,1,10.23,7.06,6.63,7.37,18.83,8.75,0.2618,0.6,0
V02037,tanker,12,10.53,3.09,26.71,6.84,7.5,9.89,0.6874,0.64,0
V02038,cargo,2,9.71,4.67,24.5,12.54,12.32,11.16,0.2071,0.36,0
V02039,tanker,9,13.38,7.01,9.84,6.42,12.26,6.4,0.4924,5.03,0
V02040,tanker,1,6.09,0.61,2.84,10.94,9.48,11.75,0.1966,2.57,0
V02041,cargo,2,15.41,4.3,18.74,7.91,8.61,7.49,0.3999,5.58,0
V02042,cargo,1,4.52,2.55,6.48,7.45,6.15,9.18,0.6313,0.13,0
V02043,passenger,9,10.14,2.18,1.93,5.07,6.86,9.74,0.399,0.23,0
V02044,container,9,9.75,1.06,21.64,9.28,5.93,6.72,0.5757,0.77,0
V02045,tanker,8,13.44,4.83,13.44,8.24,5.63,12.54,0.4465,0.35,0
V02046,cargo,7,11.78,4.21,7.14,6.62,28.2,10.42,0.3984,4.81,1
V02047,tanker,7,14.13,7.68,8.55,8.37,1.9,9.38,0.5551,0.74,1
V02048,passenger,9,8.42,8.8,7.67,6.67,9.29,8.86,0.2468,15.98,0
V02049,passenger,9,6.99,4.02,9.55,5.53,30.95,7.58,0.8014,13.15,0
V02050,tanker,3,12.64,4.46,8.44,8.24,3.99,12.22,0.5817,5.15,0
V02051,tanker,4,6.96,8.77,10.26,7.18,7.1,6.47,0.3636,1.98,0
V02052,passenger,10,11.42,7.21,3.48,10.34,9.1,5.83,0.4467,1.19,0
V02053,passenger,3,14.54,10.57,7.84,5.66,11.59,7.92,0.3375,1.66,0
V02054,cargo,12,8.05,2.08,19.4,7.66,14.74,14.05,0.763,10.52,0
V02055,tanker,4,15.77,5.25,9.35,7.05,29.16,9.05,0.1411,1.14,0
V02056,cargo,4,8.32,0.65,9.12,6.36,20.13,8.81,0.4991,4.47,0
V02057,container,2,11.95,1.65,13.71,6.66,19.41,14.67,0.1361,0.69,0
V02058,tanker,10,12.15,10.52,11.79,10.93,3.42,6.76,0.945,5.41,0
V02059,container,11,11.96,3.79,1.0,7.64,12.46,8.39,0.6186,1.89,0
V02060,container,9,8.89,7.63,2.97,5.87,1.79,6.98,0.6815,1.62,0
V02061,container,5,18.83,6.58,1.63,6.99,12.1,7.39,0.5346,0.21,0
V02062,tanker,12,12.37,1.64,4.61,11.17,3.23,12.5,0.7043,3.52,0
V02063,tanker,6,13.85,4.16,4.87,5.9,32.92,9.28,0.5647,2.1,0
V02064,container,5,8.98,1.27,10.06,7.49,12.37,8.47,0.4042,1.8,0
V02065,container,7,9.52,1.11,5.52,5.92,11.82,7.02,0.7121,6.39,0
V02066,cargo,11,13.21,3.94,2.79,8.94,2.6,6.17,0.3567,0.02,0
V02067,cargo,9,11.6,3.61,13.55,6.11,12.49,10.22,0.4361,0.59,0
V02068,container,2,10.99,5.45,12.29,6.64,12.0,7.39,0.086,28.33,0
V02069,container,1,8.27,4.62,3.77,10.48,19.1,7.4,0.3514,0.58,0
V02070,container,10,14.35,4.04,7.8,8.45,0.33,13.85,0.8864,4.15,0
V02071,tanker,1,11.62,6.21,3.04,7.44,13.74,5.98,0.7848,8.15,1
V02072,container,6,8.27,6.18,4.06,8.04,8.8,3.89,0.7727,10.55,0
V02073,cargo,10,11.73,7.91,12.7,5.06,11.67,4.4,0.5612,3.03,0
V02074,tanker,10,12.55,6.37,4.69,7.72,4.88,11.59,0.3475,2.42,0
V02075,cargo,10,8.37,5.35,5.03,8.12,23.89,7.55,0.3724,2.42,0
V02076,cargo,7,12.33,7.1,13.85,9.79,4.54,6.81,0.3627,6.13,0
V02077,tanker,10,13.44,1.82,11.87,7.91,9.82,9.1,0.0951,3.27,0
V02078,tanker,8,11.64,2.54,6.79,6.34,11.56,11.61,0.8477,2.52,0
V02079,tanker,8,12.87,6.35,9.31,6.38,12.27,6.51,0.119,5.53,1
V02080,tanker,11,12.67,10.19,9.07,10.49,12.01,8.81,0.4161,0.45,0
V02081,tanker,11,11.0,5.43,6.7,8.34,17.01,4.13,0.8204,1.51,1
V02082,passenger,1,15.17,3.49,21.26,6.14,8.63,8.6,0.1689,2.12,0
V02083,tanker,8,14.45,10.16,26.01,6.27,3.96,6.29,0.3322,3.47,0
V02084,container,10,7.66,5.85,18.6,7.08,4.9,7.64,0.4282,2.51,0
V02085,tanker,2,8.93,7.9,26.79,5.69,7.11,9.43,0.4418,0.94,0
V02086,tanker,2,9.34,4.34,1.6,5.06,4.35,9.58,0.3197,0.42,0
V02087,container,6,12.3,5.5,24.09,4.01,7.2,3.99,0.5025,5.34,0
V02088,tanker,4,15.41,0.56,8.77,9.94,13.19,3.3,0.3729,1.98,0
V02089,container,8,14.76,13.5,10.23,7.28,5.45,6.4,0.525,0.6,0
V02090,passenger,12,14.15,1.06,9.29,7.88,5.19,8.09,0.4405,4.97,0
V02091,container,1,17.13,2.72,5.2,7.99,7.18,11.93,0.1437,5.01,0
V02092,container,3,17.31,7.21,4.53,9.2,19.95,7.34,0.1843,3.29,0
V02093,passenger,8,11.12,0.4,6.89,8.94,13.89,9.4,0.945,0.43,0
V02094,container,3,13.59,10.54,11.58,6.82,7.25,8.9,0.5677,0.22,0
V02095,cargo,12,16.81,8.13,5.62,8.04,8.71,8.63,0.5621,0.14,0
V02096,tanker,7,12.68,3.77,2.85,5.86,13.29,9.66,0.6984,2.37,0
V02097,passenger,2,14.99,3.08,4.48,9.07,3.16,10.93,0.5517,1.48,0
V02098,tanker,3,14.5,5.07,15.16,10.97,11.07,7.19,0.6465,1.02,0
V02099,cargo,7,14.53,3.23,10.97,10.88,9.42,15.0,0.4725,9.77,0
V02100,cargo,12,5.4,3.81,7.16,7.33,15.48,11.75,0.6757,1.18,0
V02101,cargo,4,10.45,6.73,17.07,9.19,5.85,5.96,0.3648,2.72,0
V02102,tanker,6,18.18,7.7,13.68,6.91,13.05,2.33,0.7275,2.14,0
V02103,cargo,4,8.0,4.64,7.73,10.95,5.56,5.95,0.7419,5.14,0
V02104,cargo,8,9.63,7.13,9.49,6.52,4.51,10.41,0.3498,2.83,0
V02105,tanker,1,10.63,1.4,31.08,2.54,18.06,12.62,0.7173,4.92,0
V02106,passenger,9,17.53,20.88,3.98,8.39,12.96,3.23,0.6845,1.77,0
V02107,cargo,12,12.63,2.85,7.48,6.3,2.12,9.44,0.6543,7.98,0
V02108,cargo,6,5.48,11.73,4.89,7.23,9.86,13.81,0.183,1.57,0
V02109,passenger,10,4.4,7.89,17.32,9.93,9.48,10.21,0.5615,13.08,0
V02110,cargo,2,11.59,8.25,11.99,7.0,4.15,7.03,0.8006,7.72,0
V02111,cargo,7,11.43,6.42,7.26,9.11,30.68,12.71,0.9546,1.65,0
V02112,cargo,8,4.14,3.97,7.27,6.75,25.46,7.02,0.2025,21.83,0
V02113,cargo,10,13.06,4.84,15.58,11.42,3.69,3.98,0.628,1.37,0
V02114,cargo,10,10.77,0.52,32.53,5.1,5.43,5.91,0.853,3.43,0
V02115,container,1,17.47,7.29,18.04,7.46,26.49,7.99,0.4359,1.35,0
V02116,tanker,7,11.84,7.25,13.45,5.17,17.53,8.35,0.3888,3.39,0
V02117,cargo,9,10.02,0.48,19.18,10.08,11.44,10.17,0.5441,1.6,0
V02118,passenger,12,8.58,0.02,1.45,5.57,12.35,8.65,0.6434,5.75,0
V02119,tanker,6,13.55,6.85,8.69,6.16,4.04,8.08,0.2558,13.12,0
V02120,cargo,5,15.55,3.48,7.83,6.36,8.16,8.3,0.1574,7.75,0
V02121,tanker,3,11.33,0.58,4.54,6.24,7.84,3.58,0.6295,6.61,0
V02122,tanker,12,8.71,16.04,1.04,8.2,13.7,8.99,0.3891,1.11,0
V02123,tanker,8,9.16,10.69,6.83,9.48,5.82,6.43,0.5081,0.24,0
V02124,tanker,7,5.31,2.63,16.08,8.21,5.3,14.5,0.1957,1.88,1
V02125,container,11,15.73,3.32,5.04,11.17,4.26,6.94,0.7652,3.13,0
V02126,passenger,1,8.2,2.56,12.14,9.23,10.23,3.53,0.4543,5.04,0
V02127,cargo,10,6.37,5.08,7.29,8.98,5.04,12.82,0.6146,14.23,0
V02128,container,6,18.93,3.77,3.33,7.84,2.94,6.14,0.5845,0.11,0
V02129,cargo,3,18.25,12.03,14.03,7.51,9.35,9.43,0.5886,3.18,0
V02130,tanker,8,13.73,3.63,1.23,8.21,10.12,8.45,0.3589,2.96,0
V02131,tanker,9,10.43,10.42,11.91,5.27,12.48,7.44,0.6245,2.55,0
V02132,container,8,7.65,2.27,26.49,6.97,10.62,14.43,0.6689,1.33,1
V02133,cargo,4,5.66,2.33,10.42,7.81,4.3,9.32,0.6767,2.67,0
V02134,tanker,11,14.09,10.92,13.46,5.45,13.08,4.9,0.7521,8.87,0
V02135,passenger,10,13.9,5.92,6.72,8.5,8.9,9.8,0.5589,2.39,0
V02136,container,6,16.63,5.8,6.02,11.33,10.62,11.34,0.5892,4.22,0
V02137,cargo,4,9.94,2.15,29.58,6.61,18.82,5.95,0.4265,0.99,0
V02138,tanker,2,10.74,10.13,22.83,3.37,3.12,7.6,0.4607,3.15,0
V02139,container,6,9.76,4.91,8.96,7.79,11.42,6.92,0.7262,9.64,0
V02140,container,9,20.56,0.92,16.08,6.65,12.95,7.75,0.3952,0.53,0
V02141,cargo,8,10.25,3.61,2.88,6.75,0.98,6.25,0.6067,9.06,0
V02142,cargo,10,15.46,6.94,8.82,7.62,5.09,8.9,0.5621,9.59,0
V02143,tanker,2,16.29,2.29,18.67,5.42,7.39,8.15,0.2766,8.46,0
V02144,container,5,14.23,8.0,12.59,8.08,13.87,11.06,0.4444,1.81,0
V02145,cargo,10,13.55,0.94,23.97,6.74,12.36,12.85,0.8779,1.66,0
V02146,tanker,5,4.82,5.83,3.29,6.46,4.14,12.52,0.2194,0.15,0
V02147,container,10,5.93,1.05,13.89,8.15,7.65,7.79,0.399,5.49,0
V02148,container,3,14.74,12.22,5.13,5.6,9.1,7.27,0.8399,11.6,1
V02149,passenger,12,15.29,15.75,31.54,6.71,16.3,15.0,0.4873,8.38,0
V02150,container,11,13.07,6.35,12.65,7.46,41.41,4.39,0.9034,1.87,0
V02151,container,9,9.6,2.27,13.85,4.55,6.19,2.56,0.5526,0.63,0
V02152,tanker,9,8.26,8.25,51.5,5.32,2.33,8.2,0.4823,2.01,1
V02153,cargo,9,5.84,0.46,27.33,6.08,21.75,14.14,0.2286,7.65,0
V02154,container,2,17.59,9.91,5.67,6.58,8.3,7.8,0.162,4.9,0
V02155,cargo,7,8.22,1.09,3.39,8.25,6.4,11.4,0.7615,0.43,0
V02156,passenger,6,10.01,6.5,10.29,3.42,4.24,1.93,0.8916,5.83,0
V02157,container,6,7.52,0.27,2.27,2.91,8.03,7.52,0.1784,0.26,0
V02158,cargo,5,10.53,0.57,4.47,6.56,6.76,7.8,0.5805,1.38,0
V02159,tanker,7,10.31,5.03,4.01,10.35,7.59,10.57,0.6399,4.33,0
V02160,tanker,2,9.74,3.9,26.14,11.14,1.44,11.92,0.7125,5.31,0
V02161,cargo,10,12.18,11.14,37.39,6.86,6.56,7.51,0.6649,18.6,0
V02162,container,9,20.3,7.35,4.7,9.82,3.72,11.24,0.5181,1.95,0
V02163,container,10,9.52,6.69,22.87,3.79,19.02,3.83,0.3693,7.18,0
V02164,tanker,12,11.95,0.53,6.98,7.29,8.07,11.47,0.7452,0.49,0
V02165,cargo,4,15.59,3.47,13.52,7.57,3.37,6.81,0.4152,1.95,0
V02166,container,6,10.23,5.18,5.48,8.59,11.15,7.28,0.4437,8.34,0
V02167,container,6,13.71,8.68,32.98,5.56,6.79,5.57,0.6084,9.56,0
V02168,tanker,4,13.33,3.84,11.1,7.05,6.46,6.25,0.3801,1.19,0
V02169,tanker,10,8.2,8.6,6.62,9.35,5.71,6.88,0.1874,1.98,0
V02170,tanker,8,15.09,1.71,5.28,8.36,4.13,8.62,0.6283,17.74,0
V02171,container,5,14.87,0.41,1.41,6.09,6.45,8.02,0.8719,0.39,0
V02172,tanker,6,11.21,7.63,14.72,7.27,5.76,6.99,0.704,4.75,1
V02173,cargo,9,7.91,0.28,9.77,7.13,6.24,9.13,0.3269,3.99,0
V02174,cargo,5,12.09,10.86,7.56,8.85,9.4,11.98,0.6389,4.54,0
V02175,container,6,9.02,8.82,25.62,8.21,10.39,5.19,0.162,2.4,0
V02176,tanker,10,11.14,5.49,10.51,8.54,4.03,9.78,0.4789,6.55,0
V02177,passenger,2,12.63,3.23,29.11,6.73,8.24,10.15,0.5224,0.59,0
V02178,container,4,10.33,1.29,13.72,7.13,22.46,7.51,0.2734,2.39,0
V02179,cargo,9,10.26,3.57,3.71,7.44,5.89,12.75,0.648,5.13,0
V02180,cargo,8,7.4,2.41,10.51,8.27,7.53,6.29,0.5838,5.98,0
V02181,cargo,10,4.01,3.56,4.41,6.41,3.85,5.58,0.706,0.81,0
V02182,passenger,8,12.01,10.02,11.02,10.35,8.81,4.65,0.7956,10.05,1
V02183,container,5,10.42,1.21,5.2,5.41,7.0,9.96,0.1551,3.12,0
V02184,container,3,12.86,14.92,5.79,9.22,4.47,6.92,0.8296,4.65,0
V02185,container,4,11.71,9.91,3.37,9.17,16.54,9.03,0.8804,13.04,0
V02186,cargo,11,11.54,0.91,24.33,6.66,2.78,6.38,0.3563,0.27,0
V02187,container,8,9.46,1.88,12.1,12.75,9.54,6.45,0.7143,12.6,0
V02188,container,1,8.85,2.47,4.1,4.22,14.04,6.31,0.2233,0.28,0
V02189,container,5,12.6,9.91,19.01,10.19,13.29,4.79,0.5374,12.21,0
V02190,cargo,12,11.8,4.68,3.96,2.76,9.15,11.48,0.1978,10.35,0
V02191,tanker,2,14.62,2.21,5.85,6.3,4.43,8.06,0.7448,0.65,0
V02192,tanker,3,12.75,15.58,7.77,6.07,1.9,6.99,0.4158,0.23,0
V02193,cargo,3,2.56,12.63,3.97,6.71,8.77,6.79,0.4246,9.54,0
V02194,tanker,7,5.03,9.09,7.28,6.96,6.33,4.7,0.7954,1.38,0
V02195,tanker,1,15.46,0.46,11.32,5.08,5.41,11.08,0.6649,11.98,0
V02196,passenger,12,11.9,3.95,7.36,4.45,2.32,5.13,0.9645,2.1,1
V02197,cargo,6,15.87,2.31,7.42,8.75,3.61,5.37,0.5873,5.58,0
V02198,container,10,11.75,9.84,10.39,6.09,7.26,11.71,0.562,8.94,0
V02199,tanker,7,10.27,3.22,11.87,7.98,4.93,9.93,0.2175,4.43,0
V02200,tanker,9,11.18,4.77,4.04,8.71,6.85,8.81,0.5284,3.01,0
V02201,container,8,10.86,6.54,13.37,6.9,12.57,13.23,0.7392,1.16,0
V02202,tanker,3,10.73,9.67,16.83,9.56,5.73,6.75,0.1695,5.34,0
V02203,passenger,4,8.73,3.64,3.26,5.94,12.72,10.58,0.7245,3.98,0
V02204,tanker,4,12.71,0.99,9.9,7.55,2.55,6.23,0.5225,2.31,0
V02205,container,9,8.68,9.06,5.13,10.24,5.21,10.83,0.1843,13.93,0
V02206,tanker,5,14.6,1.35,24.76,8.7,4.28,7.55,0.431,4.77,0
V02207,container,11,11.64,5.16,12.84,6.47,9.03,3.98,0.8592,3.0,0
V02208,cargo,1,6.42,7.75,6.61,9.48,2.01,8.71,0.8713,0.37,0
V02209,passenger,11,17.41,6.64,4.62,8.51,11.03,8.97,0.5012,3.07,1
V02210,container,11,9.9,5.57,3.01,8.6,7.28,1.41,0.5105,0.91,0
V02211,container,11,9.22,2.84,27.4,9.57,17.61,8.76,0.9101,17.6,0
V02212,tanker,2,13.26,9.45,28.53,7.25,3.12,10.68,0.4727,4.93,0
V02213,container,9,11.21,10.33,13.02,5.36,12.85,5.9,0.5698,1.22,0
V02214,container,9,14.55,3.13,5.15,8.08,2.73,7.22,0.558,0.37,0
V02215,cargo,1,16.13,9.26,15.94,4.4,6.47,5.42,0.308,7.38,0
V02216,tanker,6,11.07,4.01,3.82,5.87,13.19,1.16,0.3418,0.33,0
V02217,tanker,3,11.97,10.68,3.19,7.69,18.08,8.11,0.4493,4.0,0
V02218,cargo,7,9.36,10.93,9.93,7.46,11.19,5.41,0.8435,0.72,0
V02219,container,2,18.67,9.77,18.05,6.83,5.47,6.67,0.7882,6.7,0
V02220,tanker,6,15.66,3.31,25.96,6.3,0.71,7.06,0.5542,0.73,0
V02221,passenger,2,12.05,7.54,3.99,5.85,6.04,11.65,0.3908,2.83,0
V02222,tanker,9,11.44,4.44,3.84,5.13,14.17,10.2,0.6208,7.65,0
V02223,cargo,10,8.83,16.43,9.48,7.55,12.59,7.91,0.7723,4.64,0
V02224,cargo,2,13.19,6.7,2.92,3.19,4.56,5.85,0.3253,2.56,0
V02225,cargo,5,12.05,1.77,3.41,4.41,9.86,6.57,0.4206,0.03,0
V02226,container,7,13.39,1.07,20.01,7.82,7.44,4.29,0.4097,0.63,0
V02227,container,3,15.04,5.32,14.55,6.89,16.23,11.87,0.5233,1.77,0
V02228,tanker,2,9.67,2.52,8.19,8.33,3.85,8.27,0.7413,1.62,0
V02229,container,8,7.99,6.63,6.54,6.46,6.25,7.3,0.2803,6.27,0
V02230,passenger,6,13.96,3.16,24.44,4.34,1.76,7.29,0.5523,11.58,0
V02231,tanker,9,8.96,2.05,13.71,8.8,17.36,4.76,0.5658,7.54,0
V02232,container,4,10.13,13.4,4.79,3.54,7.88,7.43,0.7769,2.84,0
V02233,container,3,8.91,2.22,14.61,9.2,1.79,12.32,0.8493,4.18,0
V02234,cargo,10,10.46,1.21,14.41,7.77,10.96,4.07,0.903,3.97,0
V02235,passenger,9,18.21,7.87,7.03,7.83,21.87,4.99,0.4598,0.92,0
V02236,container,9,15.91,6.86,14.71,7.78,5.69,8.37,0.5295,0.86,0
V02237,container,2,14.29,14.28,9.17,7.58,4.11,11.64,0.62,1.64,0
V02238,container,4,9.18,8.24,14.82,7.65,10.05,10.24,0.5203,3.52,0
V02239,cargo,4,10.63,6.49,6.2,10.92,5.39,5.98,0.4065,3.93,0
V02240,cargo,10,15.04,7.61,17.37,8.08,5.02,8.11,0.4332,0.11,1
V02241,cargo,6,11.6,7.88,6.73,6.66,8.05,11.57,0.6177,1.82,0
V02242,tanker,4,15.13,6.68,1.77,10.71,9.09,7.17,0.5633,0.35,0
V02243,container,11,8.02,1.83,9.22,7.71,6.26,13.38,0.1691,1.43,0
V02244,passenger,8,10.48,0.51,9.77,10.05,5.41,7.06,0.4346,10.04,0
V02245,cargo,12,11.5,2.94,10.38,6.78,5.42,4.48,0.8276,0.03,0
V02246,container,3,10.44,5.46,7.58,2.43,0.6,6.57,0.1934,2.4,0
V02247,cargo,12,8.54,3.97,9.05,3.19,8.03,6.7,0.5563,0.57,0
V02248,container,8,6.81,7.23,3.72,5.22,0.77,9.63,0.6013,5.22,0
V02249,container,1,15.22,1.42,1.65,11.92,6.39,5.81,0.2973,7.18,0
V02250,container,2,4.62,3.53,6.01,6.3,14.43,8.81,0.1466,1.72,0
V02251,passenger,1,8.36,2.12,3.99,3.68,19.08,11.66,0.7796,0.6,0
V02252,container,10,19.69,2.3,6.13,3.8,10.92,9.8,0.434,0.03,0
V02253,cargo,12,12.99,1.45,4.5,3.71,12.27,11.59,0.6508,3.75,0
V02254,cargo,9,10.1,0.89,37.61,9.76,9.22,8.21,0.394,3.01,0
V02255,cargo,1,16.84,2.9,9.98,6.13,29.33,11.17,0.257,2.5,0
V02256,container,5,11.38,4.93,24.46,9.5,6.53,10.32,0.4738,1.44,0
V02257,container,12,14.18,8.54,17.58,6.39,14.62,5.42,0.8623,7.31,1
V02258,tanker,8,12.27,0.44,20.81,5.24,6.77,9.75,0.2708,6.05,0
V02259,cargo,1,9.43,11.45,5.8,6.91,4.11,11.97,0.7412,14.86,0
V02260,cargo,2,18.73,2.48,3.95,4.06,5.62,4.93,0.5137,3.01,0
V02261,tanker,1,12.29,3.87,2.66,9.26,7.73,8.88,0.4442,0.37,0
V02262,tanker,12,6.71,11.55,1.65,4.58,0.75,8.33,0.6304,7.81,0
V02263,cargo,7,7.26,1.31,8.97,3.23,1.79,7.06,0.534,4.21,0
V02264,tanker,12,12.28,2.74,5.81,5.02,16.62,6.02,0.4766,2.49,0
V02265,container,4,10.45,4.77,2.02,6.29,7.27,9.25,0.7285,4.68,0
V02266,passenger,1,11.23,0.23,13.81,8.31,5.82,11.07,0.906,9.06,0
V02267,cargo,11,8.44,2.8,2.95,6.69,22.77,10.4,0.5151,1.02,0
V02268,passenger,8,13.47,4.09,18.61,3.93,11.11,3.36,0.199,1.98,0
V02269,passenger,11,15.72,4.41,6.22,4.85,6.39,11.48,0.8941,1.24,0
V02270,cargo,11,11.5,0.85,10.63,8.66,7.5,6.0,0.7692,2.97,0
V02271,passenger,12,13.09,6.7,6.63,9.83,11.5,9.33,0.5989,17.34,0
V02272,cargo,10,13.13,3.45,2.85,11.86,25.78,0.3,0.9226,0.61,0
V02273,cargo,7,8.11,5.44,6.53,7.62,10.4,10.49,0.6214,0.34,0
V02274,passenger,6,12.89,5.51,4.35,5.5,0.43,9.06,0.6588,1.03,0
V02275,cargo,1,10.65,8.45,17.8,7.52,8.03,7.77,0.4786,3.54,0
V02276,container,6,9.68,7.74,3.95,5.96,22.79,14.22,0.7932,18.3,0
V02277,cargo,9,10.74,8.23,12.1,7.53,3.58,10.12,0.7035,7.76,0
V02278,tanker,12,15.34,0.6,3.35,9.59,14.95,10.41,0.5528,0.07,0
V02279,tanker,7,7.38,0.02,15.36,8.59,5.43,3.49,0.3217,12.54,0
V02280,tanker,11,11.32,8.39,11.19,5.13,8.42,8.77,0.4821,0.29,1
V02281,cargo,5,14.71,7.34,23.24,3.89,5.87,7.49,0.5877,0.27,0
V02282,cargo,8,15.41,10.05,17.01,8.65,5.84,5.54,0.5448,15.18,0
V02283,container,9,15.99,0.1,5.02,11.3,1.59,6.74,0.913,3.51,0
V02284,cargo,8,6.99,5.87,5.99,9.77,1.26,6.86,0.8203,4.15,0
V02285,cargo,9,13.84,9.17,21.92,11.27,9.68,5.94,0.3468,0.03,0
V02286,tanker,5,12.55,11.0,1.09,8.71,17.15,4.44,0.2137,3.54,0
V02287,cargo,10,6.13,12.67,6.41,3.97,3.9,7.93,0.4399,3.67,0
V02288,passenger,3,10.73,0.95,11.98,7.63,1.88,4.4,0.8204,0.35,0
V02289,cargo,9,7.36,10.77,11.97,7.4,5.6,11.1,0.2591,1.62,0
V02290,tanker,8,10.49,9.05,20.35,9.06,12.03,7.73,0.7681,3.39,1
V02291,cargo,3,9.82,4.09,18.54,9.6,8.71,9.63,0.6332,13.95,0
V02292,cargo,7,14.25,2.04,4.73,5.1,12.93,11.63,0.9412,2.75,0
V02293,tanker,5,18.71,8.02,21.85,7.13,5.41,6.75,0.6346,1.13,0
V02294,cargo,4,11.41,4.06,3.08,7.78,3.93,1.4,0.4699,10.1,1
V02295,container,6,9.61,9.71,24.94,3.67,4.6,8.02,0.921,1.68,0
V02296,cargo,7,12.39,3.35,5.37,8.64,11.86,6.16,0.2492,0.07,0
V02297,tanker,6,8.17,4.66,10.29,9.14,9.43,13.32,0.6194,6.53,1
V02298,cargo,5,9.98,1.38,7.1,6.01,0.7,10.72,0.1271,6.54,0
V02299,container,12,11.09,4.35,16.06,7.26,17.83,13.92,0.7401,11.77,0
V02300,cargo,3,2.8,6.89,9.55,7.53,23.48,9.73,0.6548,7.61,0
V02301,cargo,12,13.23,1.92,22.98,9.03,9.2,8.42,0.2002,1.69,0
V02302,cargo,11,10.31,1.96,4.19,10.3,2.61,8.57,0.606,0.57,0
V02303,tanker,12,12.99,2.45,13.78,10.06,19.44,9.23,0.3744,3.3,0
V02304,cargo,5,6.53,6.12,64.35,6.23,8.9,5.99,0.1845,3.05,0
V02305,container,9,8.85,3.25,21.77,7.44,8.09,8.82,0.5594,6.54,0
V02306,tanker,1,12.56,1.91,2.82,12.61,0.96,10.86,0.5024,8.02,0
V02307,cargo,1,15.08,5.09,10.98,10.04,4.71,10.91,0.1521,5.54,0
V02308,cargo,5,8.68,3.25,3.69,6.07,2.6,1.33,0.8367,2.76,0
V02309,container,3,10.87,18.22,2.5,6.18,13.44,10.74,0.5952,1.24,0
V02310,cargo,1,11.09,5.92,7.14,11.33,10.49,2.23,0.0993,11.36,0
V02311,passenger,2,12.01,4.94,2.82,6.77,5.06,0.3,0.4076,1.84,0
V02312,tanker,7,7.37,1.6,5.71,7.34,16.05,3.89,0.8887,5.42,0
V02313,container,11,7.07,5.78,4.91,4.75,1.73,8.81,0.7866,1.44,0
V02314,cargo,12,14.17,14.17,5.07,8.24,8.77,7.82,0.805,3.15,0
V02315,tanker,3,8.58,9.52,1.06,3.73,5.1,13.1,0.887,1.44,0
V02316,passenger,11,12.62,6.46,12.27,7.31,10.26,5.39,0.9379,0.33,0
V02317,cargo,8,11.43,10.0,7.19,8.82,20.77,9.4,0.7737,1.6,0
V02318,cargo,8,11.85,0.98,12.89,5.34,6.43,9.81,0.8824,0.66,0
V02319,container,1,10.75,5.74,4.02,9.63,10.94,9.11,0.1857,3.04,0
V02320,tanker,1,11.18,3.38,9.42,11.0,17.81,11.19,0.0935,1.7,0
V02321,passenger,4,10.09,6.15,6.51,6.8,6.99,9.04,0.7706,2.99,0
V02322,cargo,3,7.24,8.21,5.13,6.66,10.2,9.0,0.5194,0.39,0
V02323,tanker,8,14.88,3.41,4.75,5.32,1.55,10.07,0.4442,7.3,0
V02324,passenger,9,8.61,5.92,23.37,7.39,7.55,5.46,0.9217,9.76,0
V02325,container,2,18.29,0.09,7.6,5.75,12.5,7.5,0.59,0.98,0
V02326,container,12,14.24,1.3,6.79,6.72,6.11,11.5,0.6371,10.98,0
V02327,tanker,11,11.19,2.71,13.14,5.51,19.24,11.87,0.3805,5.94,0
V02328,cargo,10,6.68,3.91,34.72,2.07,19.25,9.96,0.6669,11.32,0
V02329,cargo,1,8.39,9.17,109.86,3.43,6.3,9.13,0.2198,1.44,0
V02330,container,4,8.5,4.12,17.03,6.53,25.87,2.67,0.3821,3.46,0
V02331,passenger,11,12.78,2.83,3.08,10.7,5.0,4.25,0.4656,2.5,0
V02332,cargo,1,12.74,6.37,7.17,9.51,9.97,7.57,0.362,0.79,0
V02333,cargo,9,13.89,2.16,44.25,10.04,11.6,4.03,0.5325,1.24,0
V02334,tanker,9,12.38,1.06,10.64,9.01,7.59,11.84,0.5225,1.91,0
V02335,passenger,1,13.73,8.52,4.72,5.22,8.98,11.34,0.5657,2.1,0
V02336,container,12,4.17,9.77,29.25,6.1,9.47,7.71,0.7026,3.72,0
V02337,passenger,3,10.88,6.39,17.15,7.61,15.29,8.77,0.7612,5.46,0
V02338,container,4,11.17,6.58,12.67,7.1,7.46,10.94,0.1002,1.06,0
V02339,tanker,5,3.92,5.13,6.83,4.15,4.14,8.57,0.1946,3.4,0
V02340,cargo,4,11.09,7.11,11.82,9.08,2.82,6.54,0.4507,11.2,0
V02341,passenger,6,10.79,9.27,11.89,9.29,5.81,9.4,0.8291,1.86,0
V02342,passenger,6,11.67,0.26,15.02,5.54,6.58,8.52,0.418,1.85,0
V02343,cargo,10,11.41,5.82,10.19,9.38,6.72,6.19,0.8392,3.29,0
V02344,tanker,6,11.54,0.59,4.66,5.14,5.95,8.03,0.4287,0.62,0
V02345,cargo,3,12.69,5.04,44.89,7.62,7.51,5.76,0.576,2.23,0
V02346,tanker,10,13.87,6.27,4.41,5.72,8.41,13.01,0.7338,0.55,0
V02347,container,6,9.87,2.28,4.75,10.03,9.35,10.5,0.7533,1.34,0
V02348,container,4,9.6,1.59,16.87,5.49,5.07,15.0,0.1596,5.73,0
V02349,tanker,7,6.73,0.71,17.33,8.73,8.33,3.68,0.8361,2.42,0
V02350,cargo,10,13.37,6.1,6.95,4.21,4.13,11.01,0.3051,4.67,0
V02351,container,7,10.19,10.64,22.39,6.59,8.16,15.0,0.7825,0.74,0
V02352,container,4,9.99,3.73,3.71,7.19,9.15,12.58,0.5742,15.82,0
V02353,container,5,10.16,1.98,10.38,8.84,17.99,11.04,0.6388,6.07,0
V02354,cargo,10,6.93,6.35,10.42,8.04,11.41,5.51,0.4566,0.69,0
V02355,container,12,13.7,2.86,18.67,6.02,3.66,9.84,0.4924,17.73,0
V02356,container,7,9.78,4.51,3.97,7.24,6.47,10.25,0.5433,2.43,0
V02357,tanker,7,12.53,0.12,28.35,7.52,3.82,9.01,0.5046,1.94,0
V02358,passenger,10,11.24,13.07,7.41,11.0,1.68,7.64,0.4478,6.9,0
V02359,passenger,4,16.98,8.81,17.71,4.12,6.5,13.25,0.6063,1.06,0
V02360,cargo,3,14.64,10.13,13.62,4.18,5.69,5.28,0.715,2.07,0
V02361,container,11,8.07,2.39,4.18,6.49,2.25,7.25,0.7452,0.03,0
V02362,cargo,4,8.32,6.31,14.07,10.09,11.2,15.0,0.1456,5.22,0
V02363,container,5,10.54,10.91,3.91,3.53,7.18,5.27,0.1932,3.27,0
V02364,passenger,8,16.62,4.26,2.76,7.0,2.05,13.88,0.5945,4.76,0
V02365,cargo,12,12.47,7.02,12.88,8.63,28.97,10.48,0.4603,12.88,0
V02366,cargo,7,15.96,1.43,11.33,3.42,8.24,7.08,0.4646,1.2,1
V02367,cargo,12,14.09,4.39,9.19,9.34,7.95,15.0,0.4729,3.12,0
V02368,container,8,11.02,8.51,29.28,6.06,7.48,4.16,0.7278,4.73,0
V02369,tanker,10,5.85,9.86,10.58,8.38,5.73,6.92,0.5435,1.39,0
V02370,passenger,5,9.03,7.11,8.56,12.13,20.51,9.25,0.5996,0.37,0
V02371,cargo,6,16.02,8.03,4.43,6.78,25.62,12.38,0.4434,10.5,0
V02372,container,6,12.69,1.02,21.77,9.75,9.71,11.86,0.8718,0.53,0
V02373,cargo,5,16.46,5.53,12.34,6.19,16.15,7.24,0.3947,0.97,0
V02374,container,9,9.67,10.28,4.19,11.18,1.68,1.64,0.6157,6.12,0
V02375,cargo,12,10.24,0.34,22.8,3.44,5.75,14.23,0.1366,0.8,0
V02376,container,11,5.22,6.42,11.77,7.01,4.85,9.57,0.5147,4.89,0
V02377,cargo,1,12.65,0.54,11.85,5.9,7.14,3.69,0.7059,5.43,0
V02378,passenger,8,13.28,2.38,5.64,6.76,11.97,8.6,0.7951,9.61,0
V02379,container,10,11.51,5.37,12.5,10.82,21.82,6.51,0.8288,0.83,0
V02380,container,2,9.48,0.89,10.61,6.97,16.81,4.89,0.6143,11.02,0
V02381,passenger,9,5.74,1.93,8.86,6.63,26.16,10.2,0.5071,6.11,0
V02382,cargo,6,8.72,5.12,12.4,11.56,4.04,9.87,0.3977,5.96,0
V02383,tanker,7,10.7,11.16,8.52,8.39,10.78,5.98,0.31,8.4,0
V02384,cargo,3,10.55,5.24,25.23,6.77,1.33,9.85,0.8341,5.64,1
V02385,passenger,3,12.41,5.12,5.29,8.58,1.14,12.67,0.1669,2.12,0
V02386,cargo,3,14.07,3.56,12.16,9.74,1.68,6.0,0.7733,9.71,0
V02387,container,7,12.12,12.67,2.84,8.15,4.4,8.17,0.7126,21.13,0
V02388,tanker,2,15.12,7.92,14.02,7.91,11.86,12.02,0.5125,6.57,0
V02389,cargo,2,14.36,10.41,6.5,8.37,2.59,6.46,0.5802,7.64,0
V02390,tanker,6,13.76,5.76,11.72,8.47,2.38,10.01,0.9019,3.4,0
V02391,cargo,7,10.42,0.35,8.75,8.32,19.43,9.6,0.5529,1.86,0
V02392,passenger,7,8.5,7.57,7.19,8.78,4.57,12.78,0.5867,5.06,0
V02393,cargo,7,15.31,5.95,23.05,10.62,5.08,6.51,0.775,5.13,0
V02394,cargo,3,7.34,8.54,2.88,9.9,7.43,6.52,0.303,1.42,0
V02395,tanker,6,1.06,9.53,5.81,8.57,2.76,11.48,0.6434,11.11,0
V02396,tanker,8,12.42,10.51,14.01,8.3,13.7,5.38,0.19,0.93,0
V02397,tanker,1,6.55,7.77,8.9,5.1,5.86,10.27,0.5848,0.37,0
V02398,container,2,14.12,2.54,5.53,8.15,9.36,7.88,0.7352,1.12,0
V02399,tanker,1,10.48,5.03,32.41,8.19,4.45,7.06,0.2936,1.18,0
V02400,container,11,5.61,4.85,26.8,7.36,11.34,1.65,0.1813,6.47,0
V02401,cargo,10,18.03,3.01,24.57,4.69,21.8,13.49,0.0812,3.75,0
V02402,tanker,11,12.57,4.53,8.8,8.39,8.7,4.59,0.7062,9.43,0
V02403,cargo,5,11.01,8.16,17.69,4.71,9.67,7.33,0.2537,5.77,0
V02404,cargo,8,17.52,9.82,56.93,9.08,12.68,8.76,0.3003,7.94,0
V02405,container,1,15.59,8.06,20.14,11.7,10.3,12.42,0.559,7.8,1
V02406,container,4,12.67,10.06,9.92,3.83,4.95,8.89,0.5752,2.76,0
V02407,cargo,7,18.62,9.3,17.65,9.4,17.91,14.39,0.885,13.31,0
V02408,passenger,5,5.49,3.43,9.36,9.18,3.85,4.75,0.6351,3.3,0
V02409,cargo,12,17.69,0.88,17.93,10.2,35.09,9.41,0.7328,10.65,0
V02410,container,3,9.21,4.57,1.0,8.18,13.29,10.75,0.6344,4.88,0
V02411,tanker,11,5.97,9.63,16.76,8.39,5.55,10.03,0.4907,2.61,0
V02412,tanker,11,10.67,8.95,8.86,7.0,11.73,6.07,0.7412,7.78,0
V02413,passenger,3,13.68,0.57,5.78,7.07,9.94,9.69,0.3443,12.41,0
V02414,tanker,11,13.34,5.38,4.44,3.75,18.25,9.61,0.1222,1.99,0
V02415,tanker,1,12.88,11.51,4.11,9.41,2.29,5.43,0.1657,2.45,0
V02416,cargo,2,9.01,4.98,4.45,4.39,11.18,7.8,0.8079,3.21,0
V02417,container,7,11.83,7.1,9.3,9.08,4.64,7.83,0.4804,2.83,0
V02418,container,7,6.49,2.12,7.19,8.88,19.69,2.5,0.4808,29.76,0
V02419,container,9,16.2,7.73,3.93,6.27,6.28,3.38,0.2734,9.15,0
V02420,tanker,4,3.94,7.7,5.25,1.98,7.64,9.07,0.9403,4.57,0
V02421,cargo,5,8.0,2.58,6.14,6.78,17.08,7.18,0.5493,2.21,0
V02422,tanker,9,14.22,0.1,16.61,9.63,7.49,13.06,0.4475,0.77,0
V02423,cargo,8,10.93,0.06,8.37,2.69,8.35,11.34,0.3329,7.24,0
V02424,passenger,3,10.28,5.75,12.12,6.58,16.68,4.75,0.5619,3.7,0
V02425,cargo,7,10.05,10.88,11.16,8.17,4.04,6.65,0.7721,1.37,0
V02426,container,12,8.49,8.11,11.64,7.77,12.67,6.58,0.8159,3.02,0
V02427,container,3,9.35,0.83,17.45,8.99,3.22,7.46,0.7904,0.79,0
V02428,passenger,9,11.66,11.67,12.2,7.75,10.55,8.62,0.1473,4.02,0
V02429,tanker,12,4.13,11.13,5.87,3.27,1.56,7.21,0.5702,6.59,0
V02430,container,6,12.45,10.39,17.43,6.16,8.2,5.85,0.3289,8.94,0
V02431,container,1,13.81,16.28,7.84,6.34,2.04,6.22,0.7096,7.82,0
V02432,container,3,12.1,4.94,24.46,7.97,1.47,7.43,0.2209,0.37,0
V02433,container,8,16.42,1.74,1.45,8.23,2.28,11.92,0.7154,2.1,0
V02434,container,12,10.71,6.46,32.2,5.96,7.97,11.9,0.8655,18.24,0
V02435,tanker,6,14.49,0.37,7.06,5.97,9.47,13.67,0.453,1.23,0
V02436,container,8,16.68,2.02,7.96,8.6,5.27,10.44,0.748,2.14,0
V02437,cargo,10,9.91,4.1,7.2,7.88,1.79,7.63,0.3658,1.09,1
V02438,container,2,16.57,10.09,3.01,4.3,7.16,8.26,0.7961,1.22,0
V02439,tanker,9,11.79,0.83,7.67,7.41,3.44,9.59,0.2518,3.69,0
V02440,cargo,8,16.93,3.93,7.73,8.55,7.39,3.26,0.7914,0.81,0
V02441,tanker,4,7.12,13.52,2.38,8.02,11.39,9.98,0.2796,1.68,0
V02442,container,12,10.6,3.31,4.79,8.13,7.72,10.18,0.2985,12.58,0
V02443,cargo,8,12.31,1.39,11.53,5.17,10.98,6.9,0.8718,1.61,0
V02444,cargo,1,12.56,8.91,8.64,9.82,4.75,9.27,0.3717,6.6,0
V02445,cargo,3,9.68,3.95,13.98,9.47,17.54,7.19,0.249,0.72,0
V02446,cargo,11,6.11,0.37,9.48,6.84,16.64,7.3,0.516,3.04,0
V02447,cargo,5,11.41,1.98,38.97,8.31,6.34,4.76,0.2882,4.96,0
V02448,container,12,16.03,1.13,28.38,7.89,3.43,10.2,0.477,6.98,0
V02449,cargo,1,11.85,2.97,12.02,8.28,14.07,12.43,0.5553,0.02,0
V02450,cargo,3,12.37,7.5,5.07,5.88,7.99,0.3,0.6877,0.5,0
V02451,tanker,11,10.03,13.56,5.24,7.34,21.68,9.65,0.587,0.39,1
V02452,cargo,5,8.78,7.81,12.31,8.61,3.86,7.21,0.4675,4.08,0
V02453,tanker,7,13.44,18.95,13.11,9.02,7.7,6.67,0.862,1.06,0
V02454,container,5,7.19,2.8,10.46,5.15,6.71,8.0,0.3147,4.04,0
V02455,cargo,4,11.33,5.69,7.93,3.14,10.44,8.85,0.3198,2.37,0
V02456,tanker,8,12.89,1.86,27.42,5.07,8.05,1.47,0.3233,7.09,0
V02457,cargo,10,12.49,0.29,8.95,13.02,9.67,7.73,0.3439,4.18,0
V02458,tanker,2,14.44,7.38,11.81,7.19,7.89,2.24,0.3599,4.92,0
V02459,passenger,12,15.28,4.76,17.08,10.07,3.26,8.36,0.8249,0.61,0
V02460,cargo,11,7.7,3.87,16.88,3.63,1.89,12.29,0.5932,7.53,0
V02461,passenger,12,10.09,10.1,4.72,12.71,6.59,8.02,0.3449,0.77,0
V02462,cargo,10,14.05,4.72,13.36,8.67,12.23,14.39,0.6976,6.32,0
V02463,passenger,5,9.82,1.5,16.31,8.09,7.84,12.9,0.8577,0.84,0
V02464,cargo,8,14.03,4.63,7.01,9.52,10.36,10.05,0.2523,7.82,0
V02465,container,12,12.14,10.12,17.71,6.23,4.02,10.5,0.5261,4.82,0
V02466,cargo,2,11.44,2.79,30.53,4.76,6.74,12.08,0.3643,0.69,0
V02467,container,2,7.92,0.3,21.51,6.25,5.43,4.73,0.5733,4.36,0
V02468,cargo,6,10.2,10.92,49.22,9.06,17.24,15.0,0.6377,0.55,0
V02469,container,12,16.31,10.21,20.87,8.43,6.29,9.12,0.5543,10.06,0
V02470,cargo,11,5.08,11.78,32.28,6.68,3.94,5.3,0.2109,8.53,0
V02471,passenger,2,17.18,12.4,12.25,5.2,3.12,7.35,0.1373,5.25,0
V02472,container,3,9.07,8.51,22.7,8.44,21.89,7.22,0.711,1.44,1
V02473,tanker,10,8.22,0.52,8.67,6.5,4.87,7.06,0.3444,10.75,0
V02474,cargo,3,11.76,0.32,2.62,8.3,7.43,6.86,0.7022,5.15,0
V02475,cargo,2,12.29,0.58,18.28,5.74,2.72,12.39,0.6625,1.53,0
V02476,tanker,10,7.95,18.76,27.59,10.91,2.79,8.55,0.3943,4.07,0
V02477,cargo,4,12.2,1.34,6.82,6.59,9.54,9.07,0.3874,8.89,0
V02478,cargo,9,13.61,12.28,2.91,9.74,21.23,7.16,0.5682,2.9,0
V02479,passenger,12,7.42,8.3,7.01,6.42,7.98,9.22,0.4151,1.87,1
V02480,passenger,6,11.18,3.94,7.39,9.25,24.48,9.29,0.9626,9.83,0
V02481,cargo,8,13.38,4.11,14.36,5.96,17.35,6.21,0.5636,0.49,0
V02482,tanker,2,12.56,6.22,16.48,4.14,7.84,12.34,0.2717,0.62,0
V02483,cargo,10,11.55,8.62,19.1,4.82,11.81,10.7,0.4828,6.54,0
V02484,cargo,1,10.77,7.28,8.31,6.14,2.44,12.42,0.7178,9.55,0
V02485,container,11,15.58,1.71,12.44,10.57,6.33,6.55,0.3455,9.04,0
V02486,container,9,12.5,11.3,5.87,5.19,20.95,6.15,0.808,2.81,0
V02487,container,11,10.78,10.59,9.62,8.99,2.45,12.05,0.2512,3.58,0
V02488,container,11,10.93,9.03,6.72,8.88,4.19,6.02,0.6982,5.85,0
V02489,cargo,5,10.67,9.04,10.54,7.58,8.42,6.39,0.4046,0.72,0
V02490,cargo,6,14.0,7.26,10.35,9.17,7.25,5.67,0.7633,20.03,0
V02491,passenger,1,13.6,4.35,8.37,7.56,4.39,15.0,0.6787,5.61,0
V02492,container,11,10.15,10.17,8.83,6.84,1.63,13.81,0.7292,5.62,0
V02493,cargo,1,6.26,8.52,3.16,4.44,2.49,6.53,0.5013,9.98,0
V02494,tanker,2,0.2,7.9,12.12,6.9,14.97,14.61,0.7178,3.3,0
V02495,cargo,2,15.69,4.13,14.12,5.4,16.09,5.98,0.6031,1.42,0
V02496,tanker,6,8.38,10.14,18.5,9.86,1.13,10.28,0.8265,8.34,0
V02497,tanker,12,9.77,0.53,8.14,4.99,9.12,11.25,0.5675,0.37,0
V02498,cargo,7,10.48,6.21,4.65,7.08,3.64,7.02,0.3313,0.17,0
V02499,tanker,12,15.58,4.4,4.49,7.12,26.41,12.75,0.6845,3.97,0
V02500,container,5,16.46,7.25,9.32,4.31,10.89,10.56,0.5871,5.23,0
V02501,cargo,12,9.64,9.67,9.68,8.03,9.21,11.43,0.7458,4.41,0
V02502,passenger,7,5.27,14.98,4.75,10.86,11.38,1.13,0.7384,0.77,0
V02503,container,5,7.7,1.41,5.97,7.32,11.24,11.84,0.437,6.92,0
V02504,passenger,9,14.78,3.19,18.34,5.25,7.37,8.36,0.4887,1.99,0
V02505,cargo,4,5.03,5.83,6.71,8.49,22.25,11.64,0.4133,0.1,0
V02506,passenger,9,5.68,3.64,5.7,6.02,12.11,9.19,0.2381,2.29,0
V02507,tanker,10,12.02,3.09,3.93,7.0,7.41,3.15,0.5344,0.65,0
V02508,container,2,7.56,5.01,4.81,9.78,1.43,5.73,0.2878,2.21,0
V02509,tanker,12,11.89,2.04,55.71,7.98,24.12,4.83,0.4666,5.38,0
V02510,passenger,6,13.57,15.44,14.4,8.58,7.54,11.96,0.339,4.83,0
V02511,cargo,11,12.84,4.05,5.32,5.56,8.47,14.21,0.3287,4.67,0
V02512,passenger,3,16.12,17.07,10.8,6.43,4.65,9.05,0.7596,1.4,1
V02513,container,10,12.49,2.48,10.19,7.75,6.78,6.2,0.3795,1.48,0
V02514,passenger,8,13.04,4.92,8.24,9.74,0.92,8.47,0.6215,2.77,0
V02515,container,7,8.31,3.64,13.87,10.39,6.3,9.76,0.4836,4.84,0
V02516,container,3,11.93,0.83,5.17,5.58,2.39,7.44,0.2437,7.15,0
V02517,tanker,12,13.39,5.56,11.97,7.62,17.57,7.0,0.1174,5.15,0
V02518,container,12,8.74,4.57,6.59,6.74,1.99,6.22,0.5298,16.18,0
V02519,passenger,4,13.16,8.44,6.39,6.99,13.08,12.71,0.5184,12.13,0
V02520,cargo,7,8.77,9.32,6.49,9.28,3.61,7.34,0.647,2.14,0
V02521,tanker,3,10.46,3.26,7.34,7.52,25.97,15.0,0.6584,4.94,0
V02522,container,7,8.86,5.92,4.13,2.94,3.45,13.32,0.2452,3.78,0
V02523,tanker,12,10.03,10.29,5.38,8.74,12.32,12.22,0.375,1.48,0
V02524,cargo,8,7.6,3.73,30.25,5.33,1.52,9.31,0.5483,1.45,0
V02525,cargo,11,13.56,1.27,9.99,9.74,9.85,15.0,0.6423,1.34,0
V02526,container,6,11.74,8.91,6.12,6.79,6.47,13.42,0.5793,1.07,0
V02527,cargo,3,13.04,3.55,3.96,8.73,5.4,12.61,0.6599,1.03,0
V02528,cargo,8,12.85,3.11,3.07,8.84,3.27,7.1,0.4049,10.17,0
V02529,cargo,9,14.49,7.86,21.85,11.93,9.22,6.17,0.6697,8.53,0
V02530,cargo,5,14.58,3.96,3.95,5.86,2.27,11.15,0.2668,1.9,0
V02531,cargo,10,12.47,0.87,7.52,5.74,4.5,8.38,0.3341,7.53,0
V02532,tanker,3,14.65,5.06,12.04,4.63,6.4,8.35,0.2599,1.33,1
V02533,passenger,8,17.76,4.24,2.71,3.75,4.39,7.5,0.5725,11.87,0
V02534,cargo,5,11.28,7.65,12.79,7.09,6.72,3.8,0.6916,3.86,1
V02535,passenger,12,12.21,5.38,2.56,8.4,2.71,2.47,0.8631,9.6,0
V02536,cargo,2,21.54,16.13,17.01,8.27,5.31,4.78,0.3728,0.27,0
V02537,container,5,9.71,0.85,4.49,10.95,7.74,12.08,0.5003,8.69,0
V02538,cargo,7,10.16,3.73,5.87,7.61,5.05,10.34,0.3045,12.03,0
V02539,container,5,10.36,4.81,27.42,7.5,7.24,11.67,0.363,5.01,0
V02540,cargo,3,12.97,5.02,9.11,9.04,2.54,9.54,0.2552,3.73,0
V02541,cargo,5,12.34,6.14,14.48,3.42,4.78,9.49,0.0801,5.35,0
V02542,cargo,4,11.82,8.23,3.11,4.92,5.35,7.74,0.8971,1.86,0
V02543,cargo,12,8.08,6.08,4.48,8.07,4.56,9.73,0.5205,12.87,0
V02544,tanker,2,13.45,2.62,4.35,7.77,15.59,5.41,0.3539,3.63,0
V02545,cargo,12,14.66,3.32,6.58,9.13,20.28,6.61,0.5642,1.42,0
V02546,tanker,9,9.87,4.88,11.58,5.91,3.22,9.2,0.2166,1.57,0
V02547,cargo,8,15.12,3.34,1.37,8.21,7.57,9.98,0.8801,5.3,0
V02548,container,9,14.87,2.41,7.7,11.4,1.55,9.93,0.8022,3.08,1
V02549,passenger,7,14.32,4.3,10.61,5.42,11.22,4.81,0.5565,0.74,0
V02550,passenger,2,13.47,5.4,3.43,8.15,10.57,2.33,0.9174,1.79,0
V02551,passenger,11,11.9,8.78,4.15,9.39,9.44,7.14,0.3524,0.02,0
V02552,cargo,3,9.28,9.13,6.03,8.6,11.37,7.04,0.1994,1.31,0
V02553,passenger,9,16.18,4.79,25.01,6.68,23.0,5.86,0.5635,0.86,0
V02554,cargo,3,14.28,4.44,7.99,4.96,12.94,5.56,0.7343,1.52,0
V02555,container,6,9.62,7.81,16.01,9.63,6.41,7.59,0.5369,10.46,0
V02556,cargo,4,13.69,7.5,10.61,7.84,20.77,6.2,0.8306,3.53,0
V02557,container,11,12.12,2.24,9.47,4.65,4.48,3.52,0.6238,3.16,0
V02558,cargo,10,11.28,10.65,11.13,5.44,5.44,9.81,0.5109,0.31,0
V02559,tanker,2,8.32,6.0,5.48,5.13,9.39,6.25,0.4354,1.53,0
V02560,container,8,12.75,5.76,6.35,5.83,8.09,13.86,0.9041,1.8,0
V02561,container,5,15.32,1.89,11.93,6.48,13.56,5.43,0.7045,4.43,0
V02562,tanker,8,9.66,3.88,16.22,1.33,8.08,7.37,0.6494,10.66,1
V02563,cargo,6,7.75,5.21,6.18,8.3,3.94,11.69,0.3113,2.81,0
V02564,cargo,10,15.59,3.67,9.77,7.98,4.26,15.0,0.3791,3.94,0
V02565,cargo,2,9.92,1.98,10.25,3.6,5.43,8.61,0.5688,0.04,0
V02566,tanker,4,9.54,2.5,5.71,8.16,7.9,12.76,0.1509,4.82,0
V02567,container,7,8.78,6.21,11.0,3.09,6.83,12.55,0.9042,3.3,0
V02568,container,4,12.29,8.48,13.62,7.49,3.92,12.38,0.646,1.88,0
V02569,tanker,6,17.21,8.7,6.75,9.93,9.61,3.75,0.6307,3.95,1
V02570,tanker,2,9.88,5.31,16.13,5.45,15.13,9.85,0.2752,0.79,0
V02571,cargo,11,10.99,4.93,10.91,8.17,1.69,7.02,0.5489,4.44,0
V02572,container,1,9.54,4.89,26.03,8.61,13.89,7.29,0.7339,8.76,0
V02573,container,3,8.22,11.02,12.47,5.5,5.15,9.21,0.5589,1.49,0
V02574,container,10,16.48,0.36,2.82,5.63,16.83,6.88,0.3396,4.91,1
V02575,cargo,3,11.23,3.05,9.63,7.08,9.15,7.44,0.1153,3.58,1
V02576,container,10,8.74,1.52,6.81,7.35,2.98,12.16,0.7548,2.88,0
V02577,cargo,4,10.58,4.12,14.47,7.43,18.35,6.42,0.1237,0.89,0
V02578,tanker,2,11.29,8.15,8.25,3.6,3.07,10.98,0.1735,3.56,0
V02579,tanker,12,7.73,8.34,32.85,11.12,7.06,6.02,0.914,0.65,0
V02580,cargo,7,13.47,2.02,5.2,9.87,8.92,3.75,0.2635,1.65,0
V02581,cargo,9,13.58,2.31,21.78,6.45,5.43,2.99,0.4087,4.42,0
V02582,cargo,8,11.54,2.24,10.83,6.99,4.89,6.38,0.0977,0.21,0
V02583,tanker,3,15.98,8.83,2.75,7.49,5.8,8.87,0.6534,9.79,0
V02584,container,5,7.31,6.73,3.64,7.35,2.91,14.3,0.2696,3.93,0
V02585,container,6,10.59,3.8,11.37,6.81,5.33,6.55,0.5813,2.58,0
V02586,tanker,3,15.63,5.36,2.32,2.41,2.79,12.09,0.6729,3.39,0
V02587,tanker,10,13.34,2.79,29.01,7.82,1.15,10.21,0.3096,0.74,0
V02588,cargo,11,10.94,11.9,5.1,5.9,13.12,9.11,0.2144,2.21,0
V02589,container,8,12.58,5.48,9.67,8.8,10.43,7.4,0.65,0.78,0
V02590,passenger,12,13.23,13.32,29.33,10.09,10.5,8.6,0.6018,0.12,0
V02591,container,11,9.99,0.26,5.1,7.76,7.51,7.01,0.5326,12.8,0
V02592,cargo,5,6.74,3.68,17.65,5.96,9.69,5.94,0.2987,0.82,0
V02593,container,9,12.52,4.51,7.12,7.23,1.53,10.06,0.8241,4.24,0
V02594,cargo,8,8.29,0.62,21.18,10.16,3.5,7.79,0.3641,0.29,0
V02595,container,7,13.98,2.93,19.78,2.61,14.07,8.19,0.7291,1.36,0
V02596,cargo,5,8.01,8.04,22.39,5.81,11.23,7.22,0.5611,0.24,0
V02597,passenger,10,12.18,10.14,20.02,8.78,2.2,11.15,0.335,0.17,0
V02598,cargo,12,11.5,1.91,28.92,6.25,13.1,12.9,0.5997,3.66,0
V02599,cargo,4,8.89,1.18,7.78,4.35,12.08,9.56,0.3882,14.43,0
V02600,cargo,4,13.05,1.13,5.51,8.49,4.67,5.01,0.6973,1.71,0
V02601,cargo,8,10.41,10.61,3.66,8.01,14.87,10.8,0.7831,0.88,0
V02602,passenger,9,12.19,3.34,10.07,7.13,9.57,7.13,0.4403,7.71,0
V02603,container,2,15.7,2.36,15.63,9.14,7.2,8.5,0.487,0.72,0
V02604,cargo,7,9.67,3.29,20.62,12.22,13.56,5.61,0.4644,1.72,0
V02605,container,7,11.11,5.53,6.84,8.36,8.05,6.21,0.2009,5.23,0
V02606,container,2,9.97,0.79,1.74,7.32,8.51,2.34,0.383,5.6,0
V02607,cargo,9,10.58,8.45,9.16,5.8,13.89,7.1,0.5496,3.17,0
V02608,cargo,9,11.72,4.06,9.64,8.93,4.11,12.34,0.7429,3.61,0
V02609,passenger,9,4.33,6.23,3.32,3.7,6.58,5.85,0.1847,0.92,0
V02610,cargo,10,9.05,2.16,7.07,8.96,9.84,8.58,0.1625,13.39,0
V02611,container,10,16.83,1.26,12.4,11.59,10.59,4.52,0.5204,2.06,0
V02612,tanker,1,10.64,1.25,21.13,5.45,6.56,8.18,0.9043,5.1,0
V02613,cargo,3,8.95,8.81,5.72,10.99,1.08,13.96,0.9843,1.42,0
V02614,cargo,10,10.53,5.94,6.62,10.52,11.1,9.22,0.2839,0.26,0
V02615,cargo,11,15.71,0.13,5.87,7.1,4.56,8.54,0.8454,7.54,0
V02616,tanker,10,10.94,2.34,9.01,7.49,7.46,7.78,0.0831,7.9,0
V02617,cargo,12,4.84,5.16,4.44,6.75,7.16,9.03,0.4985,4.61,0
V02618,container,4,6.84,4.25,9.13,8.17,5.37,13.18,0.5508,1.65,0
V02619,passenger,6,9.69,0.22,5.53,9.53,7.8,8.2,0.5813,1.41,0
V02620,container,8,13.21,0.06,22.68,3.41,21.36,5.48,0.3773,2.38,0
V02621,passenger,6,10.39,8.03,13.66,8.92,3.03,7.66,0.6043,0.31,0
V02622,tanker,10,14.35,4.13,1.51,3.75,12.76,10.95,0.6395,3.45,1
V02623,passenger,12,9.97,2.88,9.86,6.35,11.36,9.19,0.6613,3.26,0
V02624,cargo,2,13.42,9.21,22.51,8.34,4.5,5.1,0.7195,2.62,0
V02625,container,3,15.27,12.87,4.34,8.56,4.53,10.66,0.3729,0.4,0
V02626,cargo,12,13.7,5.0,4.73,6.41,3.85,8.9,0.318,0.22,0
V02627,container,3,14.39,0.59,4.45,10.11,9.56,14.07,0.5476,14.9,0
V02628,cargo,5,12.15,13.57,5.09,9.29,6.86,8.7,0.3902,3.16,0
V02629,container,11,13.77,0.31,14.39,7.64,7.83,12.03,0.5086,4.53,0
V02630,tanker,4,5.88,0.25,4.96,8.65,19.6,7.32,0.6335,0.7,1
V02631,cargo,8,10.79,2.19,6.12,8.84,5.36,4.67,0.5745,1.97,0
V02632,cargo,5,12.3,1.1,16.44,5.03,14.43,8.42,0.5481,0.19,0
V02633,cargo,7,12.28,11.71,15.44,6.66,6.18,7.9,0.4871,2.5,0
V02634,cargo,2,13.55,2.34,23.05,7.32,8.45,8.6,0.0889,0.56,0
V02635,cargo,9,15.55,1.89,43.45,6.19,3.58,12.6,0.5231,3.02,0
V02636,tanker,12,13.23,11.62,2.93,6.49,11.29,6.68,0.6637,3.46,0
V02637,tanker,8,14.91,7.64,10.55,6.26,3.61,14.56,0.3101,5.14,0
V02638,passenger,12,11.75,13.57,6.51,8.46,0.77,7.78,0.4373,9.36,0
V02639,cargo,2,8.63,7.99,24.83,4.58,12.65,15.0,0.593,6.77,0
V02640,container,2,11.95,2.96,6.34,6.9,9.79,6.33,0.4715,2.74,0
V02641,container,8,15.11,2.16,9.41,7.16,17.22,14.54,0.5118,0.04,0
V02642,container,5,14.13,0.19,21.9,10.56,6.72,9.62,0.2479,6.73,1
V02643,tanker,7,12.25,5.46,2.71,10.69,3.8,4.31,0.6416,9.62,1
V02644,cargo,2,10.57,5.97,3.93,11.29,1.04,10.29,0.3193,3.56,0
V02645,cargo,9,7.81,2.38,16.25,3.96,2.21,4.34,0.2929,2.66,1
V02646,container,10,6.91,13.8,10.54,10.25,6.22,3.43,0.3412,0.87,0
V02647,cargo,2,7.96,4.87,7.62,4.43,1.0,11.53,0.2015,0.07,0
V02648,cargo,1,10.73,14.58,8.03,6.71,14.9,8.41,0.4974,12.04,0
V02649,container,3,10.96,7.27,5.52,6.3,2.48,9.43,0.6666,11.31,0
V02650,container,4,14.93,6.08,19.58,10.45,10.44,11.67,0.0409,0.75,0
V02651,cargo,6,8.14,0.61,9.37,10.14,2.13,9.21,0.5682,13.09,0
V02652,tanker,12,9.7,1.81,12.08,9.39,5.8,4.87,0.5064,6.95,0
V02653,container,10,7.71,6.48,21.37,5.92,4.56,11.07,0.4885,7.78,0
V02654,container,6,9.09,11.54,15.86,7.44,10.02,0.9,0.6538,5.63,0
V02655,tanker,10,9.74,1.45,25.89,8.68,5.5,6.4,0.2687,0.67,0
V02656,cargo,11,13.23,7.06,1.49,9.65,12.8,5.0,0.9353,13.98,0
V02657,cargo,6,16.79,0.81,3.73,9.09,22.22,11.78,0.5178,0.62,0
V02658,tanker,9,6.9,6.01,7.22,7.22,1.72,15.0,0.7343,8.38,0
V02659,cargo,1,14.09,13.36,6.31,8.59,9.9,11.24,0.8255,2.96,0
V02660,tanker,8,9.32,11.27,8.02,11.63,13.14,4.68,0.5356,8.54,0
V02661,tanker,5,7.1,6.33,12.35,10.86,11.06,13.66,0.2399,5.67,0
V02662,container,5,11.93,10.52,16.08,8.35,5.76,11.77,0.2226,1.44,0
V02663,tanker,11,10.5,8.63,13.57,11.21,3.58,14.13,0.2971,1.44,0
V02664,container,12,13.61,0.65,26.41,7.51,5.31,11.24,0.7509,1.53,1
V02665,tanker,1,17.62,2.94,8.73,7.95,10.21,6.2,0.3481,8.18,0
V02666,tanker,8,12.17,5.18,5.6,8.95,11.73,10.89,0.7126,0.14,0
V02667,tanker,5,11.7,7.91,11.2,3.95,15.28,5.82,0.7129,2.44,0
V02668,container,5,11.86,5.62,2.47,11.62,8.6,7.77,0.4939,3.31,0
V02669,tanker,6,15.87,0.35,16.89,8.63,2.66,11.93,0.6028,17.97,0
V02670,container,7,11.47,2.2,18.4,5.73,36.43,8.62,0.2303,11.93,0
V02671,cargo,11,10.67,0.16,13.13,6.14,22.78,7.98,0.783,1.89,0
V02672,cargo,11,7.98,6.52,7.5,6.72,9.26,10.41,0.7309,3.51,1
V02673,passenger,1,7.98,13.45,13.02,5.79,5.92,10.21,0.4919,0.46,0
V02674,cargo,9,14.76,5.25,5.05,9.44,20.93,6.15,0.1252,0.83,0
V02675,cargo,11,9.41,9.77,17.43,8.07,4.18,10.38,0.3332,2.63,0
V02676,cargo,5,3.41,7.1,3.72,12.05,4.58,9.95,0.5074,4.96,0
V02677,passenger,9,16.1,6.19,4.83,11.42,2.51,9.06,0.2858,1.86,0
V02678,container,1,9.02,0.49,6.99,12.98,12.35,5.03,0.5152,6.21,0
V02679,tanker,8,14.45,3.41,3.42,7.65,7.51,8.53,0.7665,0.31,0
V02680,cargo,7,15.11,7.84,8.12,5.75,7.58,7.53,0.414,8.45,0
V02681,cargo,8,10.58,5.01,22.24,6.51,8.95,13.32,0.4759,11.12,0
V02682,cargo,10,12.23,2.01,6.39,3.13,5.95,6.86,0.5523,0.06,0
V02683,tanker,5,9.03,6.08,5.79,8.25,8.73,6.73,0.136,6.14,0
V02684,passenger,2,12.99,11.15,10.33,3.49,2.64,11.67,0.6486,1.52,0
V02685,tanker,3,8.54,12.41,1.27,7.32,2.95,10.68,0.6269,5.69,0
V02686,cargo,2,19.05,2.84,7.71,8.8,21.85,8.85,0.5538,5.49,0
V02687,cargo,9,12.35,12.47,10.83,6.34,5.92,6.36,0.2513,6.14,0
V02688,tanker,11,9.31,12.86,3.1,9.08,3.81,8.11,0.3918,4.29,0
V02689,cargo,12,10.82,2.48,3.85,7.51,11.78,11.71,0.5073,3.76,0
V02690,cargo,5,9.05,1.6,15.22,5.32,9.68,5.36,0.7084,13.16,0
V02691,container,9,12.03,7.72,17.44,9.1,5.02,8.02,0.5414,7.47,0
V02692,container,9,9.72,11.78,3.72,6.98,8.35,5.42,0.7917,2.33,0
V02693,container,4,11.15,1.05,8.31,8.56,4.38,5.75,0.5529,3.66,0
V02694,cargo,3,8.85,12.69,4.73,6.43,7.03,5.12,0.8518,1.61,0
V02695,tanker,3,15.88,3.6,7.02,6.57,7.72,4.97,0.6591,4.95,0
V02696,container,2,14.4,5.06,4.27,7.49,3.35,10.29,0.2202,7.67,0
V02697,container,5,9.09,0.3,8.83,8.6,4.02,10.6,0.2011,0.21,0
V02698,container,5,11.25,5.04,7.18,4.36,9.08,9.46,0.2498,1.75,0
V02699,cargo,11,11.94,0.57,5.14,5.77,2.98,5.02,0.7366,3.03,0
V02700,cargo,5,8.98,2.45,5.9,6.73,5.84,7.3,0.5392,0.05,0
V02701,cargo,12,12.1,3.2,18.98,9.03,16.54,2.91,0.5748,2.1,0
V02702,cargo,11,7.49,0.58,1.82,9.04,14.04,13.14,0.4452,2.05,0
V02703,tanker,5,4.01,9.01,5.47,6.74,16.46,7.67,0.1746,1.64,0
V02704,cargo,9,10.71,2.11,22.24,7.29,2.47,10.63,0.1326,0.11,0
V02705,cargo,11,10.45,1.04,7.61,7.76,4.39,12.05,0.2315,4.99,0
V02706,container,2,9.83,0.19,4.48,8.15,25.32,10.93,0.2141,1.44,0
V02707,tanker,8,12.45,1.5,6.29,6.48,4.83,5.81,0.5018,6.12,0
V02708,tanker,9,15.74,1.48,5.71,7.16,8.14,6.3,0.5261,14.67,0
V02709,tanker,12,4.31,7.32,14.49,5.88,5.05,10.65,0.6052,1.98,0
V02710,container,10,11.12,8.02,18.04,9.9,15.55,11.3,0.6137,0.4,0
V02711,container,7,7.8,1.65,24.63,6.05,7.73,9.08,0.1862,10.53,0
V02712,passenger,1,9.71,8.5,18.97,10.59,13.6,8.08,0.5656,4.18,0
V02713,cargo,10,15.01,1.9,20.78,9.12,13.58,3.31,0.1527,1.72,0
V02714,passenger,4,11.28,1.45,12.58,10.04,2.59,6.1,0.6041,0.23,0
V02715,cargo,5,12.7,6.75,3.84,7.95,10.05,8.56,0.2564,3.31,0
V02716,tanker,1,7.01,2.76,15.24,6.09,3.94,10.65,0.5178,0.96,0
V02717,passenger,6,13.0,10.21,11.49,10.69,0.79,7.39,0.4151,9.06,0
V02718,tanker,11,11.05,0.09,7.63,7.74,6.96,7.52,0.5333,0.5,0
V02719,cargo,12,16.63,3.03,12.37,6.85,9.93,11.77,0.1034,2.97,0
V02720,tanker,11,11.96,15.66,4.11,7.97,3.51,7.03,0.4652,8.59,0
V02721,container,4,18.53,6.64,7.98,9.46,9.92,9.0,0.7481,7.86,0
V02722,cargo,4,8.12,13.61,7.61,4.91,6.19,8.01,0.5614,1.37,1
V02723,container,12,7.18,3.6,44.45,7.76,10.9,7.54,0.4985,3.74,0
V02724,container,2,13.22,0.6,14.67,11.3,20.21,4.46,0.4211,1.03,0
V02725,cargo,10,12.01,3.44,13.44,6.43,8.82,6.68,0.621,3.93,0
V02726,cargo,7,13.8,5.05,1.96,4.6,5.96,6.31,0.3142,0.02,0
V02727,cargo,7,10.52,0.53,10.55,6.34,3.35,4.71,0.1379,3.1,0
V02728,cargo,7,11.48,6.57,7.47,7.06,10.51,9.53,0.3099,10.28,0
V02729,passenger,8,11.8,4.67,13.74,6.42,6.32,4.06,0.3525,1.49,0
V02730,container,6,15.93,1.73,7.96,8.03,6.21,4.39,0.2468,8.63,0
V02731,cargo,9,17.25,9.92,5.26,9.09,20.05,12.05,0.5233,8.96,0
V02732,tanker,6,16.71,2.04,14.22,7.57,6.18,13.35,0.6283,10.86,0
V02733,cargo,11,5.05,2.82,11.75,5.95,12.23,10.09,0.342,0.73,0
V02734,passenger,7,6.7,5.87,7.41,7.6,4.4,8.97,0.7382,9.1,0
V02735,container,2,8.77,5.99,16.75,2.28,12.61,13.82,0.7203,8.27,0
V02736,cargo,10,12.98,0.35,18.27,10.65,33.05,8.55,0.6289,0.56,0
V02737,passenger,5,9.98,3.04,14.57,6.73,4.44,15.0,0.3219,4.41,0
V02738,cargo,11,12.57,10.11,1.97,3.99,6.5,11.07,0.5357,1.73,0
V02739,cargo,4,13.04,0.72,12.45,5.39,3.88,7.14,0.8996,5.8,1
V02740,cargo,9,6.97,5.86,19.37,7.35,4.12,6.36,0.7586,4.35,0
V02741,cargo,8,5.2,3.72,11.66,9.82,2.96,11.82,0.288,3.08,0
V02742,container,4,12.69,0.95,33.61,9.67,4.68,6.28,0.7134,2.59,0
V02743,passenger,1,10.16,4.85,6.2,5.98,3.5,7.22,0.1201,4.56,0
V02744,container,5,10.36,9.78,5.61,7.14,8.19,9.12,0.8431,3.07,0
V02745,tanker,8,12.83,11.98,10.49,4.37,8.44,10.86,0.3994,3.18,0
V02746,cargo,11,11.87,0.62,20.01,6.65,7.56,5.68,0.9741,5.55,0
V02747,tanker,9,14.15,2.28,10.47,8.25,11.7,12.3,0.4006,3.16,0
V02748,passenger,12,12.46,3.4,1.03,10.75,9.17,11.31,0.9155,6.73,0
V02749,cargo,4,8.98,10.55,20.39,3.3,11.68,9.52,0.6314,1.46,0
V02750,tanker,5,13.56,1.49,5.26,9.09,11.32,6.67,0.6788,3.27,0
V02751,tanker,3,16.06,1.42,8.02,5.91,15.39,7.34,0.5204,2.25,0
V02752,passenger,3,7.67,8.28,16.52,7.19,12.07,15.0,0.5275,10.83,0
V02753,cargo,3,9.63,11.06,8.95,7.14,3.92,9.56,0.4386,1.41,0
V02754,cargo,6,15.32,1.81,8.02,3.48,9.08,3.87,0.1601,16.89,0
V02755,cargo,7,11.93,1.85,32.93,9.46,24.71,5.2,0.8296,0.7,0
V02756,passenger,12,15.51,0.63,26.76,7.9,6.67,8.67,0.6075,5.62,0
V02757,container,3,7.68,10.01,16.3,8.02,4.31,4.55,0.2159,2.75,0
V02758,passenger,5,13.8,0.01,11.41,8.59,8.27,3.61,0.9324,5.06,0
V02759,container,10,6.78,6.25,1.57,9.49,8.85,10.46,0.0489,0.54,0
V02760,cargo,2,14.16,10.76,9.35,8.21,4.45,9.78,0.2521,3.73,0
V02761,passenger,7,14.7,1.15,4.7,7.47,15.35,9.73,0.6817,0.78,0
V02762,container,8,6.23,1.41,11.37,8.2,9.46,12.21,0.2189,1.42,0
V02763,cargo,10,8.2,3.55,11.95,7.2,6.97,6.81,0.8145,0.98,0
V02764,cargo,10,9.45,1.23,60.02,8.15,0.88,8.24,0.6914,8.36,0
V02765,container,1,11.44,4.11,11.8,7.99,13.63,9.34,0.2446,5.04,0
V02766,cargo,9,12.86,0.76,4.56,10.13,3.43,7.1,0.2551,0.01,0
V02767,tanker,12,14.21,0.88,5.86,10.39,2.89,9.43,0.8172,6.21,0
V02768,passenger,4,7.22,8.56,13.54,4.82,8.97,8.46,0.5096,3.13,0
V02769,tanker,6,9.77,2.56,4.79,6.17,9.38,7.33,0.222,5.44,0
V02770,cargo,9,11.58,10.01,7.36,8.73,14.31,7.29,0.8918,5.56,0
V02771,cargo,10,17.27,0.37,20.77,7.58,6.29,6.2,0.4711,2.85,0
V02772,passenger,12,14.03,8.21,13.52,7.47,21.92,11.25,0.5269,1.49,0
V02773,container,1,9.98,6.28,6.69,4.68,8.75,9.11,0.6272,2.29,0
V02774,cargo,4,15.22,9.46,3.58,10.2,2.2,9.74,0.7672,0.37,0
V02775,container,3,14.7,2.45,21.51,12.74,19.82,10.89,0.5434,4.75,0
V02776,container,3,7.98,1.09,15.03,7.96,23.81,6.72,0.1858,0.19,0
V02777,tanker,11,12.87,10.99,10.75,10.46,8.08,3.14,0.6985,0.91,0
V02778,cargo,1,9.14,3.49,7.95,8.07,0.79,9.39,0.1166,0.78,0
V02779,cargo,2,18.15,0.78,12.85,9.13,9.2,9.26,0.2821,17.01,0
V02780,cargo,2,13.17,1.39,5.29,6.35,10.45,15.0,0.7417,6.37,0
V02781,cargo,5,14.09,4.51,15.45,8.89,0.54,5.98,0.1636,0.12,0
V02782,container,3,11.7,0.44,25.96,5.08,6.32,9.99,0.4724,2.29,0
V02783,container,1,12.2,14.34,21.49,4.39,2.52,11.89,0.471,0.73,0
V02784,container,2,9.93,6.01,4.86,6.32,5.05,12.3,0.6312,8.87,0
V02785,container,5,10.21,3.02,29.35,5.7,13.2,7.63,0.794,3.66,0
V02786,tanker,8,5.83,3.4,5.4,6.78,18.38,6.45,0.1407,0.91,0
V02787,cargo,4,11.87,1.73,34.37,4.08,4.88,6.43,0.6395,4.53,0
V02788,container,7,9.83,5.26,12.83,5.17,5.49,9.67,0.7948,2.9,0
V02789,container,11,6.38,3.55,12.65,8.35,11.76,5.38,0.6429,1.65,1
V02790,passenger,11,17.3,7.9,3.24,8.52,5.32,8.01,0.6401,1.13,1
V02791,tanker,3,11.05,3.24,9.78,8.6,5.0,9.64,0.801,2.01,0
V02792,container,5,9.82,9.6,7.9,9.49,8.6,5.49,0.0538,1.17,0
V02793,passenger,5,12.12,5.98,9.05,9.13,8.42,5.41,0.7008,3.14,0
V02794,cargo,9,15.85,10.22,17.63,5.84,25.77,8.92,0.615,3.13,0
V02795,cargo,3,13.72,5.5,3.77,8.09,3.53,6.89,0.3839,1.71,0
V02796,tanker,7,12.63,5.93,7.46,6.75,10.41,3.91,0.3044,0.78,0
V02797,cargo,8,8.27,0.37,10.66,5.33,7.11,6.91,0.1555,3.41,0
V02798,cargo,11,10.42,6.95,5.36,5.88,21.61,9.64,0.419,1.92,0
V02799,container,11,15.16,7.57,11.32,4.52,7.4,15.0,0.5433,2.82,0
V02800,container,12,12.34,5.51,11.8,8.46,12.5,6.13,0.6431,3.48,0
V02801,tanker,4,12.99,17.69,13.71,4.47,5.5,5.68,0.8396,3.84,0
V02802,cargo,1,16.94,4.53,18.14,5.1,15.95,9.9,0.2342,0.73,0
V02803,cargo,1,15.62,1.94,32.81,6.41,3.54,7.47,0.3634,1.4,0
V02804,passenger,8,10.33,9.18,23.58,8.42,5.0,12.87,0.6135,4.55,0
V02805,container,6,15.22,4.98,6.39,7.12,12.26,9.74,0.3377,3.7,0
V02806,cargo,6,10.37,1.6,9.46,3.95,11.4,12.24,0.5757,3.55,0
V02807,container,1,1.75,4.49,3.68,5.12,7.45,5.77,0.7123,6.79,0
V02808,tanker,8,7.11,1.35,14.86,7.81,6.65,8.53,0.3231,0.18,0
V02809,passenger,8,5.91,6.04,5.12,9.92,10.25,9.56,0.5308,0.07,0
V02810,passenger,2,14.24,6.54,1.34,8.27,17.42,6.92,0.0998,8.18,0
V02811,passenger,5,7.55,7.5,9.98,6.34,7.78,7.89,0.7443,13.27,0
V02812,container,8,10.18,8.44,4.07,6.1,3.07,9.28,0.4931,10.02,0
V02813,tanker,4,7.42,2.55,4.25,6.99,2.98,6.11,0.4514,2.65,0
V02814,cargo,11,11.56,5.22,3.8,9.02,6.08,6.95,0.8099,10.48,0
V02815,tanker,4,8.96,1.12,3.27,6.47,4.94,8.47,0.4047,0.12,0
V02816,passenger,6,8.82,1.23,14.66,3.37,4.74,4.07,0.4422,1.32,0
V02817,cargo,10,10.11,11.64,15.36,4.85,3.02,10.61,0.4215,1.78,0
V02818,container,4,14.79,2.22,9.51,5.0,6.11,6.68,0.6064,5.9,0
V02819,tanker,2,19.26,4.64,20.21,8.21,6.52,5.81,0.4575,4.69,0
V02820,cargo,7,11.69,2.2,10.08,8.26,7.81,8.61,0.1365,6.12,0
V02821,container,2,12.75,4.14,8.58,5.8,10.95,8.95,0.7946,1.71,0
V02822,container,6,7.67,6.17,23.74,8.94,3.03,6.51,0.5616,17.31,0
V02823,tanker,8,12.63,1.9,6.76,5.67,9.54,11.6,0.6471,8.41,0
V02824,cargo,3,10.34,4.12,14.23,7.66,11.99,7.57,0.7744,4.66,0
V02825,cargo,1,14.94,1.41,17.16,10.84,8.42,0.3,0.4106,1.87,0
V02826,cargo,12,13.07,8.25,10.99,6.29,5.95,10.97,0.4172,18.35,0
V02827,container,5,12.96,1.18,4.23,7.75,11.73,4.95,0.1382,3.57,0
V02828,cargo,11,12.16,7.09,18.24,7.02,22.66,4.92,0.6795,0.26,0
V02829,tanker,11,10.57,11.23,4.9,8.28,8.36,8.5,0.9541,14.03,0
V02830,tanker,12,8.35,7.19,8.34,7.75,2.52,4.73,0.8088,2.7,0
V02831,cargo,4,10.59,5.52,13.55,8.66,5.41,4.4,0.259,8.15,0
V02832,tanker,3,12.89,7.73,3.99,9.74,8.75,11.08,0.5268,3.05,0
V02833,container,7,11.66,6.17,8.83,9.14,8.67,7.42,0.361,0.17,0
V02834,cargo,7,16.82,8.18,24.85,10.42,3.68,10.74,0.2254,9.62,0
V02835,container,1,12.41,13.88,8.87,10.32,3.21,6.41,0.4488,0.33,0
V02836,passenger,1,14.92,5.28,2.92,7.36,5.77,10.74,0.2605,7.53,0
V02837,cargo,1,7.32,1.98,21.37,4.77,6.18,2.45,0.8908,0.79,0
V02838,cargo,4,13.19,1.1,37.01,7.91,15.73,3.97,0.2259,0.3,0
V02839,container,7,13.44,6.87,13.48,8.45,15.33,13.96,0.3464,2.31,0
V02840,container,10,9.06,1.68,7.23,8.62,13.96,5.79,0.862,5.97,0
V02841,container,5,9.1,4.92,5.14,8.45,11.73,7.02,0.5769,0.1,1
V02842,cargo,4,11.51,5.02,13.48,5.97,8.42,13.57,0.7731,4.77,0
V02843,container,7,10.72,7.0,27.78,8.08,4.77,13.43,0.5932,4.69,0
V02844,cargo,8,12.98,12.87,36.0,7.17,13.13,8.81,0.1938,1.2,0
V02845,passenger,8,12.48,5.96,9.06,4.39,18.8,8.54,0.5164,3.11,0
V02846,container,5,14.37,2.23,13.46,6.87,8.36,6.94,0.6561,5.66,0
V02847,cargo,12,12.21,5.12,7.94,7.49,14.2,10.81,0.2407,4.12,0
V02848,cargo,2,13.69,0.4,17.81,6.83,6.87,11.74,0.1327,1.06,0
V02849,tanker,12,8.92,14.11,12.19,10.97,10.5,11.26,0.5888,1.34,0
V02850,cargo,12,12.19,1.62,9.74,9.42,7.4,11.39,0.7814,4.79,0
V02851,passenger,1,9.44,6.92,12.62,8.96,9.31,0.3,0.891,9.88,0
V02852,tanker,10,8.51,1.68,30.22,8.49,5.92,2.54,0.3448,8.0,0
V02853,container,8,4.64,3.71,4.8,11.71,20.07,9.08,0.4208,1.11,0
V02854,cargo,5,14.14,2.7,5.88,7.12,6.34,8.88,0.2285,6.38,0
V02855,cargo,11,9.1,4.94,17.3,8.78,4.74,8.88,0.0902,5.42,0
V02856,tanker,10,6.55,11.45,29.14,6.38,16.41,8.34,0.5068,7.25,1
V02857,container,2,9.32,10.17,1.89,7.92,3.78,8.53,0.6612,9.15,1
V02858,passenger,5,12.89,10.99,11.77,5.74,2.15,8.45,0.4745,9.82,0
V02859,cargo,2,7.94,2.78,23.49,8.62,4.82,3.67,0.5457,4.49,0
V02860,cargo,6,15.54,9.25,27.3,5.36,5.42,5.8,0.2139,3.73,0
V02861,tanker,10,11.44,4.94,11.62,7.79,10.41,9.39,0.5508,6.74,0
V02862,tanker,3,10.65,7.2,11.32,9.07,8.79,12.76,0.9686,1.16,0
V02863,cargo,10,9.43,6.15,19.43,4.6,4.22,14.1,0.3798,9.99,0
V02864,container,3,9.72,0.12,11.17,4.44,9.64,4.75,0.8444,3.41,0
V02865,cargo,6,16.13,5.7,11.81,6.28,0.6,7.35,0.3228,7.5,0
V02866,container,3,14.38,2.17,18.65,5.54,3.29,8.54,0.1561,7.2,0
V02867,passenger,1,15.14,4.2,33.51,7.24,1.7,6.61,0.1554,10.95,0
V02868,container,2,10.9,4.64,4.07,7.11,8.54,10.81,0.4803,0.94,0
V02869,passenger,1,17.21,2.11,9.16,8.53,9.45,10.9,0.8202,1.08,0
V02870,cargo,4,9.4,4.27,5.11,7.9,9.07,3.73,0.3732,5.71,0
V02871,cargo,8,10.26,5.52,3.25,5.09,10.41,11.39,0.4303,3.67,0
V02872,tanker,1,6.59,2.3,2.56,5.52,1.59,11.63,0.0409,5.67,0
V02873,container,2,10.22,8.49,6.06,7.33,0.78,9.72,0.0687,7.0,0
V02874,cargo,11,13.49,3.32,18.71,11.24,6.13,5.21,0.4104,6.04,0
V02875,tanker,6,6.79,8.94,73.27,12.75,20.4,5.9,0.7815,4.64,0
V02876,cargo,2,12.43,2.33,8.39,6.12,3.74,8.87,0.441,6.58,0
V02877,passenger,4,13.03,4.88,4.74,6.12,4.64,3.67,0.3395,8.32,0
V02878,cargo,11,14.35,8.35,11.43,6.55,6.46,8.36,0.6034,2.2,0
V02879,tanker,10,10.83,10.09,8.91,9.47,4.25,10.74,0.228,0.0,0
V02880,container,4,10.72,2.5,5.99,9.92,3.65,12.47,0.6377,0.48,0
V02881,tanker,3,13.77,4.68,4.12,6.61,9.33,6.68,0.7843,4.48,0
V02882,tanker,1,7.9,2.23,39.36,5.35,2.49,3.8,0.2874,1.03,1
V02883,container,11,11.11,0.61,14.21,6.47,15.4,3.61,0.8653,2.58,0
V02884,cargo,9,11.68,5.86,25.68,10.05,10.39,6.61,0.3263,0.07,0
V02885,container,10,9.25,3.5,4.22,5.89,24.56,10.18,0.7926,1.71,0
V02886,container,1,15.11,0.62,7.34,7.49,12.23,8.92,0.3376,0.16,0
V02887,cargo,10,16.5,4.04,4.87,6.82,2.38,7.83,0.6982,3.71,0
V02888,container,3,11.45,4.06,1.93,8.12,9.12,10.02,0.3559,6.15,0
V02889,tanker,10,5.51,3.47,12.62,7.67,14.1,8.97,0.4417,4.66,0
V02890,cargo,12,11.34,10.08,6.56,3.16,19.77,8.67,0.7381,0.19,0
V02891,cargo,3,12.24,10.41,36.18,11.27,10.85,9.11,0.4844,1.61,0
V02892,passenger,8,6.73,12.34,4.11,2.93,22.03,13.84,0.4958,3.2,0
V02893,passenger,1,12.37,7.68,7.6,8.65,7.96,8.22,0.4062,12.86,0
V02894,tanker,1,11.78,1.42,5.07,11.33,7.94,8.27,0.8327,14.95,1
V02895,container,3,11.32,3.59,10.29,6.95,5.39,12.9,0.7317,3.7,0
V02896,cargo,7,12.75,13.64,14.18,11.68,8.59,12.25,0.7261,4.01,0
V02897,cargo,3,14.89,6.05,6.98,7.64,21.2,6.97,0.578,8.38,0
V02898,cargo,9,10.62,3.14,29.41,6.91,4.69,12.31,0.2907,13.21,0
V02899,cargo,10,6.96,0.67,39.54,8.74,21.17,6.19,0.2733,1.72,0
V02900,cargo,5,11.21,7.3,36.18,10.55,1.86,8.73,0.691,1.55,0
V02901,cargo,2,13.94,10.99,19.37,6.11,10.33,6.79,0.8125,1.1,0
V02902,passenger,4,14.51,12.87,11.78,3.51,21.48,9.0,0.2359,2.56,0
V02903,passenger,6,9.11,1.57,6.54,3.85,20.19,9.36,0.8126,3.19,0
V02904,cargo,9,13.04,13.62,11.59,7.79,3.9,12.91,0.7348,7.8,0
V02905,cargo,11,8.9,4.25,5.22,7.18,11.64,9.38,0.2952,0.72,0
V02906,passenger,5,8.92,9.3,5.12,7.39,14.87,11.89,0.542,3.97,0
V02907,container,5,13.81,5.39,8.73,7.45,5.44,11.97,0.4573,6.91,0
V02908,tanker,7,10.37,0.63,7.15,4.96,19.89,5.11,0.3899,4.88,0
V02909,cargo,6,3.38,4.83,4.71,6.18,10.17,12.79,0.5264,1.28,0
V02910,tanker,6,10.18,0.09,6.55,10.52,7.36,9.57,0.5197,1.06,0
V02911,container,5,16.25,8.3,5.19,4.04,9.03,12.77,0.4006,1.28,0
V02912,cargo,4,10.68,0.1,7.46,7.61,13.29,5.98,0.377,2.82,0
V02913,container,11,14.78,13.72,35.76,7.36,27.06,11.76,0.955,17.77,1
V02914,container,2,16.44,3.27,3.56,4.78,14.02,6.88,0.1948,5.35,0
V02915,cargo,10,12.57,2.28,19.47,10.14,3.71,9.46,0.4376,3.5,0
V02916,tanker,4,7.22,5.26,12.76,6.33,9.15,4.86,0.6597,3.93,0
V02917,container,8,11.54,4.34,6.56,7.64,6.75,4.87,0.7829,0.99,0
V02918,container,10,10.65,1.72,9.56,6.77,6.82,15.0,0.3224,0.34,0
V02919,cargo,9,8.47,2.14,6.64,6.64,6.66,8.41,0.1293,10.21,0
V02920,passenger,6,10.41,8.42,6.68,6.84,17.25,6.5,0.4282,3.63,0
V02921,tanker,9,11.27,1.29,15.45,9.5,3.25,7.14,0.1208,6.28,0
V02922,container,2,11.55,4.99,13.89,10.82,2.88,8.04,0.568,14.89,0
V02923,container,4,10.1,0.89,13.34,7.88,9.68,14.94,0.4174,3.56,0
V02924,tanker,3,11.06,1.01,5.07,9.21,6.23,6.7,0.8831,9.16,0
V02925,tanker,8,19.19,4.27,9.61,5.45,12.89,8.61,0.467,0.42,0
V02926,cargo,1,15.05,1.58,6.74,7.5,6.63,10.24,0.1948,0.24,0
V02927,container,12,12.63,2.31,13.19,7.01,3.53,0.89,0.7561,2.45,0
V02928,cargo,7,7.03,6.86,15.03,8.61,10.77,7.61,0.397,2.48,0
V02929,container,7,8.15,7.59,12.72,8.79,2.28,9.64,0.4352,2.06,0
V02930,cargo,6,8.85,0.31,23.83,9.37,1.98,8.65,0.2618,9.5,0
V02931,container,2,13.95,2.19,13.88,4.96,16.57,8.12,0.498,0.11,0
V02932,tanker,1,18.86,6.79,12.49,4.73,5.97,6.42,0.3208,0.64,0
V02933,tanker,10,12.67,5.8,4.56,7.31,9.97,10.18,0.8661,1.13,0
V02934,cargo,3,12.25,5.01,14.55,6.53,12.32,9.67,0.2674,12.49,0
V02935,cargo,4,18.42,4.12,7.07,8.2,5.94,3.87,0.6565,1.02,1
V02936,cargo,3,13.36,2.82,11.88,7.86,4.07,11.28,0.4782,5.94,0
V02937,tanker,7,8.76,7.14,24.15,7.18,1.64,5.11,0.0816,2.0,0
V02938,cargo,9,11.21,1.62,6.61,6.63,4.98,8.02,0.2416,1.07,0
V02939,container,8,10.39,2.94,5.64,8.74,5.15,8.4,0.7036,3.09,0
V02940,container,2,2.65,2.6,5.02,11.14,8.98,11.11,0.693,1.42,1
V02941,cargo,12,16.14,9.34,1.99,5.29,4.11,6.0,0.4717,0.33,0
V02942,tanker,2,16.07,9.09,9.49,8.44,4.64,10.36,0.5674,4.74,0
V02943,container,1,9.99,7.99,4.41,9.22,25.31,7.45,0.2153,4.84,0
V02944,container,12,17.29,5.78,3.78,6.11,10.42,10.56,0.9088,1.26,0
V02945,container,12,15.62,12.16,10.39,8.88,36.8,9.77,0.7693,6.16,0
V02946,tanker,9,12.03,7.63,8.01,7.11,9.99,10.84,0.6556,4.65,0
V02947,cargo,11,9.0,1.99,9.16,10.71,3.3,11.33,0.4967,4.5,0
V02948,passenger,1,12.1,6.43,11.4,8.88,5.16,11.38,0.5986,0.34,1
V02949,container,5,11.0,5.15,7.76,4.15,2.83,7.93,0.4993,2.97,0
V02950,container,2,10.92,15.07,11.66,9.86,15.06,9.25,0.2599,1.28,0
V02951,tanker,5,4.64,7.5,4.93,1.61,12.99,8.71,0.6104,6.02,0
V02952,cargo,1,10.39,5.9,4.98,7.89,4.19,7.12,0.4366,0.43,0
V02953,container,3,2.9,3.1,26.65,4.11,27.55,3.12,0.9217,9.85,0
V02954,container,4,13.77,0.67,11.19,7.22,15.65,5.99,0.4336,11.36,0
V02955,tanker,1,12.23,6.57,15.7,6.55,2.82,7.01,0.6249,0.55,0
V02956,cargo,7,11.19,1.94,14.8,8.29,19.95,9.46,0.3252,6.27,0
V02957,container,12,15.1,1.83,7.09,6.33,9.94,6.21,0.6398,6.41,0
V02958,tanker,12,16.23,4.71,11.78,9.22,1.63,9.53,0.3441,3.33,0
V02959,cargo,6,3.1,7.32,7.32,4.72,6.53,6.17,0.8614,0.71,0
V02960,container,4,7.4,3.38,4.9,2.06,8.04,7.29,0.6129,3.15,0
V02961,passenger,10,9.28,0.57,35.45,6.4,4.1,8.33,0.6185,2.58,0
V02962,container,12,18.88,4.98,3.6,5.47,15.35,7.63,0.3975,4.74,0
V02963,passenger,11,10.55,4.11,9.32,3.25,5.94,5.81,0.6487,2.44,0
V02964,tanker,3,6.44,6.54,21.17,4.72,7.37,7.06,0.6372,1.02,0
V02965,cargo,4,9.84,4.58,24.34,7.78,9.71,6.83,0.0804,3.83,0
V02966,container,6,14.86,5.44,12.54,3.85,8.63,5.01,0.4906,0.51,0
V02967,cargo,10,10.77,0.03,2.25,11.32,6.13,6.97,0.5495,0.84,0
V02968,cargo,10,15.66,11.72,7.61,6.39,7.3,11.0,0.3888,2.54,0
V02969,cargo,3,9.88,0.28,8.38,8.27,2.93,10.29,0.8101,3.79,0
V02970,tanker,6,10.65,2.63,14.61,9.1,7.14,4.23,0.1815,4.09,0
V02971,container,7,5.76,3.57,13.39,7.89,8.99,8.37,0.8066,2.63,0
V02972,container,1,16.42,6.87,18.79,7.38,7.6,7.13,0.8665,1.42,0
V02973,passenger,3,12.26,3.64,10.07,6.32,5.18,10.95,0.476,20.7,0
V02974,container,12,12.71,3.77,19.3,7.68,6.2,9.13,0.1539,2.13,0
V02975,cargo,2,8.19,2.0,8.21,4.44,23.86,10.98,0.4031,1.16,0
V02976,cargo,8,7.27,0.72,24.28,6.18,12.34,2.97,0.8461,6.04,0
V02977,tanker,6,13.44,3.4,1.56,7.22,9.79,8.78,0.6688,4.55,0
V02978,container,11,9.31,4.76,7.44,8.95,2.76,5.94,0.3049,0.98,0
V02979,cargo,10,15.74,5.15,8.02,7.49,3.82,9.35,0.6062,18.48,0
V02980,tanker,2,10.61,4.6,13.07,6.64,13.15,13.7,0.3414,3.7,0
V02981,passenger,12,6.9,7.06,17.11,9.21,10.51,2.99,0.1057,15.32,0
V02982,container,8,12.04,2.02,7.24,7.87,6.21,12.35,0.7455,5.11,0
V02983,tanker,9,9.96,4.89,3.95,4.49,20.63,6.92,0.4198,0.24,0
V02984,cargo,1,7.43,1.04,2.66,5.62,5.8,4.27,0.5824,0.88,0
V02985,tanker,4,8.22,1.61,5.24,8.14,1.88,3.99,0.7159,12.43,0
V02986,container,6,19.05,12.79,14.07,4.06,19.01,8.48,0.3563,2.06,0
V02987,passenger,9,9.85,3.47,2.53,8.71,4.7,9.52,0.2326,2.54,0
V02988,container,7,5.82,5.51,32.32,9.59,6.16,11.08,0.7408,4.77,0
V02989,tanker,5,5.64,8.75,15.04,7.8,1.44,13.97,0.1957,0.47,0
V02990,container,7,12.38,1.22,10.22,7.44,4.6,9.82,0.3501,7.31,0
V02991,container,10,18.39,4.41,3.79,6.14,3.35,11.7,0.9079,4.29,0
V02992,cargo,9,13.72,1.46,4.76,3.74,2.76,6.33,0.7853,1.64,0
V02993,cargo,10,10.4,2.26,8.28,9.21,10.11,3.28,0.8974,9.59,0
V02994,tanker,8,18.08,10.37,16.03,8.39,3.66,13.17,0.6837,2.03,1
V02995,container,3,12.96,0.71,9.46,3.97,8.45,10.34,0.7655,0.01,0
V02996,container,3,6.51,6.85,10.37,3.3,4.03,12.12,0.6913,11.19,0
V02997,cargo,3,10.95,6.23,5.1,6.93,4.37,7.47,0.4853,18.04,0
V02998,passenger,8,12.7,2.73,4.96,5.56,4.52,7.34,0.2874,5.81,0
V02999,passenger,9,16.55,8.65,6.66,7.81,8.08,5.3,0.2627,8.5,0
V03000,tanker,11,10.73,0.92,50.05,4.55,4.34,7.98,0.4054,1.75,0
V03001,cargo,7,7.87,8.13,4.47,10.04,5.85,9.16,0.581,0.71,0
V03002,cargo,7,11.23,5.46,14.67,7.86,6.05,11.27,0.2084,0.03,0
V03003,tanker,1,10.65,2.64,6.94,5.51,8.08,9.73,0.5584,3.5,0
V03004,cargo,1,19.77,1.35,1.32,8.78,6.49,8.95,0.8256,2.71,0
V03005,cargo,1,17.57,16.88,5.16,7.51,0.69,4.69,0.9134,0.67,0
V03006,tanker,11,13.05,8.24,9.05,5.63,3.74,5.59,0.7689,2.62,0
V03007,cargo,1,10.18,16.74,7.46,5.57,5.77,7.81,0.2481,5.21,1
V03008,container,4,5.69,12.42,11.88,8.52,8.08,8.38,0.7491,8.51,0
V03009,cargo,12,7.28,2.14,16.65,4.04,13.35,12.91,0.5473,2.5,0
V03010,container,3,14.69,0.51,17.19,8.84,24.48,10.59,0.4252,3.25,0
V03011,cargo,10,13.19,7.13,7.67,7.77,11.32,13.6,0.5583,7.31,0
V03012,container,10,13.58,11.72,7.47,9.3,5.02,13.0,0.4506,2.26,0
V03013,cargo,2,13.0,4.47,6.72,8.71,4.95,5.99,0.1281,1.85,1
V03014,tanker,7,8.94,2.82,4.49,7.72,6.25,5.31,0.683,0.78,0
V03015,cargo,3,9.85,4.54,11.11,6.27,14.22,8.28,0.1682,0.98,1
V03016,passenger,3,14.72,0.53,24.79,7.8,10.72,4.42,0.4468,11.65,1
V03017,passenger,12,9.79,11.12,18.0,6.75,7.62,7.94,0.8093,3.38,1
V03018,cargo,11,9.22,1.3,2.13,7.04,2.44,14.84,0.7734,5.29,0
V03019,cargo,10,8.61,2.08,10.95,8.31,2.31,4.3,0.2688,1.43,0
V03020,container,12,17.28,2.51,7.42,5.81,13.15,9.21,0.362,5.98,0
V03021,container,5,12.68,4.11,2.82,5.15,6.02,4.3,0.3695,1.29,0
V03022,cargo,10,12.56,1.77,7.22,7.42,15.87,11.47,0.3263,9.52,0
V03023,cargo,5,5.45,8.66,8.52,6.5,5.79,8.56,0.3449,0.86,1
V03024,cargo,6,11.68,11.98,6.54,8.53,25.58,7.32,0.8712,14.29,0
V03025,container,10,9.91,14.71,22.65,6.46,6.12,11.32,0.5401,2.0,0
V03026,cargo,4,11.84,4.26,9.43,5.37,3.84,0.3,0.1701,4.34,0
V03027,cargo,3,10.89,6.54,2.23,7.65,5.83,11.71,0.7753,10.57,0
V03028,cargo,7,13.12,2.35,5.71,5.51,7.49,5.24,0.3728,3.17,0
V03029,container,9,11.22,12.18,15.04,7.64,2.24,7.08,0.4801,7.49,0
V03030,cargo,4,9.16,8.02,3.59,8.6,14.03,4.97,0.6868,13.61,0
V03031,container,5,3.32,1.66,5.9,9.71,12.56,5.61,0.2969,1.24,0
V03032,cargo,5,15.54,7.12,2.73,5.78,3.28,5.53,0.6492,6.71,1
V03033,cargo,8,12.71,1.73,9.91,8.2,6.86,10.92,0.3067,7.91,0
V03034,cargo,4,15.21,4.13,10.09,6.8,3.55,12.99,0.6538,3.84,0
V03035,cargo,10,8.7,7.53,5.05,8.37,13.11,13.0,0.241,4.78,0
V03036,cargo,3,14.47,2.92,8.89,9.9,3.43,2.71,0.7268,0.04,0
V03037,container,5,12.46,8.54,19.5,5.74,11.84,0.45,0.2666,0.83,1
V03038,passenger,5,16.61,5.38,24.03,8.58,15.48,2.39,0.3629,4.16,0
V03039,container,6,9.3,1.36,8.38,7.52,10.59,13.18,0.4011,8.14,0
V03040,tanker,6,10.55,4.85,2.73,6.15,3.68,7.12,0.9016,2.53,0
V03041,cargo,10,5.87,4.26,9.08,7.28,11.07,11.15,0.7255,5.42,0
V03042,tanker,7,8.93,6.62,8.04,5.92,14.93,12.31,0.5131,0.25,1
V03043,container,8,6.85,0.41,12.59,7.02,3.32,10.44,0.5606,0.92,0
V03044,container,8,11.69,2.92,6.8,10.77,16.98,8.49,0.2591,4.11,0
V03045,container,6,9.21,3.7,7.08,6.12,7.65,6.61,0.7399,0.37,0
V03046,cargo,6,10.85,13.09,4.63,4.17,2.45,6.54,0.3902,0.79,0
V03047,passenger,8,6.49,12.57,6.3,4.99,4.26,9.38,0.5558,4.87,0
V03048,passenger,6,16.44,11.09,40.91,9.46,4.1,9.16,0.7903,8.72,1
V03049,cargo,9,13.41,10.58,5.63,9.34,3.27,8.95,0.0406,6.13,0
V03050,cargo,10,6.17,4.54,16.06,8.05,3.21,3.57,0.7059,8.72,1
V03051,cargo,3,9.2,4.25,6.67,9.73,4.1,10.96,0.7986,10.42,0
V03052,tanker,6,11.44,0.17,8.25,8.38,13.09,6.68,0.4037,1.05,0
V03053,container,6,9.66,13.7,8.4,8.24,8.93,11.7,0.9141,2.3,0
V03054,cargo,5,18.59,2.08,2.35,9.49,13.04,7.25,0.5435,0.16,0
V03055,passenger,5,10.7,8.79,5.68,7.15,1.67,6.16,0.6188,2.63,0
V03056,container,7,7.57,5.01,3.67,8.91,7.31,7.27,0.5169,3.39,0
V03057,container,1,12.19,4.15,6.3,8.41,5.22,8.36,0.4101,0.95,0
V03058,passenger,7,10.41,0.63,5.59,7.62,26.51,12.4,0.3294,5.03,0
V03059,cargo,2,10.45,10.49,6.55,5.37,6.4,10.68,0.8816,5.68,0
V03060,cargo,8,14.61,3.38,9.47,9.61,4.87,10.78,0.7346,4.25,0
V03061,passenger,6,12.33,7.45,2.26,8.21,25.97,7.47,0.3369,2.72,1
V03062,cargo,2,9.27,3.85,4.53,8.29,5.66,5.01,0.429,0.12,0
V03063,container,3,8.86,0.96,10.94,6.42,5.01,12.36,0.2502,1.42,0
V03064,cargo,6,11.14,2.59,14.37,4.4,9.09,7.19,0.4321,6.95,0
V03065,container,8,11.45,5.24,6.53,8.16,6.55,11.78,0.7452,2.48,0
V03066,cargo,9,11.27,2.92,20.28,5.09,5.88,9.9,0.5203,0.16,1
V03067,tanker,8,6.14,4.51,10.33,10.35,12.67,7.82,0.3617,1.3,0
V03068,container,3,12.14,0.79,1.8,8.16,0.64,3.68,0.168,3.52,0
V03069,cargo,4,19.95,1.78,9.13,7.51,6.31,9.37,0.6452,2.18,0
V03070,tanker,1,5.95,3.72,16.42,4.16,9.76,6.62,0.429,5.94,0
V03071,cargo,9,13.46,1.77,6.84,4.73,9.28,13.2,0.1481,16.06,0
V03072,cargo,11,14.14,3.67,8.33,8.53,6.02,4.27,0.142,4.67,0
V03073,tanker,5,7.43,7.84,7.09,6.57,13.99,5.14,0.4546,0.21,0
V03074,cargo,11,10.03,1.12,6.69,9.1,16.5,9.33,0.3685,2.48,0
V03075,cargo,10,21.64,8.87,14.36,6.68,6.59,8.46,0.9492,6.41,0
V03076,cargo,9,9.36,1.13,10.2,7.26,4.94,9.12,0.634,6.43,0
V03077,cargo,4,3.66,6.06,35.75,8.71,3.28,6.26,0.914,8.15,0
V03078,tanker,2,12.85,9.81,11.77,10.3,16.99,8.11,0.3306,0.55,0
V03079,tanker,4,15.37,1.96,5.01,10.19,8.53,4.86,0.5553,4.86,0
V03080,container,12,12.96,8.8,6.6,7.54,1.5,2.93,0.6424,0.45,0
V03081,tanker,3,9.42,6.53,6.91,10.0,4.37,12.19,0.4042,3.11,0
V03082,tanker,9,12.7,10.68,2.66,1.94,3.7,6.2,0.1445,2.26,1
V03083,cargo,5,12.87,0.8,2.34,4.86,11.7,9.93,0.7619,1.54,1
V03084,container,4,13.91,0.42,22.15,11.65,7.26,8.9,0.4954,6.63,0
V03085,passenger,1,14.88,4.81,6.73,10.44,6.17,13.45,0.5611,1.87,0
V03086,cargo,9,11.53,6.97,22.84,9.2,4.17,7.54,0.4108,9.49,0
V03087,cargo,8,10.28,6.82,26.45,4.92,19.56,8.2,0.4873,4.07,0
V03088,cargo,10,4.73,1.9,4.39,5.88,7.98,6.18,0.174,1.0,0
V03089,container,5,13.51,0.82,41.27,9.94,4.13,7.49,0.4334,0.69,0
V03090,tanker,3,9.27,0.79,11.9,4.79,14.38,7.11,0.4603,1.83,0
V03091,tanker,7,8.64,2.06,10.41,8.39,2.85,11.09,0.6956,3.38,0
V03092,container,12,12.19,3.09,3.2,10.19,5.45,7.92,0.843,0.94,0
V03093,container,1,15.53,2.38,4.01,4.51,22.4,9.62,0.3271,1.52,0
V03094,tanker,3,12.26,1.46,6.2,6.08,10.48,8.88,0.2254,3.85,0
V03095,cargo,12,18.33,6.43,3.54,5.32,2.79,12.79,0.4328,1.13,0
V03096,tanker,6,8.7,1.35,15.33,6.27,11.21,8.68,0.539,0.9,0
V03097,tanker,10,16.79,0.08,7.12,9.35,10.04,9.32,0.3307,2.65,0
V03098,container,1,12.92,1.06,9.65,9.81,0.21,6.63,0.4178,0.57,0
V03099,tanker,1,6.73,4.83,5.43,8.51,10.05,10.18,0.7291,0.53,0
V03100,cargo,1,7.33,5.6,14.82,9.61,7.92,6.08,0.5985,6.93,0
V03101,container,11,12.35,2.5,8.71,10.17,24.75,9.09,0.7319,9.58,0
V03102,cargo,3,11.54,4.83,5.92,5.51,2.76,9.45,0.8043,0.15,0
V03103,tanker,2,12.52,1.78,40.49,3.47,8.97,6.82,0.4382,1.57,0
V03104,cargo,6,12.94,4.14,12.2,6.64,12.07,9.78,0.056,4.78,0
V03105,cargo,5,15.15,10.53,11.93,5.26,5.34,9.91,0.2062,3.02,0
V03106,cargo,6,11.59,2.57,14.17,11.32,8.27,13.81,0.9684,0.68,0
V03107,cargo,12,11.26,9.24,4.14,7.25,16.65,6.49,0.5342,1.16,0
V03108,container,4,17.53,10.18,6.52,11.33,15.36,5.65,0.5077,12.01,0
V03109,cargo,9,9.74,1.89,68.55,11.21,7.71,7.42,0.6679,2.6,0
V03110,tanker,2,14.27,10.72,3.56,6.68,15.62,8.96,0.8042,8.85,0
V03111,tanker,5,13.91,5.65,4.15,8.35,9.65,10.89,0.1979,4.05,0
V03112,container,3,8.69,6.42,16.44,7.36,4.54,5.88,0.5459,1.16,0
V03113,cargo,1,10.71,2.34,17.04,9.1,14.57,8.04,0.2163,7.31,0
V03114,passenger,11,7.32,5.29,4.42,7.36,6.25,6.89,0.7604,2.88,0
V03115,cargo,10,12.99,0.26,2.92,9.58,1.43,8.71,0.7338,1.07,0
V03116,passenger,8,9.63,13.1,3.58,5.85,10.62,11.24,0.4329,1.1,0
V03117,tanker,5,13.83,6.62,12.03,10.68,23.28,9.53,0.842,3.92,0
V03118,container,3,13.57,4.98,7.52,5.0,3.82,1.41,0.7724,1.84,0
V03119,container,12,12.92,0.71,8.8,4.0,7.37,10.14,0.5882,0.83,0
V03120,cargo,12,9.16,0.96,11.87,8.22,6.38,7.5,0.3102,1.24,0
V03121,cargo,3,7.37,20.12,11.77,6.85,6.9,3.66,0.6992,2.47,0
V03122,cargo,2,9.28,11.83,4.35,5.79,10.9,9.64,0.7729,0.98,0
V03123,tanker,9,10.7,6.85,4.07,6.14,13.19,5.88,0.6112,6.79,0
V03124,cargo,1,10.49,2.88,14.61,8.46,2.33,12.81,0.2864,7.65,0
V03125,tanker,10,13.17,14.44,4.96,6.59,1.58,6.85,0.2449,2.47,0
V03126,cargo,5,11.11,3.52,19.12,5.12,3.54,8.76,0.5042,4.61,0
V03127,container,11,15.06,9.1,3.95,7.46,16.73,8.89,0.5147,2.51,0
V03128,container,8,14.85,1.48,8.45,5.81,8.27,8.83,0.688,2.92,0
V03129,cargo,12,6.08,2.62,26.61,10.8,13.14,15.0,0.5018,2.19,0
V03130,cargo,10,16.06,3.72,20.27,4.76,4.66,8.86,0.9347,0.63,0
V03131,cargo,10,5.98,1.9,7.4,5.46,6.33,7.23,0.5986,3.75,0
V03132,container,6,13.19,7.04,4.38,10.04,3.93,14.45,0.4085,9.88,0
V03133,cargo,10,5.33,2.62,37.09,12.17,4.74,13.84,0.9164,0.06,0
V03134,passenger,10,14.78,2.6,13.57,7.2,4.13,6.83,0.2901,3.88,0
V03135,cargo,2,8.75,4.61,13.31,6.3,13.2,4.6,0.8546,3.02,0
V03136,cargo,6,12.04,3.54,25.76,6.45,22.43,12.75,0.7515,1.36,0
V03137,cargo,6,15.81,0.28,10.14,6.15,16.12,7.02,0.7776,3.81,0
V03138,cargo,12,13.41,10.88,2.97,9.43,6.66,7.73,0.3642,8.83,0
V03139,cargo,8,11.75,3.26,14.24,10.52,6.66,9.79,0.2621,1.19,0
V03140,passenger,7,9.94,9.32,6.24,7.83,1.37,10.23,0.8473,3.15,0
V03141,cargo,10,12.54,2.98,25.64,7.51,1.82,6.32,0.5436,7.43,0
V03142,cargo,10,13.64,4.37,15.12,6.2,2.64,9.86,0.6744,0.69,0
V03143,passenger,5,7.38,6.24,1.8,3.77,10.23,6.77,0.7829,6.17,0
V03144,container,1,12.9,6.64,7.33,4.9,11.08,4.31,0.9041,3.62,0
V03145,tanker,9,14.63,4.75,16.63,8.19,2.77,11.12,0.4553,13.7,0
V03146,tanker,8,8.16,2.42,2.45,3.97,18.01,9.42,0.4055,0.94,0
V03147,container,6,9.91,6.36,6.21,8.93,13.01,2.98,0.6489,0.93,0
V03148,container,5,10.76,0.43,10.25,5.11,7.97,6.72,0.348,2.6,0
V03149,tanker,8,7.9,7.43,3.74,7.52,2.46,8.43,0.5383,1.96,0
V03150,passenger,5,9.28,2.86,7.71,8.45,6.44,10.0,0.13,1.27,0
V03151,tanker,2,11.46,7.28,6.27,8.22,1.29,7.34,0.1959,1.53,0
V03152,tanker,3,15.64,1.32,22.06,9.73,8.56,5.92,0.3266,7.25,0
V03153,cargo,11,8.51,7.25,9.98,6.46,6.0,8.48,0.4961,0.06,0
V03154,tanker,7,14.52,5.99,16.37,8.24,14.87,12.74,0.4795,7.37,0
V03155,passenger,6,13.35,10.7,20.27,5.45,10.81,9.74,0.6845,2.53,0
V03156,passenger,8,9.75,9.25,15.84,9.67,8.14,15.0,0.7598,0.92,0
V03157,cargo,12,11.73,1.31,17.08,6.12,6.52,7.3,0.3096,8.45,0
V03158,passenger,3,9.27,3.33,5.59,6.48,3.58,15.0,0.3553,2.42,0
V03159,cargo,1,8.55,8.81,1.08,3.62,6.55,10.95,0.2912,14.6,0
V03160,passenger,11,9.54,2.74,6.2,7.2,5.85,1.21,0.7493,3.44,0
V03161,cargo,2,14.51,6.3,7.74,6.4,15.05,5.63,0.5229,3.47,0
V03162,container,11,8.8,0.42,15.65,7.24,16.22,9.31,0.5629,2.42,0
V03163,passenger,8,12.38,9.08,13.15,5.56,1.45,4.41,0.8352,9.08,1
V03164,tanker,9,9.91,2.36,23.08,3.35,2.37,7.29,0.3032,3.1,0
V03165,cargo,2,14.99,6.2,7.92,9.5,25.27,6.62,0.2983,6.87,0
V03166,cargo,1,9.24,8.77,12.4,9.83,6.69,8.86,0.5335,3.1,0
V03167,container,3,13.3,1.45,5.41,2.42,1.54,0.76,0.7571,0.99,0
V03168,cargo,4,6.59,10.34,8.66,6.85,8.6,9.89,0.5013,1.34,0
V03169,container,11,9.6,4.95,5.56,8.58,7.23,9.04,0.2428,3.99,0
V03170,container,1,11.58,6.87,6.82,6.37,4.57,5.93,0.8983,9.81,0
V03171,passenger,2,7.03,8.01,24.59,10.69,9.95,9.06,0.3112,3.43,0
V03172,container,6,12.85,0.6,12.8,7.5,6.94,10.5,0.893,0.17,0
V03173,tanker,2,9.1,2.35,14.08,7.61,7.38,7.1,0.6082,2.44,0
V03174,tanker,3,16.07,3.16,19.02,10.12,17.94,7.39,0.8388,0.06,0
V03175,passenger,12,10.55,2.33,7.52,10.82,6.68,11.47,0.5496,0.61,0
V03176,passenger,10,11.45,8.95,26.34,3.01,2.98,7.31,0.5112,1.14,0
V03177,cargo,6,12.58,7.61,16.66,10.12,14.68,8.94,0.7256,5.98,0
V03178,cargo,3,13.42,5.39,11.94,5.12,0.96,8.52,0.6065,5.91,0
V03179,container,5,13.73,4.23,9.5,5.88,2.46,2.77,0.5322,10.46,0
V03180,cargo,9,13.3,1.95,8.5,8.22,3.92,7.52,0.3811,3.01,0
V03181,tanker,10,14.29,1.24,8.36,7.64,4.3,12.53,0.4881,5.32,0
V03182,container,11,8.64,11.35,13.16,5.2,14.01,6.41,0.6229,0.77,0
V03183,container,7,13.9,0.15,12.83,6.03,8.98,6.01,0.8059,8.05,0
V03184,cargo,12,4.31,1.73,7.71,9.57,14.27,9.97,0.5652,0.27,0
V03185,container,11,13.46,2.69,27.27,6.17,10.06,4.59,0.4962,2.04,0
V03186,container,9,15.28,3.21,48.25,6.11,0.71,7.57,0.3793,7.97,0
V03187,cargo,3,12.57,11.4,16.84,9.15,6.23,8.37,0.8019,0.74,0
V03188,container,12,12.26,9.7,17.46,8.86,8.48,2.91,0.4644,0.57,0
V03189,container,5,10.27,6.91,20.48,10.32,1.54,10.2,0.1426,3.56,0
V03190,tanker,4,6.79,1.86,21.86,10.24,9.19,2.85,0.7086,2.47,0
V03191,cargo,7,10.01,4.26,25.66,9.46,19.32,7.48,0.2444,3.04,1
V03192,cargo,9,13.07,7.13,11.65,9.5,4.23,4.54,0.3881,1.87,1
V03193,tanker,6,4.32,3.09,3.34,7.07,13.0,6.8,0.4923,4.37,0
V03194,passenger,11,7.22,5.94,6.43,7.67,10.97,10.83,0.8523,0.13,0
V03195,container,7,13.64,0.89,16.13,7.58,7.17,8.57,0.7689,0.81,0
V03196,cargo,12,9.39,0.05,5.09,8.81,4.16,8.99,0.3701,2.27,0
V03197,passenger,5,13.93,2.71,11.68,4.23,10.49,8.41,0.7143,0.22,0
V03198,tanker,5,12.45,2.57,19.23,7.6,13.79,8.2,0.5142,1.24,0
V03199,cargo,3,8.98,0.21,6.02,4.84,8.67,9.59,0.5635,9.42,0
V03200,tanker,12,12.22,1.48,14.56,11.22,8.75,5.33,0.3927,9.28,0
V03201,tanker,5,9.05,13.46,11.63,7.0,7.53,11.7,0.9378,7.0,0
V03202,tanker,8,8.2,12.86,9.78,10.03,4.94,14.3,0.7576,0.59,0
V03203,tanker,2,13.8,12.4,8.73,8.86,22.73,9.21,0.1562,2.06,0
V03204,passenger,7,10.86,8.24,12.05,11.51,6.65,8.35,0.7162,4.56,0
V03205,cargo,1,14.98,12.02,13.34,8.19,12.02,11.91,0.7439,2.01,0
V03206,tanker,9,8.64,1.09,11.8,5.52,9.77,9.97,0.2957,2.33,0
V03207,tanker,1,3.33,15.7,13.06,8.29,19.63,14.11,0.7672,2.06,0
V03208,tanker,8,13.9,4.1,9.55,9.45,10.1,1.26,0.4694,2.51,0
V03209,cargo,2,13.46,5.15,30.48,7.29,7.42,6.59,0.75,4.99,0
V03210,cargo,1,14.04,9.86,36.43,7.89,6.2,9.31,0.9009,10.73,0
V03211,container,9,12.51,16.1,22.8,12.27,4.41,6.78,0.2462,1.96,1
V03212,cargo,11,9.68,2.12,18.36,6.95,3.12,10.06,0.8007,0.98,0
V03213,cargo,6,10.01,5.24,6.05,10.94,14.1,8.15,0.2726,4.72,0
V03214,container,9,14.95,17.16,6.2,7.44,4.27,8.13,0.7075,0.28,1
V03215,cargo,9,10.59,6.27,10.24,5.49,7.95,7.88,0.1853,0.18,0
V03216,container,1,12.08,2.68,4.33,11.53,4.69,5.36,0.4427,4.95,0
V03217,passenger,10,10.39,0.23,16.9,7.75,3.69,10.71,0.4912,5.14,0
V03218,cargo,7,12.1,6.62,9.57,5.72,13.47,6.38,0.2429,1.2,0
V03219,tanker,7,13.25,18.29,2.59,5.82,7.29,9.93,0.706,5.65,0
V03220,cargo,9,7.46,3.36,4.06,7.02,5.01,11.04,0.3752,0.78,0
V03221,cargo,6,13.18,6.31,4.52,7.92,16.01,15.0,0.757,4.22,0
V03222,tanker,2,10.05,0.4,5.33,11.56,9.1,4.49,0.3415,10.86,0
V03223,tanker,7,13.85,1.8,19.97,7.51,8.83,9.33,0.4866,0.61,0
V03224,cargo,3,7.37,14.41,4.27,8.8,17.41,6.34,0.4502,4.36,0
V03225,container,4,6.41,4.92,11.79,9.83,5.07,8.26,0.1004,0.77,0
V03226,tanker,4,14.18,7.99,8.86,6.82,2.5,10.72,0.6388,2.51,0
V03227,cargo,4,8.2,0.26,4.83,5.89,4.2,11.38,0.2895,2.74,0
V03228,cargo,5,7.97,4.97,17.06,10.68,8.25,4.08,0.5443,5.04,0
V03229,passenger,12,12.12,11.29,3.71,5.72,3.55,5.26,0.3483,3.44,0
V03230,container,4,19.58,5.27,15.1,8.17,4.22,5.24,0.4856,0.44,0
V03231,tanker,10,14.89,8.59,4.18,7.83,15.01,9.39,0.788,4.84,0
V03232,cargo,5,9.56,4.01,7.68,5.42,3.72,8.4,0.5936,2.15,0
V03233,container,6,7.9,2.62,23.58,5.57,10.66,4.67,0.2464,4.91,0
V03234,container,1,13.84,2.29,5.89,6.82,10.93,5.65,0.6275,4.5,0
V03235,container,4,12.13,0.39,10.27,5.71,23.78,9.03,0.5096,0.44,0
V03236,container,4,17.36,8.78,17.47,9.78,15.46,10.9,0.7825,5.77,0
V03237,container,3,18.65,1.65,39.55,5.65,7.02,4.25,0.4613,2.64,0
V03238,cargo,10,12.14,0.58,27.99,9.25,9.36,10.29,0.6057,2.52,0
V03239,container,7,12.36,0.33,16.28,7.83,5.05,1.86,0.7211,2.27,0
V03240,container,3,5.6,3.64,3.72,2.58,3.83,14.65,0.7393,7.53,0
V03241,container,12,4.87,1.17,3.53,5.02,4.39,9.71,0.9586,6.16,0
V03242,cargo,2,10.18,18.24,13.84,6.84,6.46,8.17,0.5544,1.0,0
V03243,container,2,13.88,8.71,11.63,6.75,19.05,9.42,0.6389,3.63,0
V03244,container,7,11.94,7.19,17.49,9.53,15.22,9.15,0.3221,7.81,1
V03245,tanker,11,9.49,1.68,8.85,5.73,12.93,6.78,0.5584,3.63,0
V03246,container,10,3.8,2.07,6.67,10.62,18.63,10.96,0.643,3.04,0
V03247,tanker,1,14.01,6.28,8.84,7.93,10.31,1.58,0.6502,8.25,0
V03248,tanker,8,12.62,6.87,12.14,8.65,12.79,9.72,0.7269,0.56,0
V03249,cargo,7,9.12,2.28,9.08,5.87,17.19,15.0,0.9272,4.74,0
V03250,cargo,1,13.29,5.53,7.03,11.28,1.96,10.2,0.5209,0.09,0
V03251,tanker,7,9.8,3.19,13.07,6.59,6.33,8.0,0.6106,8.5,0
V03252,passenger,3,9.4,0.1,14.84,6.36,3.15,8.35,0.4184,0.94,0
V03253,tanker,4,10.53,4.51,10.3,8.04,1.48,7.19,0.618,9.0,0
V03254,tanker,11,12.94,3.28,11.33,9.21,8.73,12.4,0.8933,1.01,0
V03255,tanker,7,7.49,5.22,2.46,5.64,10.7,9.1,0.5336,1.72,0
V03256,cargo,4,9.89,8.23,7.47,8.91,9.72,3.79,0.5487,3.22,0
V03257,cargo,7,9.14,7.84,23.77,6.9,11.39,15.0,0.0794,1.91,0
V03258,cargo,12,11.5,7.57,4.74,8.4,21.61,13.09,0.5271,0.32,0
V03259,tanker,5,10.23,3.29,14.84,5.34,13.49,12.03,0.6142,0.04,0
V03260,cargo,3,9.12,6.35,32.68,6.05,22.95,9.07,0.5641,7.81,0
V03261,container,2,13.33,4.93,4.19,11.11,4.78,13.47,0.5315,1.5,1
V03262,cargo,1,9.02,1.88,10.88,2.44,9.43,3.21,0.6442,5.65,0
V03263,cargo,8,10.98,3.51,13.47,8.86,2.58,7.9,0.3202,1.84,0
V03264,passenger,4,18.65,0.23,14.2,4.15,13.49,10.76,0.477,4.08,0
V03265,cargo,11,14.97,2.64,9.14,7.29,11.78,12.26,0.9476,2.93,0
V03266,cargo,10,11.16,0.45,3.14,8.92,8.84,1.92,0.3461,0.72,0
V03267,container,7,11.99,2.27,9.02,6.17,20.18,8.24,0.4849,1.5,0
V03268,passenger,7,9.19,6.33,6.0,7.94,39.62,9.23,0.4377,8.7,0
V03269,passenger,3,11.01,2.2,8.52,8.77,7.16,3.85,0.5917,4.93,0
V03270,tanker,9,12.78,3.65,6.45,4.56,5.49,7.38,0.7235,2.43,0
V03271,cargo,12,8.09,7.32,18.06,8.74,9.54,4.9,0.1969,5.39,0
V03272,tanker,8,5.25,0.24,2.47,11.16,17.25,13.27,0.3282,4.13,0
V03273,cargo,6,13.48,0.82,7.51,3.88,17.22,10.39,0.6596,7.93,0
V03274,tanker,3,11.77,15.11,52.7,7.32,9.03,12.94,0.3304,0.08,0
V03275,cargo,5,17.61,0.85,10.99,10.9,3.54,8.28,0.5144,0.37,0
V03276,cargo,4,6.95,6.53,6.53,7.08,3.83,6.83,0.7543,1.82,0
V03277,tanker,4,10.97,7.83,41.1,4.54,2.38,10.06,0.6868,19.43,0
V03278,cargo,8,16.62,0.54,6.48,5.64,16.97,8.09,0.723,4.37,0
V03279,cargo,8,17.81,0.01,6.29,5.83,11.19,5.69,0.6385,7.09,0
V03280,passenger,4,9.36,4.85,8.6,4.12,13.08,9.9,0.4084,0.92,0
V03281,container,9,12.65,3.87,7.99,7.28,6.12,15.0,0.2972,23.64,0
V03282,cargo,3,9.72,4.05,20.51,6.44,1.62,8.64,0.2209,4.24,0
V03283,cargo,8,8.01,0.25,19.8,4.98,13.11,8.86,0.4712,0.84,0
V03284,container,2,8.12,1.88,4.73,8.01,11.06,9.24,0.3004,2.94,0
V03285,passenger,5,8.17,7.33,7.37,5.77,10.1,7.68,0.5261,1.95,0
V03286,container,6,3.2,2.52,3.97,10.28,3.55,10.56,0.2522,20.87,0
V03287,cargo,11,6.68,3.87,3.21,5.82,5.13,4.52,0.6755,3.74,0
V03288,tanker,10,10.95,6.09,27.67,10.86,13.52,3.67,0.8834,6.83,1
V03289,cargo,9,11.28,7.11,18.43,7.52,4.68,7.85,0.3813,1.85,0
V03290,cargo,5,9.76,9.75,10.27,7.21,14.75,8.15,0.5695,0.57,0
V03291,cargo,3,13.99,9.42,16.02,4.82,3.42,15.0,0.7545,14.49,0
V03292,cargo,8,13.61,2.03,9.84,5.51,7.82,7.76,0.7256,1.26,0
V03293,container,6,13.71,5.57,6.02,2.9,3.01,10.06,0.5022,1.7,0
V03294,passenger,11,13.1,2.62,9.19,10.01,9.39,11.64,0.2553,9.82,0
V03295,tanker,2,13.06,1.4,17.22,9.63,14.27,9.68,0.5983,3.27,0
V03296,cargo,11,11.46,5.43,5.0,7.7,13.06,10.78,0.7361,0.11,0
V03297,container,3,12.41,8.57,6.87,7.15,2.62,7.12,0.8387,7.22,0
V03298,cargo,10,6.31,1.07,3.67,10.08,12.93,11.37,0.3228,5.49,0
V03299,container,8,8.0,7.93,6.44,7.34,5.41,9.72,0.4146,10.71,0
V03300,container,12,13.72,1.28,9.11,9.24,1.15,5.16,0.4859,11.96,0
V03301,container,4,12.69,3.7,19.61,7.88,4.4,12.86,0.4951,1.85,0
V03302,tanker,10,9.51,6.29,3.34,4.7,4.64,7.39,0.4803,3.0,0
V03303,container,2,10.18,3.3,6.62,8.33,4.8,8.79,0.5505,0.1,0
V03304,cargo,3,13.37,1.74,6.84,8.07,9.69,8.5,0.2967,1.2,0
V03305,tanker,12,8.08,6.78,28.76,6.34,2.32,6.96,0.2406,4.65,0
V03306,container,1,9.11,12.75,3.24,2.67,3.09,6.61,0.4865,3.07,0
V03307,tanker,4,14.16,4.14,5.01,7.0,6.74,8.96,0.2211,4.97,0
V03308,cargo,7,11.62,1.69,7.12,6.07,10.23,9.41,0.7197,2.65,0
V03309,cargo,6,15.34,10.45,8.3,8.16,13.14,11.33,0.5141,2.3,0
V03310,container,5,8.81,4.75,9.49,10.64,15.39,9.97,0.4918,3.69,0
V03311,cargo,7,8.32,2.6,4.18,6.42,17.55,6.89,0.7019,0.79,0
V03312,cargo,3,12.76,4.35,28.42,3.88,20.1,7.0,0.1517,0.8,0
V03313,cargo,7,13.7,14.4,8.72,1.26,5.91,10.76,0.3974,3.17,0
V03314,cargo,11,4.8,1.79,6.18,5.06,13.64,3.18,0.9113,2.91,0
V03315,tanker,5,12.39,9.45,13.32,10.03,16.72,8.7,0.3921,0.59,0
V03316,passenger,7,15.62,7.37,13.97,10.24,3.29,14.34,0.4699,14.09,0
V03317,cargo,3,7.64,6.78,4.3,6.66,10.82,8.17,0.6003,5.97,0
V03318,container,8,3.8,1.84,10.37,6.46,5.26,5.51,0.55,7.26,0
V03319,container,7,10.17,3.14,6.1,7.69,8.12,13.13,0.94,18.74,0
V03320,container,6,10.64,16.08,16.44,7.13,3.1,9.1,0.1676,0.83,0
V03321,container,7,12.76,4.51,7.73,7.22,2.48,6.76,0.7963,0.84,1
V03322,cargo,2,7.79,23.02,24.37,5.64,15.66,8.3,0.8018,0.5,0
V03323,tanker,12,10.84,6.29,12.63,6.32,5.37,11.32,0.1062,3.24,0
V03324,cargo,8,6.78,12.35,6.03,9.12,7.5,0.77,0.5873,6.33,0
V03325,cargo,9,8.51,3.09,11.81,8.62,14.57,9.34,0.337,0.35,0
V03326,tanker,11,13.42,0.3,18.22,6.97,8.13,8.48,0.5741,0.19,0
V03327,passenger,10,12.54,4.77,14.19,9.3,6.73,7.55,0.1613,4.93,0
V03328,container,2,10.5,2.61,13.67,7.34,13.5,8.81,0.1073,4.94,1
V03329,container,9,13.25,7.55,6.46,9.78,15.2,13.27,0.7853,10.84,0
V03330,tanker,7,8.64,11.31,43.59,6.81,7.26,8.36,0.4037,0.98,0
V03331,tanker,4,9.7,12.56,24.87,4.87,5.8,6.93,0.1791,14.01,1
V03332,cargo,11,11.61,4.2,8.77,11.09,2.87,11.78,0.1533,1.52,0
V03333,tanker,7,8.26,3.87,1.85,2.81,6.36,7.34,0.7975,4.28,0
V03334,cargo,12,9.79,13.42,14.37,6.92,4.76,3.77,0.4074,24.14,0
V03335,tanker,10,6.93,7.98,43.87,6.96,8.12,12.49,0.4543,2.06,0
V03336,tanker,2,10.36,0.56,21.99,3.61,12.48,4.25,0.1572,1.69,0
V03337,cargo,1,9.75,0.06,8.81,7.9,11.79,9.91,0.3118,7.22,0
V03338,passenger,10,11.15,8.79,5.1,10.31,1.33,9.2,0.7305,2.45,0
V03339,container,2,10.55,8.73,3.72,10.39,6.16,6.61,0.44,3.85,0
V03340,cargo,5,9.81,10.82,8.06,4.15,19.11,10.21,0.4453,2.82,0
V03341,container,8,11.22,8.64,2.69,7.87,8.3,11.55,0.3126,1.64,0
V03342,cargo,11,6.28,0.31,6.07,5.96,1.49,11.11,0.2061,1.72,0
V03343,cargo,11,8.79,8.04,25.14,10.5,12.35,8.79,0.6255,1.51,0
V03344,container,2,2.44,11.13,5.46,7.94,5.65,9.44,0.7349,2.97,0
V03345,container,4,8.8,0.51,6.33,6.79,5.38,9.55,0.6947,2.92,0
V03346,cargo,11,12.45,4.1,2.47,5.5,5.21,8.18,0.4009,11.19,0
V03347,cargo,11,15.2,3.82,7.15,6.06,14.28,7.92,0.5326,0.34,0
V03348,cargo,6,12.29,6.91,29.08,9.84,10.17,7.99,0.6782,0.97,0
V03349,cargo,11,16.06,7.44,10.01,2.4,3.76,7.89,0.4836,0.2,0
V03350,passenger,10,9.14,4.57,24.98,9.95,7.96,6.82,0.3679,5.7,1
V03351,cargo,3,7.02,4.99,7.35,6.62,10.81,6.87,0.7852,4.94,0
V03352,container,11,9.01,0.73,13.81,6.17,3.04,8.51,0.5559,7.33,0
V03353,tanker,2,15.3,6.2,5.21,9.01,14.12,12.03,0.2879,6.41,0
V03354,tanker,9,11.59,4.93,7.19,6.46,4.97,9.12,0.2416,3.2,0
V03355,passenger,8,5.58,8.34,14.45,4.36,4.88,11.04,0.5396,5.95,0
V03356,cargo,1,14.17,4.53,15.4,9.86,1.03,4.53,0.3882,0.54,0
V03357,container,4,6.05,1.59,4.87,6.43,9.0,4.03,0.9646,3.58,0
V03358,passenger,10,12.58,3.2,13.63,9.78,3.98,8.05,0.9463,0.4,0
V03359,container,9,6.07,7.23,15.52,4.81,9.88,2.95,0.9329,7.86,0
V03360,cargo,2,9.11,0.84,9.01,5.63,3.01,11.0,0.7803,1.37,0
V03361,tanker,10,10.84,16.08,3.27,7.88,7.51,9.15,0.3515,5.37,0
V03362,tanker,5,10.88,0.43,33.37,8.56,5.41,8.93,0.6614,12.62,1
V03363,passenger,3,9.44,3.78,9.88,6.35,21.66,13.47,0.5231,2.68,0
V03364,cargo,3,10.19,1.83,7.45,7.82,25.81,9.84,0.2354,1.27,0
V03365,cargo,5,11.13,4.98,7.72,6.14,21.46,12.59,0.8594,4.42,0
V03366,cargo,11,15.22,0.18,5.86,6.8,16.95,11.49,0.7707,0.26,0
V03367,container,8,17.62,17.89,11.31,5.31,0.88,6.34,0.323,0.16,0
V03368,cargo,5,11.75,0.78,20.78,7.78,14.46,10.93,0.7344,0.9,0
V03369,cargo,8,13.92,10.69,35.3,7.85,11.31,10.44,0.7292,4.36,0
V03370,passenger,2,13.52,2.61,9.53,6.72,5.61,5.44,0.6918,3.86,0
V03371,cargo,7,12.05,6.5,6.32,5.6,17.22,13.27,0.4921,0.79,0
V03372,cargo,11,12.52,3.53,21.54,8.84,12.54,3.01,0.7022,1.51,0
V03373,cargo,7,8.62,0.07,11.73,8.73,10.02,14.43,0.8887,0.94,0
V03374,cargo,9,10.76,2.63,11.66,5.7,10.51,7.94,0.6918,0.77,0
V03375,tanker,1,13.41,8.59,21.89,8.18,5.39,8.97,0.3704,3.21,0
V03376,container,12,10.41,4.35,2.46,10.43,9.89,10.52,0.2672,9.87,0
V03377,tanker,6,15.06,13.52,9.92,7.62,1.6,6.98,0.6155,1.93,0
V03378,cargo,4,16.73,4.59,12.73,8.09,4.58,5.65,0.2653,0.67,0
V03379,tanker,11,11.36,10.52,28.66,10.83,6.44,8.49,0.2304,2.62,0
V03380,cargo,6,10.01,4.85,24.08,8.36,2.13,3.4,0.7404,8.8,0
V03381,container,10,13.3,8.36,9.15,8.31,11.79,2.2,0.4661,0.87,0
V03382,cargo,3,10.91,3.96,12.87,5.03,1.69,12.55,0.6771,4.02,0
V03383,container,3,12.82,2.69,11.06,5.19,13.68,4.72,0.7427,9.33,0
V03384,cargo,7,12.66,4.38,3.21,5.41,12.74,6.23,0.7162,1.18,0
V03385,container,4,11.84,5.28,12.22,7.71,14.06,10.32,0.6092,7.07,0
V03386,passenger,11,9.09,11.61,3.73,5.28,6.72,8.58,0.449,3.08,0
V03387,cargo,5,8.58,4.42,4.68,5.04,3.11,9.33,0.4203,2.78,0
V03388,cargo,10,10.89,6.86,4.62,7.91,9.48,3.98,0.2245,0.43,0
V03389,container,3,10.9,10.71,4.9,5.19,5.35,5.77,0.3755,4.24,0
V03390,cargo,12,15.21,2.56,4.0,9.91,8.26,4.28,0.2658,2.59,0
V03391,passenger,9,13.82,2.5,1.97,10.02,4.06,8.28,0.3625,7.22,0
V03392,cargo,5,6.17,3.24,6.48,5.36,0.2,5.72,0.3045,7.25,0
V03393,container,4,9.71,4.96,2.75,5.4,9.41,4.33,0.3661,12.12,0
V03394,tanker,2,12.55,4.02,7.58,4.69,12.89,9.28,0.285,0.36,0
V03395,cargo,7,13.76,6.07,10.52,11.38,9.4,7.8,0.4768,4.12,0
V03396,passenger,9,7.68,0.31,3.08,8.07,3.23,10.49,0.2405,1.56,0
V03397,container,10,12.73,2.75,6.32,7.06,5.6,7.13,0.7046,5.96,0
V03398,cargo,6,9.03,0.79,6.8,9.17,6.98,4.84,0.7862,10.67,0
V03399,tanker,8,4.09,7.54,3.08,5.11,7.66,9.05,0.8263,0.6,0
V03400,tanker,4,6.74,9.46,8.04,6.47,10.64,2.44,0.6026,4.34,0
V03401,tanker,8,12.16,1.61,5.05,8.28,14.85,7.58,0.2679,1.44,0
V03402,tanker,3,13.9,4.04,13.07,4.84,5.16,7.97,0.8646,0.4,0
V03403,cargo,7,3.85,7.28,24.09,7.02,5.16,6.59,0.5772,5.15,0
V03404,cargo,2,7.67,3.8,8.02,6.58,10.98,8.2,0.8908,3.34,0
V03405,cargo,3,15.82,2.49,19.29,4.04,15.91,12.32,0.6926,2.24,0
V03406,cargo,9,9.4,5.18,3.84,8.37,9.98,2.94,0.4504,0.17,0
V03407,container,9,12.8,2.36,8.4,8.34,20.62,10.6,0.7459,4.58,0
V03408,container,5,15.09,8.49,3.38,7.72,10.46,8.19,0.4369,10.21,0
V03409,cargo,3,12.01,7.81,12.97,8.12,3.82,6.82,0.1068,3.8,0
V03410,cargo,8,9.59,2.69,12.39,4.18,6.85,5.12,0.9811,2.58,0
V03411,cargo,2,14.22,3.5,5.18,5.92,10.17,9.56,0.6218,6.32,0
V03412,cargo,6,8.44,1.88,6.66,9.4,14.18,13.01,0.9523,0.58,0
V03413,cargo,12,8.65,2.4,14.11,7.37,1.98,0.43,0.6633,1.73,0
V03414,tanker,3,2.87,3.39,14.15,9.15,5.75,4.82,0.3854,1.24,0
V03415,container,10,13.54,9.17,10.44,6.99,3.07,11.37,0.6275,2.44,0
V03416,container,4,20.05,8.04,10.27,7.07,7.41,7.63,0.2654,4.44,0
V03417,tanker,10,12.88,2.15,8.72,3.12,12.39,8.09,0.9153,0.14,0
V03418,passenger,5,12.19,0.23,12.45,5.48,6.71,7.18,0.775,7.22,0
V03419,container,11,8.62,5.88,7.58,8.2,3.51,9.99,0.3094,6.33,0
V03420,cargo,7,9.99,10.48,20.58,7.28,4.22,9.26,0.6895,2.41,0
V03421,cargo,1,6.76,2.6,6.63,6.88,14.41,11.2,0.3899,0.05,0
V03422,container,6,12.77,8.31,14.53,3.07,30.53,8.21,0.6162,1.59,0
V03423,passenger,3,8.53,5.06,13.13,10.94,7.4,7.0,0.4714,7.61,0
V03424,cargo,3,14.54,5.05,3.92,6.21,7.97,8.05,0.7748,4.67,0
V03425,cargo,2,9.84,8.86,10.06,9.07,7.86,12.28,0.2616,2.67,0
V03426,container,5,6.3,10.03,9.99,10.01,4.7,6.26,0.7779,3.8,0
V03427,cargo,3,16.27,3.51,4.36,9.98,8.26,10.51,0.6244,0.52,0
V03428,passenger,5,15.01,6.02,22.8,9.57,3.01,7.83,0.4683,3.3,0
V03429,container,6,11.93,1.74,11.63,4.14,2.24,6.68,0.6902,0.16,0
V03430,tanker,10,11.17,3.43,3.18,7.32,12.92,11.05,0.1474,0.09,0
V03431,cargo,8,6.69,6.79,11.19,8.16,8.06,14.97,0.6413,3.69,0
V03432,cargo,9,11.43,5.32,14.37,7.23,15.23,10.43,0.6281,1.9,0
V03433,container,2,11.44,8.66,13.53,9.65,5.51,5.68,0.5073,2.86,0
V03434,tanker,12,14.17,1.67,7.28,9.22,9.99,11.15,0.5034,10.89,0
V03435,container,4,11.95,1.13,10.38,5.95,2.63,8.79,0.7895,0.4,0
V03436,tanker,2,13.07,1.74,2.57,5.37,4.27,7.11,0.8425,8.78,0
V03437,container,4,10.83,4.48,10.13,6.25,13.49,10.03,0.4432,1.81,0
V03438,container,10,11.35,1.55,28.37,7.81,4.06,9.59,0.8077,6.2,0
V03439,tanker,12,7.39,0.22,5.01,6.33,2.73,4.55,0.3322,5.95,0
V03440,passenger,3,7.8,10.39,6.06,6.09,9.19,9.39,0.7105,7.47,0
V03441,passenger,5,12.9,21.12,16.14,3.16,10.12,11.11,0.1264,0.83,0
V03442,tanker,6,16.2,8.95,9.89,2.82,3.74,9.74,0.1919,2.05,0
V03443,container,11,9.25,8.8,11.47,8.27,9.65,5.59,0.4979,0.38,0
V03444,cargo,12,12.46,2.66,30.96,5.79,7.31,6.84,0.8683,3.52,0
V03445,cargo,6,8.32,3.69,1.99,8.47,4.17,8.54,0.0969,1.28,0
V03446,tanker,8,9.23,6.91,3.72,9.29,9.16,7.28,0.762,2.88,0
V03447,tanker,8,8.87,5.8,4.18,10.06,13.32,7.75,0.5462,6.14,1
V03448,passenger,6,7.26,10.13,8.39,8.22,28.5,11.37,0.6375,0.56,0
V03449,cargo,8,10.66,7.61,6.49,9.66,0.9,10.52,0.6825,14.89,0
V03450,container,6,13.68,1.17,5.32,4.34,1.67,8.91,0.6805,14.38,1
V03451,tanker,5,13.51,12.94,19.4,7.17,5.82,7.83,0.8969,11.93,1
V03452,tanker,1,7.26,7.09,10.25,9.85,7.81,9.81,0.3097,0.37,0
V03453,cargo,10,18.01,8.09,2.8,6.39,10.48,10.32,0.4,7.58,0
V03454,container,12,13.76,7.39,11.69,7.64,8.11,7.57,0.4251,1.83,0
V03455,cargo,4,15.44,0.71,52.36,8.18,3.25,13.83,0.5673,4.16,0
V03456,cargo,5,13.09,13.7,5.59,6.71,6.33,6.63,0.8693,0.22,0
V03457,cargo,8,7.54,4.27,17.62,8.83,4.74,3.67,0.4651,4.13,0
V03458,passenger,5,10.77,2.68,7.63,7.89,16.87,11.32,0.1719,2.02,0
V03459,cargo,9,9.29,9.08,8.19,4.72,13.19,6.14,0.5509,4.85,0
V03460,passenger,8,8.84,10.63,12.6,4.94,9.55,13.86,0.4073,13.68,1
V03461,passenger,5,14.11,9.87,2.08,10.36,5.14,10.4,0.7617,0.64,0
V03462,container,3,9.07,6.71,2.43,5.78,4.4,8.39,0.3159,1.48,1
V03463,tanker,6,15.33,6.47,2.27,8.14,4.97,7.05,0.7662,3.92,0
V03464,cargo,4,12.3,8.29,3.23,6.63,7.59,5.8,0.3213,2.37,0
V03465,cargo,11,10.41,8.02,19.3,8.33,6.12,4.93,0.7378,0.95,0
V03466,container,8,12.93,0.85,6.25,5.48,12.64,4.96,0.847,0.16,0
V03467,cargo,10,7.06,9.18,7.34,4.69,2.95,10.66,0.9818,0.89,0
V03468,container,9,14.74,9.72,4.13,8.54,10.74,12.51,0.3752,2.05,0
V03469,cargo,10,10.52,4.21,18.2,6.69,12.38,11.3,0.4438,2.16,0
V03470,tanker,12,12.27,1.92,18.84,9.66,6.46,5.08,0.3402,6.68,0
V03471,container,5,13.7,1.89,4.33,5.16,8.37,15.0,0.2847,4.11,0
V03472,cargo,8,4.69,0.59,9.38,7.48,17.35,10.36,0.604,0.28,0
V03473,container,3,11.31,3.18,4.25,5.73,8.03,12.13,0.2237,2.39,0
V03474,tanker,8,10.27,2.5,20.34,9.59,21.24,5.95,0.6367,2.19,1
V03475,passenger,4,11.05,9.34,4.59,10.54,2.54,7.69,0.2027,3.15,0
V03476,container,10,10.02,2.69,4.02,6.07,11.02,10.95,0.4437,12.61,1
V03477,cargo,2,10.61,5.77,13.68,8.62,25.84,3.75,0.4798,3.47,0
V03478,tanker,5,3.73,7.69,13.61,5.37,16.95,7.08,0.6015,11.66,0
V03479,cargo,7,10.42,4.87,9.6,5.78,7.09,12.05,0.4176,0.03,0
V03480,container,7,7.12,2.63,14.39,7.41,1.86,5.02,0.1631,0.31,0
V03481,cargo,8,14.81,8.59,7.35,8.82,2.76,9.59,0.337,5.53,0
V03482,cargo,11,7.71,1.74,11.66,3.62,6.71,11.66,0.7333,0.06,0
V03483,tanker,5,8.22,2.99,7.34,5.84,29.0,5.72,0.5755,9.54,0
V03484,container,3,11.28,8.81,6.24,7.17,5.34,9.42,0.1165,1.07,0
V03485,container,10,10.73,5.35,4.83,10.32,11.13,4.06,0.3899,1.21,0
V03486,tanker,12,12.22,1.52,19.01,9.67,1.8,11.57,0.4416,5.14,0
V03487,cargo,1,8.78,6.47,3.62,7.95,8.25,14.05,0.551,6.6,0
V03488,tanker,4,11.99,5.29,42.51,9.96,10.2,14.24,0.7988,0.55,0
V03489,cargo,5,5.29,4.91,9.77,5.86,4.66,5.44,0.8657,1.15,1
V03490,cargo,6,11.62,1.31,10.75,8.13,4.41,11.2,0.3569,5.24,0
V03491,container,1,12.84,4.53,8.33,7.47,11.97,9.59,0.3763,3.26,0
V03492,tanker,1,9.2,0.6,21.2,8.82,4.93,6.92,0.7844,0.23,0
V03493,tanker,4,10.69,1.89,18.73,7.94,6.18,10.88,0.7686,1.28,1
V03494,passenger,11,7.1,0.09,1.41,7.52,8.4,5.66,0.4118,2.14,0
V03495,tanker,8,6.97,4.12,13.67,7.42,4.06,6.48,0.207,1.01,0
V03496,container,5,12.02,10.54,10.04,9.79,12.5,3.8,0.7038,8.54,0
V03497,tanker,1,8.56,17.59,44.41,10.76,10.08,7.79,0.164,5.51,0
V03498,container,2,18.34,0.97,9.57,6.04,2.49,11.39,0.3888,1.17,0
V03499,cargo,5,11.83,0.87,31.02,10.4,3.88,10.74,0.7191,4.03,0
V03500,passenger,3,13.4,4.72,9.42,12.31,7.45,12.4,0.5949,11.72,0
V03501,container,3,16.33,0.38,15.97,11.47,7.7,9.17,0.6415,0.91,0
V03502,tanker,12,8.19,6.04,5.05,6.99,2.35,4.76,0.8052,0.48,0
V03503,cargo,4,12.45,0.8,9.35,7.05,15.67,9.97,0.5083,5.02,0
V03504,container,10,17.38,4.59,12.71,5.42,7.8,9.81,0.4365,3.53,0
V03505,cargo,5,13.78,11.72,8.61,10.76,21.75,9.15,0.0625,4.08,0
V03506,tanker,11,12.08,6.74,6.87,6.53,7.53,5.4,0.8252,1.44,0
V03507,cargo,1,11.87,1.23,15.13,8.25,8.07,9.64,0.9522,9.86,0
V03508,container,11,11.9,7.49,8.19,7.44,5.19,4.41,0.7807,1.82,0
V03509,container,5,11.77,4.83,12.51,5.94,9.92,9.77,0.7941,0.91,0
V03510,cargo,4,16.16,3.04,4.99,3.62,6.95,10.23,0.5833,0.17,0
V03511,container,12,14.33,7.1,4.25,6.92,10.07,8.37,0.115,2.23,0
V03512,cargo,3,16.47,3.01,8.16,6.23,6.93,6.67,0.6653,4.48,0
V03513,cargo,4,14.46,6.94,12.08,7.72,8.15,8.96,0.6747,0.0,0
V03514,passenger,6,6.3,7.19,3.22,6.83,17.54,10.82,0.3403,5.38,0
V03515,container,5,13.1,10.3,5.92,6.56,9.49,9.87,0.6484,4.72,0
V03516,cargo,10,11.4,7.0,16.34,5.29,19.75,8.55,0.1661,3.11,0
V03517,container,10,17.54,19.05,5.78,9.63,4.0,10.49,0.2849,9.41,0
V03518,container,4,8.7,5.88,12.9,7.97,9.44,5.37,0.6385,0.45,0
V03519,cargo,6,8.94,1.59,18.32,8.08,1.63,9.13,0.6841,5.18,0
V03520,passenger,3,11.94,9.45,8.13,6.12,8.6,10.97,0.6428,2.1,0
V03521,container,2,9.95,6.25,17.57,6.78,6.63,12.15,0.2757,9.15,0
V03522,container,4,10.99,5.79,9.84,11.21,3.39,8.35,0.6404,2.3,0
V03523,tanker,12,5.51,4.43,8.16,5.32,10.09,6.43,0.6338,1.62,0
V03524,cargo,4,10.85,5.77,9.19,9.76,10.02,7.33,0.7871,4.82,0
V03525,cargo,11,10.67,3.87,5.49,5.78,3.8,5.98,0.5503,6.88,0
V03526,cargo,4,5.03,2.52,14.79,5.86,0.75,11.02,0.0797,5.74,0
V03527,tanker,2,13.51,1.38,6.09,9.14,5.95,8.23,0.6909,8.97,0
V03528,passenger,6,14.1,4.3,20.25,7.38,4.98,10.25,0.2321,0.25,0
V03529,container,5,10.54,5.37,22.62,8.53,9.38,2.97,0.4433,5.64,0
V03530,tanker,4,11.49,2.05,1.69,4.82,7.67,7.93,0.3624,0.54,0
V03531,cargo,8,13.59,6.14,12.13,7.89,6.1,4.32,0.5896,8.98,0
V03532,cargo,1,12.41,2.93,9.77,3.0,4.34,4.54,0.1768,10.24,0
V03533,passenger,3,9.61,3.06,15.99,7.4,10.0,8.86,0.5258,3.19,0
V03534,cargo,3,15.15,8.49,16.11,5.22,6.87,10.8,0.4924,1.69,1
V03535,cargo,11,16.35,6.17,8.96,7.89,7.33,7.56,0.8573,5.5,1
V03536,container,7,13.48,2.28,4.4,7.33,5.31,8.45,0.8897,5.77,0
V03537,container,2,12.23,0.25,4.2,10.51,2.52,8.74,0.7512,1.48,0
V03538,tanker,9,15.25,1.53,24.28,10.75,9.47,7.91,0.737,8.34,1
V03539,container,3,7.8,7.6,7.63,5.24,8.87,10.49,0.3383,5.46,0
V03540,tanker,12,12.78,0.89,7.14,7.63,17.33,7.02,0.5117,2.0,0
V03541,passenger,5,9.91,12.61,6.29,5.02,13.66,9.4,0.7543,10.47,0
V03542,passenger,5,10.87,3.25,9.59,9.15,6.45,10.43,0.5469,10.07,0
V03543,cargo,9,13.82,2.41,11.3,8.47,1.69,9.04,0.7251,1.54,0
V03544,container,4,18.68,6.8,43.02,7.83,1.47,10.82,0.4539,5.27,1
V03545,cargo,3,14.86,4.6,5.33,5.71,3.03,10.36,0.2744,0.67,0
V03546,container,7,16.62,9.34,15.89,5.61,10.21,1.05,0.7728,1.37,0
V03547,container,10,9.33,14.33,2.88,5.74,12.88,12.9,0.3237,2.9,0
V03548,cargo,9,13.92,2.47,2.83,5.46,15.17,13.74,0.3452,2.65,0
V03549,tanker,5,9.03,2.62,6.63,9.02,4.66,8.18,0.2014,9.6,0
V03550,cargo,4,11.07,2.4,10.2,3.88,4.4,6.63,0.54,4.48,0
V03551,container,6,4.84,0.72,58.78,6.84,18.65,7.31,0.4868,1.5,1
V03552,container,7,16.9,4.95,10.21,8.08,7.49,9.39,0.5583,3.24,0
V03553,cargo,5,8.59,7.55,7.26,6.37,2.9,10.19,0.9824,1.95,0
V03554,cargo,9,9.59,10.05,2.24,7.78,3.78,10.45,0.0833,0.39,0
V03555,container,12,11.92,4.74,22.82,9.54,17.97,9.5,0.7762,0.02,0
V03556,cargo,3,12.48,8.85,10.6,7.6,3.4,9.06,0.7726,1.29,0
V03557,cargo,3,12.14,3.39,7.62,7.94,20.12,9.28,0.562,3.54,0
V03558,tanker,8,16.42,1.44,18.9,10.43,8.95,8.42,0.4347,2.16,0
V03559,cargo,6,13.87,7.93,14.3,7.09,10.76,12.46,0.6372,11.31,0
V03560,passenger,12,11.24,3.17,17.6,8.2,13.24,12.58,0.546,1.22,0
V03561,container,3,13.38,3.84,21.3,6.06,10.53,9.57,0.475,3.58,0
V03562,cargo,1,9.7,11.09,10.16,9.48,3.78,6.5,0.3373,6.45,0
V03563,cargo,7,9.05,8.35,8.59,7.64,17.58,3.23,0.596,1.05,0
V03564,tanker,4,14.33,0.42,10.41,7.41,9.66,6.14,0.2886,0.87,1
V03565,cargo,10,9.26,10.66,12.01,6.02,7.13,11.76,0.3501,11.53,0
V03566,cargo,11,11.62,15.18,11.34,8.29,8.31,5.84,0.9174,0.69,0
V03567,cargo,6,12.24,3.45,3.32,4.93,8.12,10.04,0.3581,7.87,0
V03568,passenger,7,15.57,4.79,9.1,6.24,11.3,4.58,0.3264,4.63,0
V03569,cargo,8,8.47,0.12,24.83,5.11,6.89,10.24,0.69,0.04,0
V03570,cargo,5,9.77,1.87,31.08,4.75,1.8,7.78,0.4652,19.37,0
V03571,cargo,8,12.69,9.63,64.24,10.09,7.23,6.93,0.4856,1.07,0
V03572,tanker,11,7.4,7.1,17.77,8.71,7.32,5.49,0.9129,0.63,0
V03573,cargo,11,7.0,2.56,6.33,9.5,5.46,6.46,0.6333,3.98,0
V03574,cargo,9,11.25,5.9,2.34,10.61,17.85,7.24,0.3649,3.47,0
V03575,cargo,1,8.89,6.76,17.19,7.4,6.75,12.6,0.3037,2.09,0
V03576,passenger,6,12.21,6.68,12.52,9.53,19.34,10.36,0.1395,7.57,0
V03577,tanker,1,8.29,1.66,22.11,9.65,16.8,9.6,0.8522,5.9,1
V03578,tanker,8,15.35,1.8,9.95,7.77,18.88,10.08,0.4432,0.75,0
V03579,tanker,6,12.86,12.87,10.86,8.35,9.48,12.51,0.7117,7.74,0
V03580,container,8,9.7,5.03,8.63,7.17,13.43,6.78,0.3276,2.8,0
V03581,cargo,6,8.59,6.21,8.26,7.86,11.0,6.84,0.5275,1.37,0
V03582,tanker,5,14.21,6.26,4.88,2.01,1.76,12.38,0.7719,22.76,0
V03583,tanker,2,16.3,10.65,3.17,7.05,2.43,12.07,0.9366,6.46,0
V03584,cargo,11,9.51,2.12,13.93,6.57,7.91,12.58,0.3417,9.76,0
V03585,cargo,4,14.33,0.1,5.07,7.77,21.66,4.07,0.7835,0.22,0
V03586,cargo,12,13.07,5.89,8.92,10.38,8.71,7.71,0.3556,1.68,1
V03587,container,8,9.02,3.57,6.98,6.18,3.65,11.07,0.2675,1.46,0
V03588,container,4,11.98,0.02,3.33,7.27,7.19,8.61,0.8895,7.89,0
V03589,cargo,4,10.38,6.19,2.26,5.86,5.86,14.4,0.4304,9.58,0
V03590,passenger,3,12.25,3.52,1.6,5.54,9.27,10.78,0.7548,2.38,0
V03591,cargo,12,10.15,1.55,5.67,7.61,1.73,8.4,0.4859,2.92,0
V03592,tanker,9,2.68,10.17,9.31,5.66,8.92,5.7,0.7288,7.9,0
V03593,cargo,6,9.16,13.16,20.74,9.88,6.96,12.19,0.4394,0.37,0
V03594,cargo,12,17.09,0.01,1.78,8.09,15.27,6.97,0.8303,1.2,0
V03595,container,8,8.56,5.78,12.32,10.13,9.11,4.85,0.2813,9.52,0
V03596,container,9,15.67,2.47,8.09,8.79,13.63,10.1,0.7603,5.4,0
V03597,container,3,18.17,4.89,23.62,10.95,9.63,5.92,0.1971,8.76,0
V03598,container,10,15.88,10.04,7.07,7.64,4.12,5.6,0.7165,5.72,0
V03599,passenger,2,11.97,1.09,3.71,5.1,2.45,6.3,0.1674,3.72,0
V03600,container,5,12.38,1.96,5.32,9.04,5.45,6.86,0.2299,0.57,0
V03601,container,6,8.24,4.3,2.12,8.52,17.4,4.98,0.2777,1.23,0
V03602,cargo,11,15.33,0.6,13.53,10.03,6.29,10.34,0.5972,2.85,0
V03603,cargo,3,11.34,2.01,3.09,8.72,3.08,10.37,0.0958,1.44,0
V03604,passenger,8,14.34,4.54,2.72,5.87,9.72,9.15,0.6128,0.74,0
V03605,tanker,4,7.71,1.28,4.45,11.94,8.78,11.99,0.7595,1.7,0
V03606,tanker,12,11.12,4.58,7.06,2.63,3.51,6.81,0.5089,0.93,0
V03607,passenger,4,14.47,6.46,2.75,6.16,8.31,4.86,0.675,14.33,0
V03608,cargo,8,10.72,8.85,6.42,9.3,3.96,9.54,0.2877,2.91,0
V03609,tanker,9,13.65,7.21,2.83,9.21,6.1,11.21,0.2707,15.22,0
V03610,passenger,1,8.61,2.21,12.9,6.41,5.81,5.96,0.9419,3.84,0
V03611,cargo,4,12.04,8.57,5.43,10.12,1.73,12.32,0.7465,0.47,0
V03612,tanker,6,9.61,8.7,23.37,7.06,12.42,10.87,0.4529,5.04,0
V03613,tanker,9,14.14,9.77,6.43,8.04,5.17,9.34,0.2712,3.42,0
V03614,cargo,2,12.04,14.7,7.39,7.81,6.99,6.65,0.9217,2.22,1
V03615,tanker,9,9.8,2.76,14.72,5.67,17.41,4.22,0.0975,1.45,0
V03616,cargo,3,10.26,1.0,8.02,6.04,11.39,9.96,0.812,3.01,0
V03617,tanker,9,7.98,7.55,6.42,8.96,7.73,10.47,0.3111,5.66,0
V03618,container,12,15.04,2.94,22.69,7.86,5.2,10.55,0.4604,0.22,0
V03619,tanker,6,7.5,5.17,8.61,9.5,1.78,7.39,0.6002,3.42,0
V03620,container,2,15.27,5.03,3.09,3.46,6.41,6.56,0.3298,1.22,0
V03621,passenger,10,12.99,7.46,5.04,8.05,2.7,9.75,0.2088,22.23,0
V03622,cargo,1,14.49,0.88,8.63,7.96,17.5,9.46,0.5309,1.91,0
V03623,container,3,12.79,4.04,19.25,8.24,10.22,11.04,0.8841,4.68,1
V03624,tanker,4,8.41,16.77,21.93,9.33,6.49,12.18,0.2405,9.32,0
V03625,cargo,3,8.5,1.29,5.65,7.16,1.8,4.45,0.871,4.56,0
V03626,tanker,4,12.49,0.53,5.56,9.85,3.99,11.92,0.8911,9.04,0
V03627,cargo,12,5.5,2.97,3.81,5.74,11.25,4.38,0.2543,2.09,0
V03628,tanker,1,9.92,8.09,4.61,7.54,5.71,9.95,0.3704,0.76,0
V03629,tanker,5,12.34,2.67,10.14,5.75,7.49,11.4,0.8108,5.4,0
V03630,cargo,7,10.92,5.29,5.42,4.13,7.07,6.72,0.7262,3.71,0
V03631,container,1,13.44,8.96,27.24,2.84,5.32,4.75,0.6084,0.03,0
V03632,container,9,13.5,1.5,12.26,7.87,5.99,9.34,0.3751,2.71,0
V03633,container,1,15.37,9.41,8.55,6.55,5.37,7.08,0.2216,5.06,0
V03634,cargo,9,11.82,4.71,24.64,5.86,9.96,10.69,0.4596,9.04,0
V03635,tanker,11,8.67,2.96,11.01,1.2,13.48,12.29,0.2053,6.12,0
V03636,tanker,3,12.18,7.01,6.92,11.9,1.79,8.18,0.4534,3.35,0
V03637,container,9,13.01,8.23,14.54,5.64,3.38,9.0,0.4161,3.07,0
V03638,cargo,7,11.0,5.72,12.11,6.38,5.7,6.7,0.1653,1.17,0
V03639,container,6,10.8,0.46,6.42,10.64,4.96,5.64,0.8026,0.55,0
V03640,container,6,10.51,4.01,3.37,7.87,13.15,9.97,0.9641,1.27,0
V03641,container,1,9.12,3.49,2.86,6.08,6.07,12.73,0.2941,3.87,0
V03642,tanker,12,11.54,3.42,11.96,7.27,12.65,5.45,0.6955,4.08,0
V03643,cargo,3,8.86,8.1,3.66,8.53,8.14,10.39,0.2242,6.07,0
V03644,tanker,5,7.84,1.87,16.86,8.56,13.47,7.77,0.8221,3.37,0
V03645,container,8,17.28,0.96,11.53,8.53,7.85,10.05,0.5289,2.09,0
V03646,cargo,11,17.44,4.73,5.17,2.75,4.56,11.37,0.4752,0.6,0
V03647,container,1,8.71,1.85,11.38,9.02,5.53,12.66,0.7529,1.46,0
V03648,cargo,1,12.08,10.06,17.72,7.0,4.17,2.77,0.1335,10.32,0
V03649,cargo,9,10.86,2.73,13.92,5.78,6.69,10.87,0.473,0.91,0
V03650,cargo,10,15.87,6.06,17.03,10.66,7.22,2.99,0.399,4.81,0
V03651,container,4,5.77,2.17,33.28,8.05,4.19,2.76,0.7023,0.78,0
V03652,cargo,11,13.31,4.79,20.56,6.24,5.63,12.94,0.4992,10.26,0
V03653,cargo,4,8.21,0.38,3.56,6.75,6.29,7.61,0.9825,2.19,0
V03654,cargo,11,9.14,9.18,12.91,7.45,13.79,7.88,0.3815,2.05,0
V03655,passenger,5,13.09,5.98,2.84,11.23,12.72,13.16,0.7524,8.73,0
V03656,tanker,1,11.34,5.97,7.22,8.59,6.0,15.0,0.35,2.46,0
V03657,cargo,8,6.69,12.56,8.46,11.12,3.76,9.33,0.9163,6.53,0
V03658,passenger,6,8.01,2.97,9.01,8.64,14.99,6.35,0.8553,8.13,0
V03659,cargo,1,18.0,2.49,36.36,11.78,8.16,11.19,0.1378,2.85,0
V03660,cargo,11,10.31,3.0,33.68,6.2,6.29,9.56,0.1071,11.78,0
V03661,cargo,1,10.34,2.7,24.44,4.84,5.33,6.5,0.2732,0.69,0
V03662,cargo,6,13.51,5.99,62.7,5.54,1.88,6.1,0.2543,6.76,1
V03663,passenger,6,9.79,8.98,4.61,8.47,13.03,5.65,0.9309,2.62,0
V03664,tanker,9,13.84,3.66,24.09,6.04,13.52,6.83,0.8234,8.23,0
V03665,passenger,11,6.81,4.05,8.6,8.75,17.35,12.31,0.9363,0.72,0
V03666,container,6,9.42,0.68,3.95,7.95,4.92,8.67,0.2798,5.55,0
V03667,tanker,7,10.52,2.57,14.96,6.15,29.55,6.53,0.8263,8.11,0
V03668,cargo,12,7.97,6.98,18.08,8.59,4.09,6.09,0.5884,6.74,0
V03669,cargo,11,7.41,0.13,2.7,6.0,5.78,9.23,0.7545,4.66,0
V03670,tanker,11,8.24,2.11,8.26,10.01,12.36,9.06,0.5239,1.02,0
V03671,container,6,8.75,0.72,10.47,6.04,7.56,10.33,0.5549,14.62,0
V03672,passenger,8,11.23,1.21,7.34,5.71,11.51,9.28,0.1769,0.62,0
V03673,container,12,7.44,2.67,4.13,5.08,1.34,5.47,0.5649,6.32,0
V03674,container,8,5.01,5.93,1.81,9.57,9.95,13.34,0.2341,1.93,0
V03675,passenger,3,16.09,0.19,6.42,5.74,13.67,7.36,0.9094,6.58,0
V03676,cargo,2,15.21,7.23,13.55,5.5,3.55,9.6,0.274,2.34,0
V03677,cargo,2,11.23,0.72,2.26,8.85,8.81,10.82,0.1352,1.75,0
V03678,tanker,12,11.18,7.38,16.91,6.45,25.24,4.09,0.5469,15.41,1
V03679,container,12,11.39,1.35,2.08,6.25,4.39,11.12,0.5809,0.97,0
V03680,cargo,4,13.45,4.76,16.78,6.44,3.08,11.63,0.893,5.43,0
V03681,cargo,7,9.82,6.78,6.12,7.19,15.2,8.26,0.5268,0.61,0
V03682,cargo,6,8.53,0.67,8.96,5.72,6.54,5.19,0.5411,2.15,0
V03683,cargo,3,9.95,1.66,50.26,7.22,7.36,7.97,0.32,0.17,0
V03684,cargo,7,15.95,3.21,6.07,10.18,5.62,4.92,0.2143,0.52,0
V03685,container,4,11.54,7.06,8.51,4.52,5.2,9.71,0.4659,1.48,0
V03686,container,9,9.91,2.59,9.0,9.73,5.17,1.94,0.1244,6.89,0
V03687,container,8,12.07,2.09,12.69,6.06,6.28,5.47,0.7093,0.24,0
V03688,passenger,9,9.14,5.79,54.63,6.82,7.84,11.4,0.8804,1.85,1
V03689,tanker,10,11.97,7.44,5.29,9.18,15.94,4.21,0.4608,11.57,0
V03690,tanker,6,11.7,4.77,17.0,9.8,6.98,7.2,0.554,4.05,0
V03691,cargo,7,14.46,4.45,9.42,5.85,10.54,9.28,0.2956,0.01,0
V03692,passenger,9,14.57,7.57,12.14,5.86,14.66,5.23,0.4586,1.79,0
V03693,passenger,6,10.26,7.81,31.57,8.23,8.39,11.45,0.7696,6.65,0
V03694,cargo,9,13.2,0.58,1.0,6.06,4.08,10.18,0.6299,3.11,0
V03695,cargo,3,7.5,12.56,24.05,6.23,13.42,8.75,0.3001,4.83,0
V03696,cargo,12,3.63,1.59,6.83,8.87,5.72,9.2,0.8065,0.17,0
V03697,tanker,7,8.0,1.77,14.4,3.93,8.0,13.18,0.4829,0.93,0
V03698,container,8,11.71,4.36,9.58,7.9,14.33,8.58,0.6224,4.59,0
V03699,container,11,5.82,1.18,3.71,5.57,13.32,8.66,0.5195,3.66,0
V03700,cargo,8,12.38,1.76,4.68,5.81,15.72,6.38,0.1549,1.52,0
V03701,container,8,9.99,1.6,11.75,8.84,6.58,9.26,0.8137,1.13,0
V03702,tanker,4,11.36,10.53,11.25,4.67,13.8,11.6,0.8904,4.65,0
V03703,cargo,4,12.21,7.09,39.04,10.24,1.95,7.35,0.401,7.44,0
V03704,cargo,1,9.05,3.53,27.18,7.85,9.75,9.74,0.3967,4.78,1
V03705,passenger,10,6.56,5.16,8.26,6.3,16.0,6.1,0.3248,12.49,0
V03706,cargo,8,9.73,5.24,27.33,9.2,16.76,10.8,0.5448,1.13,0
V03707,tanker,8,12.92,10.4,8.76,5.16,3.34,8.48,0.7398,2.24,0
V03708,container,10,12.96,3.99,8.05,5.08,10.17,7.97,0.4398,1.85,0
V03709,container,1,7.37,3.91,8.14,10.19,8.27,8.33,0.6679,4.05,0
V03710,tanker,8,17.67,12.78,8.63,5.03,1.92,10.16,0.9189,0.49,0
V03711,tanker,9,9.14,6.98,15.32,7.75,2.08,7.02,0.5907,2.56,1
V03712,container,8,6.13,0.8,2.08,7.59,6.31,9.22,0.5521,4.16,0
V03713,tanker,9,7.03,2.73,13.96,6.35,3.12,11.0,0.565,13.88,0
V03714,container,4,14.78,8.55,10.16,7.22,5.41,4.81,0.1482,3.98,0
V03715,tanker,6,11.86,3.35,15.09,7.83,7.6,7.01,0.6545,0.72,0
V03716,passenger,8,4.74,3.87,8.63,4.1,6.13,6.16,0.1911,2.88,0
V03717,container,2,10.86,6.61,3.09,7.56,11.84,9.52,0.503,21.5,0
V03718,container,2,12.07,5.3,10.83,8.7,6.6,5.04,0.5236,5.94,0
V03719,cargo,6,9.59,4.91,9.94,12.27,14.98,5.2,0.422,1.76,0
V03720,tanker,3,7.13,5.98,26.31,6.66,7.82,12.6,0.6788,5.9,0
V03721,cargo,2,12.43,4.56,1.99,6.72,7.2,9.02,0.1701,0.46,0
V03722,container,12,9.8,7.06,44.86,3.71,5.71,15.0,0.2899,1.44,0
V03723,tanker,12,10.89,13.73,2.56,5.73,13.75,9.09,0.5035,5.69,0
V03724,passenger,7,11.22,4.32,6.33,5.08,14.56,15.0,0.9507,6.48,0
V03725,tanker,4,11.47,10.19,18.12,7.33,4.29,10.98,0.7479,2.87,0
V03726,tanker,3,13.42,8.12,3.77,9.65,15.89,7.12,0.3462,9.09,0
V03727,cargo,6,10.55,1.35,5.14,9.19,8.18,8.44,0.4844,0.97,0
V03728,tanker,12,15.1,2.04,3.78,6.3,9.74,13.91,0.453,1.93,0
V03729,container,2,11.79,1.09,24.3,5.58,3.76,11.65,0.1841,3.92,0
V03730,cargo,12,6.81,0.94,12.15,7.56,5.88,9.33,0.956,6.28,0
V03731,cargo,7,10.33,5.4,2.16,7.16,10.69,12.69,0.5908,5.55,0
V03732,cargo,4,12.29,1.21,2.27,2.25,8.09,12.13,0.5149,1.43,0
V03733,cargo,12,12.78,1.11,14.13,9.37,3.92,3.8,0.5765,1.09,0
V03734,tanker,4,11.15,2.74,10.23,8.61,13.4,7.75,0.2938,2.03,0
V03735,passenger,6,10.13,1.59,8.61,8.26,2.17,3.72,0.5447,9.27,0
V03736,container,7,11.33,8.26,8.18,5.86,12.88,5.23,0.6845,1.95,0
V03737,tanker,5,13.63,9.65,7.71,7.6,2.17,4.79,0.4429,7.9,0
V03738,container,4,12.07,3.0,11.39,4.37,9.62,12.7,0.2519,6.72,0
V03739,container,10,7.55,0.15,25.28,7.65,11.5,12.0,0.5694,6.87,0
V03740,container,10,14.75,3.42,7.17,7.33,0.56,9.21,0.8498,3.07,0
V03741,passenger,1,11.91,11.09,7.08,7.76,6.25,6.55,0.5368,0.7,0
V03742,cargo,2,8.41,2.04,13.45,8.47,4.95,10.94,0.8812,1.9,0
V03743,cargo,7,12.57,12.09,23.11,4.46,14.89,5.89,0.2852,16.05,0
V03744,container,7,12.36,4.25,21.08,6.32,0.36,10.18,0.4186,2.02,0
V03745,cargo,10,9.86,6.8,5.77,10.67,24.24,10.76,0.66,2.49,0
V03746,container,2,14.82,8.75,9.52,5.73,4.05,13.24,0.665,0.01,0
V03747,container,4,10.61,22.54,3.56,6.58,14.68,9.53,0.5077,7.41,0
V03748,cargo,4,5.99,1.29,7.79,5.74,11.03,13.45,0.2925,0.23,0
V03749,cargo,7,12.38,6.28,15.1,8.21,8.57,4.4,0.1425,0.06,0
V03750,passenger,8,11.72,7.88,11.8,7.28,1.34,11.32,0.448,2.6,0
V03751,tanker,3,13.58,5.26,8.1,3.89,23.06,7.57,0.3796,2.9,1
V03752,container,8,12.4,3.62,21.68,10.21,7.03,0.3,0.6304,1.9,1
V03753,container,12,11.86,2.35,12.58,6.77,2.71,5.96,0.4805,2.32,0
V03754,tanker,4,8.49,1.48,6.84,9.32,4.34,6.19,0.5637,0.63,0
V03755,cargo,5,8.18,17.82,5.59,9.89,13.13,6.31,0.2981,2.2,0
V03756,container,10,7.84,5.79,5.9,8.12,25.1,8.42,0.7532,0.56,1
V03757,container,12,12.24,2.69,6.92,5.25,5.6,11.81,0.5401,5.72,0
V03758,cargo,12,14.93,2.84,8.6,8.83,15.02,9.83,0.2584,4.85,0
V03759,tanker,8,13.03,9.49,8.36,8.24,0.79,8.72,0.2184,4.61,0
V03760,tanker,5,13.39,10.57,6.61,8.14,9.93,6.19,0.269,0.71,0
V03761,cargo,5,12.68,6.33,7.1,11.47,4.82,6.66,0.4944,8.3,0
V03762,cargo,10,12.12,6.61,7.49,8.87,4.1,8.43,0.7927,2.46,0
V03763,container,10,7.42,1.76,26.78,6.67,15.84,11.02,0.7727,2.35,0
V03764,container,2,9.45,0.15,8.33,6.83,3.73,8.02,0.4654,7.34,0
V03765,container,5,9.61,4.73,6.51,3.6,3.68,13.93,0.8162,1.07,0
V03766,container,4,11.85,14.26,3.17,6.1,6.03,13.57,0.7764,3.12,0
V03767,passenger,1,11.62,8.14,5.78,10.21,13.62,8.38,0.5785,2.31,0
V03768,tanker,9,12.06,1.49,8.63,8.44,1.44,2.59,0.3317,0.32,0
V03769,container,11,3.68,6.32,7.32,10.07,3.18,8.96,0.5252,5.01,0
V03770,tanker,10,11.31,1.91,6.37,8.45,4.47,9.17,0.5342,0.45,0
V03771,cargo,3,12.89,11.55,2.24,4.33,6.59,10.47,0.8203,1.24,0
V03772,container,9,11.25,6.68,5.07,8.98,9.28,12.21,0.3975,2.04,0
V03773,tanker,2,10.72,2.67,4.55,7.27,3.79,5.2,0.5613,1.49,0
V03774,cargo,11,14.04,6.37,2.89,4.8,4.83,12.93,0.1952,1.75,0
V03775,container,7,5.74,3.22,5.02,5.67,2.14,3.9,0.5744,0.09,0
V03776,passenger,3,8.93,1.41,25.12,6.67,1.25,6.68,0.1367,2.57,0
V03777,cargo,3,11.34,15.24,2.31,5.7,2.66,6.77,0.3643,2.88,1
V03778,cargo,3,10.49,8.8,6.47,4.7,4.89,7.31,0.6059,0.16,0
V03779,cargo,1,14.67,7.63,2.02,8.16,12.73,7.43,0.553,14.04,0
V03780,passenger,2,14.01,0.87,2.98,4.14,6.86,7.69,0.6578,0.49,0
V03781,container,2,8.93,22.69,5.6,2.64,4.74,6.69,0.6567,1.11,0
V03782,container,3,9.62,10.65,9.3,9.67,21.27,7.99,0.4874,3.07,0
V03783,tanker,10,13.42,9.78,14.98,8.01,15.52,6.87,0.2226,26.3,0
V03784,tanker,8,13.95,2.22,12.52,9.96,2.63,8.79,0.2787,0.53,0
V03785,container,9,6.62,13.81,14.73,5.9,5.44,8.55,0.3913,3.94,0
V03786,passenger,11,9.87,4.63,7.23,7.16,7.18,11.25,0.2576,1.04,0
V03787,passenger,9,9.15,7.89,4.31,8.34,2.58,8.58,0.8943,1.55,0
V03788,tanker,9,19.51,1.2,17.18,8.63,4.28,5.87,0.733,10.49,0
V03789,container,11,8.98,3.51,6.88,6.58,12.88,9.02,0.3411,3.89,0
V03790,passenger,10,8.75,5.7,9.61,7.5,6.2,6.79,0.1262,5.6,0
V03791,tanker,7,12.83,9.21,9.65,8.84,6.83,12.14,0.6675,23.39,0
V03792,container,10,7.63,10.9,13.91,6.86,10.5,13.47,0.6711,9.46,0
V03793,tanker,2,8.71,5.06,6.32,10.3,8.12,9.41,0.4874,0.27,0
V03794,tanker,11,12.52,1.96,9.52,7.51,8.68,8.31,0.2057,5.17,0
V03795,cargo,10,13.36,3.01,10.64,10.88,11.96,10.92,0.706,0.07,0
V03796,passenger,1,13.36,1.94,42.47,9.56,11.12,8.25,0.8567,1.07,0
V03797,cargo,8,16.73,0.86,7.91,6.78,13.02,13.8,0.6014,1.07,0
V03798,tanker,11,10.68,8.07,16.03,5.73,15.36,4.15,0.2386,0.13,0
V03799,container,1,12.83,1.57,8.25,8.07,2.39,9.95,0.2109,5.22,0
V03800,cargo,9,9.36,7.78,16.16,8.26,3.16,6.99,0.1856,3.0,0
V03801,container,4,14.07,4.65,3.79,11.97,2.49,11.11,0.9913,3.4,0
V03802,tanker,5,9.83,0.19,9.0,7.0,2.29,4.6,0.766,1.85,0
V03803,container,1,12.05,7.44,3.83,9.06,7.01,5.86,0.5019,0.4,0
V03804,container,5,15.01,6.27,5.38,7.84,1.99,13.59,0.2947,5.23,0
V03805,cargo,12,12.53,3.16,4.29,8.22,21.28,7.63,0.3204,3.59,0
V03806,cargo,11,8.28,5.76,17.51,7.66,10.8,11.36,0.6975,4.56,0
V03807,tanker,7,14.95,3.36,2.04,5.52,6.14,12.6,0.5768,10.12,0
V03808,container,9,11.69,0.11,7.31,9.24,4.95,9.52,0.4176,5.53,0
V03809,tanker,3,14.58,2.78,7.46,5.43,20.75,3.68,0.2619,1.09,0
V03810,cargo,6,13.24,4.89,5.27,4.91,10.26,8.17,0.7424,0.36,0
V03811,tanker,10,8.39,3.84,8.2,6.13,9.18,6.9,0.5151,0.4,0
V03812,container,11,14.97,4.31,3.91,7.44,7.63,8.9,0.7341,2.63,0
V03813,container,3,10.87,14.28,12.7,3.14,11.12,11.07,0.819,6.18,0
V03814,cargo,2,14.48,2.77,5.59,2.97,3.68,13.29,0.7804,3.18,0
V03815,container,3,13.09,8.81,4.72,6.76,19.64,2.4,0.4478,4.21,0
V03816,cargo,5,10.28,2.6,8.36,7.54,15.94,5.05,0.5291,1.29,0
V03817,cargo,1,9.32,0.52,15.26,6.24,3.66,5.65,0.3963,2.2,0
V03818,container,2,11.94,6.77,2.7,9.81,10.21,7.87,0.5848,0.23,0
V03819,cargo,1,9.22,5.89,3.26,8.61,1.06,5.73,0.6103,6.92,0
V03820,tanker,4,9.57,16.26,13.4,2.35,13.75,8.22,0.7763,9.59,0
V03821,passenger,1,12.62,3.91,13.1,9.02,10.34,9.28,0.3067,4.51,0
V03822,passenger,12,11.69,11.79,12.8,9.08,27.54,8.82,0.3666,3.86,0
V03823,tanker,8,7.65,5.07,11.81,7.04,12.78,11.94,0.8567,4.31,0
V03824,tanker,12,8.32,9.26,10.25,7.41,10.02,9.71,0.5362,2.49,1
V03825,container,9,8.02,9.75,12.29,7.79,9.21,8.37,0.5552,2.3,0
V03826,container,12,9.99,2.38,28.79,7.01,11.98,5.78,0.4165,0.26,0
V03827,passenger,2,10.75,1.74,11.8,6.52,8.83,10.19,0.4364,2.48,0
V03828,passenger,10,13.31,1.33,7.54,10.79,5.15,7.24,0.474,2.28,0
V03829,cargo,4,14.69,4.32,11.9,6.83,8.08,7.58,0.1074,0.97,1
V03830,passenger,7,13.63,5.53,6.23,8.05,6.34,10.05,0.5814,1.15,0
V03831,container,6,12.63,0.18,14.44,6.78,3.96,9.02,0.9105,0.03,0
V03832,cargo,9,11.59,3.04,4.43,4.09,4.5,2.1,0.5862,1.48,0
V03833,container,10,11.89,8.06,12.59,7.82,17.11,6.48,0.8542,10.9,0
V03834,cargo,2,11.97,12.42,13.61,8.37,16.38,6.93,0.7186,2.26,0
V03835,container,9,14.13,3.65,6.8,8.33,5.43,6.0,0.6759,3.8,0
V03836,container,8,9.62,6.09,4.87,8.44,5.01,13.48,0.648,2.52,0
V03837,tanker,12,10.3,3.19,61.8,8.0,4.74,4.71,0.3507,18.67,0
V03838,container,6,11.48,1.33,15.87,6.3,3.78,9.38,0.2192,2.68,0
V03839,cargo,7,16.39,0.87,13.16,6.96,6.06,12.19,0.6549,0.38,0
V03840,container,8,15.74,1.01,6.03,9.27,7.03,13.38,0.8565,0.65,0
V03841,tanker,6,14.53,7.24,12.7,6.07,4.02,5.9,0.3533,0.13,0
V03842,cargo,8,16.59,15.59,7.42,5.81,6.39,6.22,0.6326,2.08,0
V03843,cargo,1,10.33,0.68,6.9,5.65,15.65,5.63,0.9378,0.19,0
V03844,cargo,7,15.37,0.03,10.8,2.56,6.07,9.38,0.7039,2.22,0
V03845,passenger,2,11.04,1.47,2.37,6.6,4.13,13.01,0.384,5.85,0
V03846,tanker,6,9.31,5.6,6.25,4.23,9.52,7.93,0.3886,3.49,1
V03847,tanker,7,9.37,10.39,13.23,1.82,4.52,11.74,0.3752,3.41,0
V03848,container,1,7.73,11.53,5.11,10.48,4.55,8.05,0.4174,2.15,0
V03849,tanker,10,13.06,0.97,9.72,6.41,9.38,7.45,0.6833,1.88,0
V03850,passenger,8,10.99,2.65,15.5,8.77,15.93,4.78,0.0828,1.0,0
V03851,tanker,2,9.1,6.0,10.4,7.55,2.8,10.35,0.3732,1.39,0
V03852,container,3,8.25,3.48,30.71,8.9,0.77,6.52,0.3058,0.45,0
V03853,tanker,10,11.79,6.6,2.46,8.56,8.64,8.0,0.3289,2.23,0
V03854,cargo,9,11.31,0.54,2.96,5.53,1.58,9.46,0.7956,1.8,0
V03855,cargo,6,6.66,2.35,9.01,7.26,7.5,13.13,0.8583,2.79,0
V03856,cargo,12,11.69,7.26,5.32,9.51,13.87,10.06,0.6167,0.39,0
V03857,tanker,6,8.91,6.01,15.38,5.31,11.39,13.0,0.3157,1.04,0
V03858,cargo,11,13.63,4.37,5.42,6.78,15.27,10.11,0.3882,1.93,0
V03859,cargo,10,18.33,6.44,19.51,10.07,21.12,8.8,0.443,9.93,0
V03860,tanker,6,10.62,7.38,9.72,4.31,22.79,0.35,0.622,1.34,0
V03861,tanker,1,11.02,10.88,9.07,6.38,9.53,7.18,0.3174,6.02,0
V03862,container,10,14.44,10.71,1.57,8.68,12.85,7.5,0.3141,0.24,0
V03863,container,7,8.35,6.06,5.37,8.9,5.07,6.81,0.6263,11.33,0
V03864,container,3,17.85,3.23,1.72,7.66,5.47,9.33,0.437,4.9,0
V03865,cargo,12,12.92,2.05,2.28,3.8,15.8,8.4,0.2129,22.79,0
V03866,cargo,11,11.33,1.88,7.79,6.83,3.87,7.9,0.2464,7.24,0
V03867,cargo,4,9.97,6.4,8.53,3.96,10.1,13.48,0.3575,2.13,0
V03868,cargo,8,11.89,5.69,11.27,10.52,15.4,10.75,0.3918,4.79,0
V03869,cargo,6,9.73,0.06,17.53,8.44,16.03,6.75,0.2481,1.06,0
V03870,tanker,12,10.27,11.76,4.51,7.49,7.58,11.89,0.4404,5.93,0
V03871,container,4,14.25,1.09,11.58,8.52,3.74,7.71,0.7088,0.81,0
V03872,tanker,10,6.57,1.17,2.37,7.57,7.66,11.46,0.7456,0.77,0
V03873,tanker,3,10.06,1.79,6.63,3.32,1.92,7.56,0.4591,1.22,0
V03874,cargo,5,12.43,5.32,22.24,9.5,3.74,8.07,0.6273,1.91,0
V03875,tanker,9,4.32,6.33,7.68,6.37,26.13,6.93,0.2296,1.62,0
V03876,container,2,12.71,8.09,12.43,10.83,3.4,15.0,0.3138,2.75,0
V03877,passenger,2,12.93,1.46,7.55,7.74,3.11,11.81,0.5485,1.89,0
V03878,cargo,12,12.72,16.5,3.24,7.24,5.65,6.78,0.7574,5.51,0
V03879,cargo,11,7.88,2.03,26.93,8.29,9.54,8.22,0.2528,2.86,0
V03880,tanker,12,5.87,7.47,48.87,8.47,4.87,4.92,0.6633,1.98,1
V03881,cargo,10,13.05,5.3,9.47,5.86,2.58,9.54,0.2583,27.55,0
V03882,cargo,5,11.85,11.5,15.89,6.9,7.69,8.51,0.6489,0.7,0
V03883,passenger,8,12.02,1.69,3.34,11.92,5.48,11.42,0.6974,2.57,0
V03884,cargo,7,14.73,3.62,14.0,5.49,4.48,8.83,0.7133,7.85,0
V03885,container,11,13.08,6.11,7.65,5.79,2.38,10.75,0.4225,23.39,0
V03886,passenger,5,13.95,10.23,28.37,6.58,5.32,12.34,0.3658,0.24,0
V03887,passenger,10,11.79,2.66,3.68,11.4,23.05,6.57,0.252,12.47,0
V03888,passenger,7,17.06,4.69,27.98,5.01,4.92,6.4,0.7128,5.84,1
V03889,cargo,8,16.94,4.62,44.76,7.61,7.05,5.78,0.3478,13.78,1
V03890,cargo,4,9.18,5.25,35.85,7.4,16.01,15.0,0.6051,0.74,0
V03891,container,1,11.17,2.45,2.94,9.51,9.8,9.17,0.2944,4.07,0
V03892,tanker,7,16.25,7.14,2.36,5.74,4.85,13.76,0.0899,0.5,1
V03893,cargo,5,13.2,9.21,3.56,3.74,21.9,11.99,0.5477,3.53,0
V03894,tanker,6,7.62,3.02,13.1,11.36,3.24,9.23,0.6729,1.75,0
V03895,tanker,1,11.21,2.78,5.22,8.93,7.0,8.28,0.2813,0.36,0
V03896,passenger,4,11.41,6.23,8.88,8.82,7.52,11.01,0.4398,1.8,0
V03897,container,9,6.7,3.15,3.63,8.08,5.29,7.08,0.414,1.07,0
V03898,tanker,8,13.07,2.38,8.92,9.96,5.84,15.0,0.4925,12.05,0
V03899,cargo,10,14.12,1.03,5.55,4.46,11.99,9.52,0.3354,0.95,0
V03900,tanker,8,8.84,8.3,12.0,11.4,8.17,9.05,0.6454,2.14,0
V03901,tanker,10,14.54,0.67,6.89,5.52,3.26,9.77,0.4699,12.0,0
V03902,container,5,14.61,1.78,7.12,5.83,13.14,6.54,0.3451,1.34,0
V03903,cargo,2,14.43,3.86,7.2,7.31,16.21,6.21,0.588,0.9,0
V03904,container,3,11.74,2.42,21.14,6.7,7.58,4.96,0.3123,7.15,0
V03905,container,4,14.43,6.78,6.19,9.93,11.13,11.72,0.7709,1.4,0
V03906,cargo,5,13.21,5.92,1.49,7.31,20.25,9.87,0.7284,4.47,1
V03907,cargo,2,13.18,3.33,4.63,8.7,3.35,2.75,0.3675,3.46,1
V03908,container,1,9.32,4.7,8.07,9.29,6.2,12.64,0.3066,2.85,0
V03909,cargo,10,11.49,11.58,7.0,12.31,9.07,8.29,0.586,11.85,0
V03910,tanker,8,6.87,3.48,6.47,4.81,10.67,11.86,0.7138,4.78,0
V03911,passenger,3,8.99,1.44,3.12,4.92,4.46,6.15,0.3662,2.44,0
V03912,container,9,10.74,4.9,15.44,9.93,1.32,10.01,0.4708,6.38,0
V03913,cargo,4,13.74,2.52,6.51,8.93,4.55,3.46,0.7749,0.73,0
V03914,cargo,11,9.82,4.38,6.11,9.65,13.7,13.58,0.3144,9.17,0
V03915,container,4,9.72,2.68,3.14,8.61,8.0,9.99,0.5807,6.02,1
V03916,container,6,10.98,4.75,13.14,9.26,4.85,15.0,0.4674,0.5,0
V03917,tanker,5,13.1,4.98,6.24,7.39,22.81,13.21,0.9095,5.38,0
V03918,tanker,9,7.37,0.8,7.72,8.6,9.15,0.68,0.3437,19.35,0
V03919,tanker,9,9.12,2.99,25.68,6.56,5.48,15.0,0.4982,0.48,0
V03920,container,10,15.87,9.4,8.14,9.45,2.63,6.31,0.6379,0.32,1
V03921,tanker,11,6.41,2.63,40.01,9.82,7.08,0.38,0.3001,2.16,1
V03922,tanker,3,19.87,6.96,6.21,7.2,5.25,7.85,0.4185,2.62,0
V03923,tanker,9,12.42,1.76,12.31,5.41,6.19,2.48,0.4436,1.93,0
V03924,passenger,12,11.22,4.61,5.22,9.44,3.69,2.6,0.3289,3.38,1
V03925,cargo,2,11.02,14.82,11.4,5.57,5.42,10.19,0.2891,3.56,0
V03926,container,5,13.27,0.88,10.27,9.26,6.89,10.53,0.2299,0.09,0
V03927,passenger,2,11.5,5.07,12.94,9.35,9.55,10.12,0.796,11.55,0
V03928,passenger,6,16.1,4.48,30.98,3.84,7.44,11.46,0.6069,1.81,0
V03929,cargo,6,11.71,8.38,8.31,5.2,3.25,11.92,0.4653,2.43,0
V03930,tanker,7,14.28,11.39,3.53,5.19,6.71,5.49,0.6542,1.14,0
V03931,container,6,6.36,7.5,48.55,8.66,7.37,11.18,0.2729,1.07,0
V03932,tanker,7,11.05,3.82,3.48,8.35,8.4,9.69,0.1149,2.79,0
V03933,container,5,11.7,3.32,21.26,7.18,4.92,8.25,0.7175,2.74,1
V03934,container,1,11.75,6.53,7.52,9.56,3.83,8.23,0.7218,0.99,0
V03935,cargo,10,12.14,2.05,1.77,7.99,11.98,10.68,0.5108,5.7,0
V03936,tanker,1,13.25,3.86,7.79,6.97,4.53,9.47,0.4072,0.16,0
V03937,passenger,10,15.89,2.1,5.39,9.19,3.37,8.07,0.4139,4.39,0
V03938,tanker,11,14.8,3.82,29.46,5.82,16.71,8.03,0.5996,13.35,0
V03939,container,5,13.25,13.08,5.4,8.87,3.79,6.53,0.2543,1.16,0
V03940,container,2,11.54,5.87,6.87,7.66,1.45,12.22,0.401,2.33,0
V03941,container,12,11.87,3.56,3.53,4.36,7.76,8.12,0.7158,2.18,1
V03942,cargo,11,13.49,0.02,22.55,9.83,2.42,12.01,0.2973,0.3,0
V03943,cargo,7,12.93,6.12,5.89,3.26,4.75,1.14,0.9086,2.93,1
V03944,passenger,2,9.83,1.39,3.43,2.66,24.42,4.37,0.1841,6.36,1
V03945,tanker,10,11.15,8.1,27.78,9.83,17.54,6.55,0.7694,9.78,0
V03946,container,5,7.57,8.93,9.14,10.0,12.05,12.68,0.8307,4.33,0
V03947,passenger,4,7.82,2.14,12.93,5.24,11.44,9.57,0.5037,0.14,0
V03948,cargo,6,12.31,4.57,1.63,5.51,8.26,7.85,0.3643,0.65,0
V03949,tanker,5,17.14,11.3,11.93,7.22,6.01,9.84,0.3793,1.52,0
V03950,container,6,12.56,0.34,13.49,7.81,22.87,5.47,0.3629,3.41,0
V03951,cargo,3,12.62,0.74,1.67,9.46,5.38,10.63,0.7908,3.03,0
V03952,tanker,8,13.19,6.76,6.45,7.88,2.21,5.47,0.3805,2.06,0
V03953,container,2,9.13,17.07,19.76,6.29,8.9,6.19,0.678,5.86,0
V03954,cargo,8,8.63,1.7,16.08,5.55,10.44,7.78,0.7544,6.25,0
V03955,container,1,14.87,6.78,8.26,6.26,6.56,3.77,0.6196,3.27,0
V03956,cargo,7,13.26,7.55,11.9,6.15,4.69,11.42,0.3078,0.02,0
V03957,cargo,8,8.48,2.08,15.0,7.16,4.82,10.61,0.7475,1.7,0
V03958,container,1,9.93,1.67,6.22,6.29,8.84,4.72,0.72,2.8,0
V03959,container,10,12.58,2.03,6.73,7.55,13.14,12.96,0.5272,0.32,0
V03960,passenger,5,10.49,4.92,12.02,8.97,1.43,5.74,0.2213,4.71,0
V03961,cargo,2,8.54,1.49,3.5,9.7,7.91,7.49,0.0833,4.84,0
V03962,passenger,3,10.51,9.37,23.78,4.52,6.04,8.21,0.1851,2.8,0
V03963,container,2,12.4,2.87,14.14,8.11,8.12,8.33,0.4722,1.67,0
V03964,tanker,12,13.55,8.34,5.75,7.79,12.04,8.78,0.6361,0.69,0
V03965,cargo,12,7.67,7.69,4.27,8.86,11.61,0.3,0.3431,7.54,0
V03966,container,2,16.41,4.42,6.55,11.39,7.42,0.3,0.4043,5.58,0
V03967,tanker,1,11.67,8.87,6.98,3.85,3.21,7.37,0.8694,4.36,0
V03968,cargo,4,8.75,3.67,1.49,8.75,9.11,6.88,0.4049,0.82,0
V03969,cargo,8,16.93,0.36,3.41,8.87,14.4,5.08,0.0913,5.59,0
V03970,tanker,9,16.29,0.69,8.06,10.24,8.09,10.22,0.6303,1.82,0
V03971,tanker,3,11.89,2.83,2.72,8.95,12.67,7.38,0.6269,0.83,1
V03972,cargo,1,13.8,1.57,6.37,9.6,4.3,13.02,0.5588,0.82,0
V03973,cargo,5,10.9,8.29,12.12,7.15,9.96,4.08,0.7944,0.44,0
V03974,container,11,14.01,1.38,33.9,7.1,13.89,6.86,0.6835,0.97,0
V03975,tanker,8,9.31,9.01,1.0,10.6,3.94,6.29,0.342,3.51,0
V03976,container,3,11.53,20.96,6.13,7.4,9.46,13.48,0.4486,11.85,0
V03977,cargo,11,7.22,4.93,2.82,9.99,3.55,11.21,0.6137,0.61,0
V03978,passenger,7,11.0,11.88,2.99,5.96,5.95,6.46,0.2466,4.52,0
V03979,passenger,2,16.78,15.24,8.29,8.54,5.23,4.5,0.6566,14.75,0
V03980,container,5,12.14,1.4,21.55,5.65,13.79,4.44,0.8304,1.33,0
V03981,passenger,3,11.88,2.12,12.07,5.26,9.06,12.56,0.632,0.7,0
V03982,cargo,12,7.34,11.47,30.32,3.67,2.53,12.3,0.397,6.63,0
V03983,passenger,11,13.29,4.86,7.08,7.9,14.22,8.87,0.2206,2.03,0
V03984,container,4,10.63,3.54,3.14,7.33,7.53,8.11,0.5162,4.14,0
V03985,cargo,8,9.89,2.96,20.24,3.54,10.55,9.32,0.3105,3.61,0
V03986,tanker,12,10.6,2.01,14.52,12.79,6.23,11.61,0.6123,1.71,0
V03987,tanker,5,5.06,12.52,9.5,10.85,4.99,11.38,0.5914,1.43,0
V03988,passenger,9,12.68,5.28,4.6,6.93,7.83,13.03,0.5781,4.5,0
V03989,container,7,16.02,4.96,1.55,8.05,2.77,11.47,0.6208,2.01,0
V03990,passenger,1,14.5,9.68,30.35,7.62,13.14,4.91,0.2951,1.61,0
V03991,tanker,6,12.0,8.98,10.94,5.95,1.65,9.89,0.7717,0.64,0
V03992,tanker,1,9.9,4.74,12.97,7.08,6.07,7.62,0.4543,0.97,0
V03993,passenger,7,12.39,5.93,12.57,9.77,6.94,8.04,0.504,0.98,0
V03994,tanker,8,8.29,4.02,2.99,6.56,11.48,10.23,0.2547,16.96,0
V03995,container,7,13.14,5.14,4.47,7.21,8.08,11.15,0.7249,2.23,0
V03996,cargo,5,16.82,10.9,12.6,6.93,1.68,5.94,0.616,3.3,0
V03997,cargo,6,12.33,7.58,5.0,10.58,3.24,9.67,0.6248,3.3,0
V03998,container,6,9.29,5.36,25.29,6.08,14.01,8.6,0.5742,1.49,1
V03999,passenger,3,11.53,1.85,5.01,6.52,1.28,5.35,0.1561,3.25,0
V04000,cargo,7,11.29,1.5,8.36,5.72,1.33,7.58,0.2298,5.79,0
V04001,container,10,14.84,3.57,17.85,6.24,2.87,5.38,0.7063,5.48,0
V04002,container,8,14.05,12.38,10.15,8.99,35.36,10.9,0.3969,4.32,0
V04003,passenger,2,14.77,6.9,30.59,9.99,10.71,10.48,0.8449,1.35,0
V04004,passenger,8,13.94,4.34,5.6,8.53,7.47,14.81,0.2227,3.1,0
V04005,tanker,12,10.87,2.85,12.65,7.93,6.55,12.52,0.8352,5.73,0
V04006,passenger,4,15.36,5.75,11.15,5.69,12.14,5.45,0.5384,6.81,1
V04007,tanker,3,9.5,7.56,7.18,1.2,6.82,7.34,0.3372,2.33,0
V04008,passenger,7,9.34,24.81,4.61,5.09,5.45,5.14,0.0867,4.45,0
V04009,cargo,7,16.42,8.46,16.64,8.47,6.23,10.69,0.1554,2.46,0
V04010,passenger,4,10.59,7.93,8.87,9.49,7.14,7.49,0.3132,2.02,0
V04011,cargo,12,16.83,8.69,6.85,5.89,2.0,6.3,0.5112,1.94,0
V04012,cargo,10,12.89,2.02,4.17,9.41,5.3,11.96,0.9405,4.94,0
V04013,tanker,12,10.78,6.43,8.42,10.27,9.15,9.38,0.2877,2.96,0
V04014,tanker,7,9.16,0.04,8.91,7.7,5.18,5.14,0.6491,2.08,0
V04015,cargo,7,14.17,1.77,20.8,10.94,11.57,12.71,0.1469,0.0,0
V04016,passenger,4,9.99,11.44,5.91,5.25,9.19,9.3,0.6995,7.91,0
V04017,container,10,11.62,4.62,9.14,9.2,23.94,5.82,0.7048,5.49,0
V04018,tanker,6,9.35,4.73,20.23,10.24,14.97,5.0,0.632,2.25,0
V04019,cargo,8,9.12,2.4,6.02,7.17,9.77,7.06,0.5241,9.3,0
V04020,cargo,2,16.79,0.46,4.32,2.48,10.01,6.92,0.36,4.27,0
V04021,container,9,14.59,4.25,4.83,4.77,2.89,11.72,0.7701,2.41,0
V04022,container,6,12.41,4.24,1.36,5.52,6.61,9.84,0.1504,4.54,0
V04023,cargo,9,11.98,9.19,2.74,10.34,20.9,7.13,0.7597,0.96,0
V04024,cargo,2,14.24,8.45,25.79,3.93,16.74,13.28,0.2939,6.89,0
V04025,passenger,6,16.32,1.38,24.71,4.54,23.37,10.17,0.4921,0.58,0
V04026,cargo,9,12.53,3.56,3.69,9.57,8.73,2.34,0.8621,31.66,0
V04027,passenger,1,9.76,6.86,4.01,8.99,6.65,12.29,0.7035,6.75,0
V04028,passenger,5,14.64,3.35,6.02,6.84,1.6,11.88,0.3547,0.35,0
V04029,cargo,8,12.31,0.22,12.18,7.46,2.82,6.06,0.6058,1.53,0
V04030,passenger,2,7.67,9.37,47.75,8.77,22.01,2.92,0.6328,2.56,0
V04031,tanker,6,10.46,7.74,3.39,7.3,5.14,10.45,0.4043,0.12,0
V04032,container,5,11.77,5.6,4.53,10.45,1.09,7.73,0.3555,0.43,0
V04033,passenger,5,13.3,1.12,6.16,8.66,4.51,6.45,0.7217,0.85,0
V04034,tanker,4,7.3,4.11,17.32,11.2,1.93,2.56,0.3624,1.75,0
V04035,container,5,9.84,4.85,6.55,7.79,11.48,6.5,0.4988,9.44,0
V04036,tanker,6,12.46,4.17,3.74,10.06,12.61,5.62,0.141,2.68,0
V04037,cargo,12,9.98,0.93,13.03,7.34,7.82,9.47,0.4076,3.78,0
V04038,cargo,9,13.79,8.17,22.6,4.02,24.65,8.55,0.7227,0.98,0
V04039,cargo,7,9.62,2.05,50.63,7.71,13.87,7.49,0.6617,5.38,0
V04040,container,12,12.2,4.29,2.95,5.64,6.9,10.77,0.34,7.59,0
V04041,cargo,8,7.55,9.56,27.84,6.9,12.74,5.58,0.8491,1.39,0
V04042,cargo,7,15.11,5.11,7.07,8.97,0.12,7.32,0.1345,0.8,0
V04043,cargo,6,11.33,3.3,10.5,6.73,21.09,6.45,0.5868,2.69,0
V04044,cargo,10,10.12,6.92,12.79,5.8,7.28,6.66,0.2688,0.49,0
V04045,container,12,13.16,10.45,5.66,6.19,5.9,8.58,0.3089,1.0,0
V04046,passenger,11,12.48,2.05,4.95,4.3,9.42,13.37,0.2873,5.36,0
V04047,tanker,5,13.9,12.43,3.67,10.3,5.5,5.64,0.8924,2.73,0
V04048,tanker,9,17.51,7.84,10.17,6.86,4.1,10.44,0.9505,3.47,0
V04049,container,5,12.19,7.49,9.32,6.8,0.75,8.53,0.753,3.93,0
V04050,container,3,12.3,0.61,11.28,5.88,7.67,12.54,0.7531,1.05,0
V04051,container,6,6.56,4.81,13.59,4.24,8.74,6.15,0.7161,0.01,0
V04052,cargo,11,16.09,9.53,7.14,12.35,4.19,5.83,0.6347,4.74,0
V04053,cargo,8,9.49,0.61,7.81,6.45,4.9,7.63,0.7074,0.33,0
V04054,cargo,11,11.84,4.36,27.83,6.32,0.88,11.76,0.2231,5.99,0
V04055,cargo,1,13.46,2.02,18.49,9.05,5.6,14.18,0.6852,2.96,0
V04056,cargo,12,10.31,3.11,3.27,9.65,2.41,6.72,0.8712,2.72,0
V04057,passenger,5,9.0,1.82,3.7,10.99,8.41,9.33,0.4806,0.66,0
V04058,container,9,15.35,7.16,7.07,9.9,3.67,5.64,0.6207,4.45,0
V04059,cargo,7,11.85,14.22,9.17,7.76,6.19,1.14,0.5767,2.3,0
V04060,cargo,7,11.09,2.42,10.8,6.62,9.6,10.08,0.3804,0.37,0
V04061,cargo,6,11.98,12.71,65.11,6.02,2.56,8.92,0.7283,5.92,1
V04062,cargo,5,17.09,1.54,7.93,7.49,9.06,10.53,0.4181,1.71,0
V04063,cargo,3,14.8,1.83,8.41,10.57,3.57,9.29,0.3036,0.11,0
V04064,cargo,5,9.48,8.85,10.89,10.55,13.52,9.04,0.5602,0.44,0
V04065,cargo,3,16.07,8.04,3.85,7.16,8.91,7.61,0.8169,9.17,0
V04066,container,4,9.95,9.4,11.73,8.65,12.22,8.06,0.4036,2.63,0
V04067,cargo,6,10.76,11.07,5.02,8.99,17.38,9.18,0.8856,5.19,0
V04068,container,10,11.18,18.26,6.85,1.6,5.56,7.21,0.3097,0.23,1
V04069,cargo,10,16.25,1.4,5.48,5.3,4.04,13.4,0.7902,8.69,0
V04070,cargo,4,17.47,3.29,7.52,10.04,14.71,9.12,0.8206,0.76,0
V04071,passenger,10,15.53,1.63,3.92,7.76,3.89,5.25,0.6791,7.26,0
V04072,container,9,15.03,3.95,6.03,7.38,2.32,12.35,0.7719,0.44,0
V04073,passenger,2,10.3,2.59,7.27,5.12,11.85,14.77,0.6341,1.39,0
V04074,cargo,9,12.96,17.48,95.33,9.3,8.99,8.98,0.9381,3.86,0
V04075,cargo,1,7.2,2.25,11.96,7.96,6.95,10.91,0.429,4.18,0
V04076,container,8,16.56,6.74,5.29,7.09,12.21,10.15,0.1292,1.52,0
V04077,cargo,10,12.38,1.97,12.07,5.17,7.55,7.27,0.7809,3.05,0
V04078,cargo,3,6.52,5.22,10.19,8.0,11.53,6.81,0.8427,2.14,0
V04079,container,10,16.27,5.44,4.15,8.85,9.62,3.91,0.6442,5.67,0
V04080,container,12,9.27,4.41,4.62,6.85,1.26,9.59,0.5992,4.74,0
V04081,cargo,8,11.27,11.08,18.17,10.91,1.46,11.08,0.6461,0.48,0
V04082,cargo,10,15.97,10.13,8.28,10.94,5.16,8.17,0.502,0.23,0
V04083,passenger,6,13.24,0.75,3.72,5.28,3.67,10.16,0.782,2.59,0
V04084,cargo,1,14.09,5.51,5.36,8.85,7.24,10.06,0.65,9.43,0
V04085,container,8,11.26,2.3,5.65,5.55,9.08,6.83,0.6157,0.27,0
V04086,cargo,12,9.04,13.43,4.84,6.81,5.79,13.39,0.4387,1.34,0
V04087,container,8,13.28,2.09,8.97,5.24,17.13,10.9,0.6503,3.21,0
V04088,container,10,10.76,2.85,11.78,4.65,9.71,9.59,0.4953,4.46,0
V04089,cargo,4,12.57,7.87,5.52,5.99,0.94,10.08,0.2635,3.88,0
V04090,container,7,10.43,8.88,4.44,7.84,7.73,9.37,0.5857,2.52,0
V04091,cargo,12,15.81,2.72,6.68,3.02,9.93,10.35,0.78,2.36,0
V04092,tanker,3,15.83,6.79,3.19,8.33,7.27,10.75,0.0261,3.03,0
V04093,cargo,7,7.61,1.07,12.21,9.96,1.61,6.62,0.3926,0.33,0
V04094,passenger,11,10.95,1.52,22.11,6.23,8.78,7.77,0.2783,2.21,0
V04095,cargo,3,14.19,7.0,2.33,8.1,1.91,4.69,0.4728,3.94,0
V04096,tanker,1,11.03,7.0,5.98,7.34,30.83,7.08,0.7322,3.25,1
V04097,cargo,2,12.63,4.5,6.49,10.26,4.16,6.5,0.777,1.66,0
V04098,cargo,5,12.39,11.47,10.01,6.77,3.35,8.2,0.4131,5.99,0
V04099,tanker,5,12.92,0.44,10.75,6.66,8.59,8.0,0.5173,5.05,0
V04100,cargo,10,12.91,1.81,5.26,6.02,14.42,7.59,0.7809,7.73,0
V04101,container,5,7.67,1.75,10.19,6.16,19.82,9.65,0.5141,10.43,0
V04102,tanker,12,20.18,4.62,3.95,4.74,10.22,7.31,0.7657,1.58,0
V04103,container,10,6.84,12.57,5.21,6.79,2.56,11.21,0.6704,0.68,0
V04104,container,10,12.66,2.35,4.09,7.41,21.64,10.17,0.6888,2.79,0
V04105,cargo,7,15.39,4.52,16.8,7.64,4.43,7.34,0.7556,0.58,0
V04106,container,3,9.48,1.16,8.97,8.66,6.71,6.01,0.5323,2.22,0
V04107,tanker,8,11.99,9.94,22.26,1.2,5.41,3.99,0.0196,1.71,0
V04108,container,2,5.44,11.66,4.52,8.03,4.49,13.46,0.5973,2.61,0
V04109,cargo,3,9.34,11.01,24.05,5.84,5.7,7.55,0.6256,7.0,0
V04110,container,12,12.97,4.63,5.65,6.75,19.39,6.26,0.457,6.44,1
V04111,cargo,7,7.66,11.66,13.26,5.9,10.4,4.45,0.4097,0.61,0
V04112,cargo,5,3.39,11.88,15.81,8.3,3.73,6.99,0.1405,1.43,0
V04113,cargo,12,13.31,12.35,7.7,6.53,18.67,9.35,0.617,8.22,0
V04114,cargo,6,13.01,4.28,39.38,2.49,5.04,11.23,0.6778,5.62,0
V04115,cargo,2,10.77,4.3,15.13,5.22,5.8,5.15,0.5084,2.63,0
V04116,container,3,15.14,3.6,14.7,6.7,4.61,8.33,0.8212,4.38,0
V04117,container,11,11.26,4.27,8.06,8.96,9.16,7.15,0.3983,8.94,0
V04118,cargo,8,8.51,12.17,18.15,5.87,7.56,8.05,0.7459,5.69,0
V04119,cargo,2,7.28,3.8,11.98,4.68,11.29,14.57,0.2399,0.49,0
V04120,passenger,2,10.41,5.8,14.75,8.19,3.32,7.59,0.2853,0.22,0
V04121,container,5,11.92,5.4,3.09,5.66,2.8,6.15,0.9058,3.65,0
V04122,cargo,12,9.69,10.16,15.26,11.09,6.86,11.91,0.8085,1.27,0
V04123,cargo,6,12.91,1.72,4.06,8.26,6.95,13.13,0.2799,4.07,0
V04124,passenger,7,14.63,3.02,8.54,8.48,7.2,8.95,0.4693,7.59,0
V04125,cargo,3,12.58,4.27,5.39,5.53,11.09,6.86,0.2428,2.71,0
V04126,container,9,9.45,10.71,11.13,7.91,8.79,7.28,0.8455,5.32,0
V04127,container,5,14.83,1.0,4.84,4.41,6.19,11.1,0.6726,7.55,0
V04128,cargo,6,10.79,2.61,1.84,7.75,6.24,8.5,0.4407,7.86,0
V04129,container,5,12.28,12.95,12.99,4.67,4.76,11.68,0.4979,9.43,0
V04130,passenger,12,12.78,3.04,21.35,6.46,12.97,9.8,0.5054,6.52,0
V04131,container,8,16.72,15.01,10.4,7.43,2.4,6.9,0.3228,5.38,0
V04132,tanker,2,8.87,4.87,5.99,7.99,11.45,12.35,0.4868,0.88,0
V04133,tanker,2,10.44,6.19,1.99,9.44,6.99,8.09,0.7472,6.48,0
V04134,container,8,15.31,3.17,3.16,5.67,6.25,8.48,0.525,2.48,0
V04135,cargo,6,9.55,8.91,5.39,9.34,5.72,15.0,0.5129,1.68,0
V04136,cargo,10,9.76,5.27,8.17,8.73,6.44,8.79,0.6282,2.7,0
V04137,cargo,3,10.28,12.63,11.86,9.3,2.77,11.71,0.7554,0.32,0
V04138,tanker,12,12.27,2.31,7.15,8.11,15.01,13.37,0.4388,0.67,0
V04139,cargo,2,13.83,3.44,3.83,9.23,6.17,8.69,0.5222,4.27,0
V04140,cargo,4,7.97,4.2,3.0,8.51,0.73,3.46,0.5097,0.06,0
V04141,container,10,18.37,6.96,9.47,6.61,4.65,13.02,0.2131,5.11,0
V04142,cargo,8,11.64,1.66,6.34,9.69,0.93,8.55,0.2124,0.14,0
V04143,cargo,3,6.72,2.51,19.46,6.6,27.57,9.7,0.6592,7.22,0
V04144,tanker,4,9.4,0.58,13.61,9.46,6.28,8.68,0.2837,2.65,0
V04145,tanker,12,13.08,1.92,12.64,8.13,4.86,8.61,0.6188,0.23,0
V04146,cargo,8,7.79,4.45,7.94,10.18,12.2,11.15,0.3772,1.14,0
V04147,tanker,3,9.46,1.84,13.5,8.71,31.93,8.99,0.6356,7.54,1
V04148,container,7,8.04,5.75,18.41,7.72,5.63,9.58,0.7093,1.38,0
V04149,container,6,11.35,1.61,13.0,7.71,1.99,7.72,0.5516,12.91,1
V04150,cargo,8,11.62,4.05,5.41,2.64,9.15,7.58,0.7022,1.54,0
V04151,cargo,12,14.0,2.91,65.88,5.03,7.46,9.62,0.392,7.78,0
V04152,tanker,9,16.57,3.01,12.51,6.13,12.15,8.93,0.458,6.24,0
V04153,container,6,10.64,2.99,11.5,3.44,6.23,11.06,0.0468,14.12,0
V04154,container,2,8.1,0.77,18.84,4.28,12.86,5.6,0.3173,1.5,0
V04155,container,9,13.02,14.65,11.37,6.47,5.95,11.12,0.859,6.86,1
V04156,tanker,9,12.35,0.41,5.08,5.72,3.61,8.1,0.7598,4.68,0
V04157,container,8,7.46,0.33,5.12,8.42,12.6,10.48,0.3986,9.82,0
V04158,tanker,12,10.14,1.32,16.11,8.33,1.47,6.13,0.7587,4.77,0
V04159,container,1,9.11,8.05,7.46,3.55,3.41,0.3,0.3154,4.17,0
V04160,cargo,12,10.49,10.74,12.53,8.52,14.78,11.5,0.7956,1.71,0
V04161,container,2,14.6,0.34,7.75,8.7,5.48,9.43,0.5368,0.22,0
V04162,tanker,4,14.48,6.18,7.31,3.85,5.97,13.33,0.8015,1.91,0
V04163,passenger,7,8.94,7.04,16.17,8.74,6.58,9.36,0.8691,10.95,0
V04164,passenger,5,11.85,10.12,7.61,8.62,5.12,13.15,0.5906,12.47,0
V04165,tanker,12,6.43,2.28,5.17,3.77,12.96,9.48,0.6938,21.71,0
V04166,tanker,5,10.75,0.32,4.1,7.12,7.98,2.16,0.4929,8.74,0
V04167,cargo,6,8.85,1.05,6.33,4.37,14.24,7.36,0.6345,1.37,0
V04168,cargo,12,14.68,3.19,9.13,9.47,11.73,10.94,0.1245,5.76,0
V04169,container,11,11.11,5.58,10.84,6.02,5.87,3.34,0.2437,2.04,0
V04170,cargo,5,16.85,8.11,3.76,5.57,10.56,9.32,0.136,2.93,0
V04171,cargo,9,10.62,7.64,4.96,9.92,11.2,8.9,0.8104,0.01,0
V04172,cargo,4,7.3,17.32,20.52,7.14,27.77,12.3,0.6557,3.13,0
V04173,tanker,10,11.57,11.75,40.65,2.85,14.98,5.13,0.5895,0.42,0
V04174,tanker,6,11.49,0.29,2.28,4.1,4.06,7.09,0.5527,0.06,0
V04175,cargo,2,10.38,5.73,4.81,8.8,2.61,7.33,0.6261,2.13,0
V04176,tanker,4,9.47,17.66,5.07,6.11,3.93,7.8,0.3256,25.03,0
V04177,cargo,1,10.06,10.37,34.55,6.02,6.93,8.64,0.5128,2.05,0
V04178,cargo,6,9.28,4.06,13.0,5.85,8.45,7.92,0.757,0.68,0
V04179,cargo,3,6.95,5.26,20.23,8.28,12.38,8.32,0.9081,10.2,0
V04180,passenger,4,8.36,1.74,4.65,10.07,3.21,13.28,0.6016,4.6,0
V04181,cargo,2,10.49,3.22,33.66,6.94,15.38,6.76,0.4561,0.4,0
V04182,tanker,3,8.63,4.66,9.9,7.88,10.38,11.22,0.7834,4.74,0
V04183,cargo,9,15.86,2.34,5.44,9.78,6.48,5.38,0.5492,0.13,0
V04184,passenger,11,17.89,2.33,10.33,7.29,4.08,9.03,0.5996,13.55,0
V04185,container,12,11.72,4.23,10.67,6.18,6.15,13.42,0.5151,7.51,0
V04186,passenger,12,11.3,6.29,5.36,9.06,3.41,5.44,0.7269,2.48,0
V04187,cargo,4,10.91,3.15,6.87,8.45,28.14,7.31,0.5882,9.0,0
V04188,passenger,6,8.87,3.43,30.4,9.32,19.58,9.15,0.4724,1.62,0
V04189,cargo,11,9.05,3.03,16.52,9.27,20.25,5.94,0.4726,18.99,1
V04190,cargo,4,11.97,3.52,3.43,10.27,2.0,6.76,0.3268,2.55,0
V04191,tanker,8,17.62,3.1,11.99,8.61,4.97,10.9,0.8171,4.4,0
V04192,cargo,9,12.51,0.54,6.15,6.2,8.68,11.19,0.4768,0.51,0
V04193,container,9,8.26,0.75,3.03,6.32,20.3,5.18,0.5308,0.24,0
V04194,cargo,6,11.56,4.51,13.34,5.71,16.59,4.33,0.3215,0.5,0
V04195,container,5,10.36,3.42,11.58,10.14,1.26,2.91,0.6546,1.25,0
V04196,cargo,2,10.16,2.97,9.57,6.48,5.06,2.72,0.3564,10.74,0
V04197,cargo,8,7.28,0.45,7.98,8.18,9.84,6.24,0.312,3.46,0
V04198,tanker,8,9.15,7.12,8.89,8.31,5.45,9.4,0.4593,2.81,0
V04199,passenger,8,4.53,10.5,5.35,7.3,9.72,11.98,0.7686,0.35,0
V04200,cargo,10,6.1,0.09,6.31,4.56,17.69,6.29,0.8559,1.53,0
V04201,container,1,9.81,6.14,4.28,10.99,10.35,9.05,0.6301,6.45,0
V04202,passenger,2,15.69,1.47,2.8,11.19,5.34,0.81,0.4573,9.95,0
V04203,passenger,11,9.42,8.66,4.82,8.93,9.94,8.12,0.7329,4.96,0
V04204,tanker,5,11.56,1.24,27.52,10.36,11.63,9.06,0.5424,0.47,0
V04205,cargo,12,11.62,0.11,11.58,7.67,19.99,3.06,0.7916,6.24,0
V04206,cargo,2,12.99,3.77,1.89,2.99,15.49,8.04,0.6424,5.27,0
V04207,tanker,3,13.51,7.49,23.47,4.17,4.82,13.42,0.4647,0.85,0
V04208,cargo,8,11.67,0.37,3.84,6.76,22.57,5.86,0.5693,0.75,0
V04209,container,2,8.78,8.37,5.51,7.07,1.63,10.33,0.5104,7.67,0
V04210,container,2,12.59,6.04,45.85,5.54,8.37,9.13,0.7862,1.6,0
V04211,cargo,6,7.68,2.91,3.63,11.4,15.1,11.52,0.588,6.62,0
V04212,cargo,2,14.08,3.09,6.52,8.83,16.23,5.97,0.3922,3.08,1
V04213,cargo,7,13.8,8.14,10.44,7.36,4.9,8.19,0.2882,11.68,0
V04214,container,6,11.7,6.61,23.13,9.96,11.61,8.84,0.2164,0.36,0
V04215,container,9,10.95,4.27,3.61,6.2,3.01,3.99,0.4467,1.91,0
V04216,container,8,11.11,1.89,15.24,10.05,15.71,8.24,0.3157,1.63,0
V04217,passenger,8,8.92,6.27,6.67,8.22,12.14,5.89,0.1573,7.67,0
V04218,cargo,6,16.03,7.15,10.05,8.75,4.53,5.64,0.416,3.01,1
V04219,cargo,5,10.39,2.18,21.08,10.91,7.84,10.9,0.4859,3.75,0
V04220,container,10,6.29,7.04,28.49,11.49,5.77,11.73,0.5701,4.69,0
V04221,tanker,2,5.98,6.12,10.19,3.92,4.24,9.92,0.3396,1.11,0
V04222,tanker,7,11.57,2.16,4.79,10.87,4.63,6.44,0.4878,3.53,0
V04223,cargo,10,13.26,11.38,11.17,6.01,14.72,11.85,0.4779,6.68,0
V04224,tanker,7,3.05,1.78,5.88,4.36,4.99,3.62,0.2776,2.62,0
V04225,passenger,1,7.91,13.73,8.79,4.96,6.5,10.68,0.8581,0.86,0
V04226,container,2,11.18,7.04,15.23,11.62,3.05,7.12,0.6012,14.64,0
V04227,cargo,5,14.63,6.01,10.13,8.02,2.47,10.88,0.5904,9.05,0
V04228,cargo,9,11.95,0.16,6.34,5.62,8.1,6.78,0.463,1.54,0
V04229,tanker,3,7.06,0.71,7.18,8.17,18.2,8.39,0.7437,4.82,0
V04230,cargo,3,14.72,1.77,43.13,6.89,3.67,9.58,0.5986,1.41,0
V04231,passenger,11,12.16,2.16,2.48,7.02,2.92,7.22,0.582,10.77,0
V04232,cargo,11,17.1,8.79,11.01,7.17,2.6,8.1,0.7675,0.26,0
V04233,container,11,10.5,4.41,8.53,9.11,6.25,11.42,0.1386,3.48,0
V04234,cargo,5,4.32,0.9,10.84,5.97,3.77,9.52,0.3804,0.93,0
V04235,tanker,4,13.61,4.38,26.92,8.23,41.36,11.22,0.693,2.28,0
V04236,tanker,3,10.15,4.22,8.97,7.29,10.21,4.66,0.3934,1.01,1
V04237,cargo,11,13.99,9.94,1.03,6.99,13.84,9.22,0.3753,4.07,0
V04238,passenger,11,8.86,1.08,4.1,6.51,10.55,10.62,0.6424,9.17,0
V04239,container,4,8.94,0.23,15.21,9.79,2.73,7.55,0.5616,4.6,0
V04240,passenger,1,9.43,1.25,9.38,9.96,8.15,7.65,0.7246,10.03,0
V04241,cargo,5,11.4,7.22,17.25,6.2,7.33,10.23,0.514,10.23,0
V04242,cargo,4,15.12,5.56,6.62,4.08,33.09,8.58,0.5502,3.2,0
V04243,container,4,10.99,4.93,14.34,5.64,1.86,2.75,0.5143,0.67,0
V04244,container,6,12.28,4.25,6.57,6.82,13.22,8.61,0.57,4.05,0
V04245,container,7,8.72,0.49,13.96,7.06,6.32,3.17,0.6655,0.64,0
V04246,cargo,10,13.15,9.95,32.5,6.23,11.65,8.54,0.6605,0.67,0
V04247,tanker,9,4.63,6.96,6.12,5.31,9.65,10.26,0.2256,1.06,0
V04248,cargo,7,8.91,7.22,17.94,6.05,6.74,12.19,0.3092,4.94,0
V04249,cargo,8,15.26,3.63,2.64,10.78,4.81,2.5,0.9214,2.75,1
V04250,tanker,9,14.41,0.59,36.22,6.71,12.53,9.18,0.7814,1.11,0
V04251,passenger,12,11.87,1.55,3.33,8.34,10.03,7.81,0.4831,0.68,0
V04252,cargo,1,15.57,1.31,15.65,6.59,5.75,8.54,0.308,0.09,0
V04253,cargo,8,9.8,3.06,12.53,5.57,7.18,10.17,0.7877,1.54,0
V04254,container,1,13.5,10.64,11.12,6.67,1.32,7.03,0.7211,1.69,0
V04255,cargo,11,14.4,5.81,3.19,6.89,16.24,9.87,0.2095,2.08,0
V04256,tanker,6,10.04,0.93,2.65,6.6,10.82,7.22,0.7248,1.39,0
V04257,tanker,10,11.08,2.37,10.84,10.18,6.23,4.25,0.6181,9.08,0
V04258,cargo,12,13.54,1.0,4.15,6.28,8.82,8.58,0.5694,0.59,0
V04259,container,1,0.2,0.33,10.21,9.73,5.36,6.3,0.5253,3.67,0
V04260,container,5,12.66,6.66,14.35,11.83,5.23,5.19,0.278,8.26,0
V04261,cargo,1,16.2,8.62,8.24,11.46,12.28,14.18,0.5157,16.22,0
V04262,tanker,7,9.84,3.84,21.18,7.06,3.04,6.31,0.666,4.7,0
V04263,passenger,3,7.32,2.44,3.49,7.14,7.77,6.19,0.5789,0.28,0
V04264,cargo,7,13.17,9.47,4.57,4.91,1.22,11.77,0.9692,1.03,0
V04265,container,4,11.62,15.54,15.18,6.36,7.22,9.89,0.4862,3.11,0
V04266,passenger,6,9.77,1.21,15.58,8.3,8.27,5.7,0.2834,3.16,0
V04267,container,6,9.16,6.34,14.3,5.54,1.92,11.76,0.4179,0.35,0
V04268,passenger,8,13.25,11.55,14.66,8.2,6.87,9.81,0.8281,0.84,0
V04269,cargo,11,8.4,1.25,15.17,6.12,3.97,8.08,0.5399,11.97,0
V04270,tanker,5,15.01,3.47,5.4,7.85,11.46,9.78,0.8582,6.42,1
V04271,passenger,2,7.98,1.04,3.95,4.7,10.55,8.64,0.3226,5.58,0
V04272,tanker,5,6.02,4.73,23.75,8.01,9.6,7.85,0.5665,2.05,0
V04273,passenger,2,16.05,6.35,13.3,6.15,6.4,7.67,0.8522,2.39,0
V04274,cargo,4,18.72,4.01,31.75,5.68,12.21,11.22,0.7369,0.67,0
V04275,cargo,6,16.77,4.21,17.01,8.07,5.8,9.01,0.6494,1.78,0
V04276,cargo,1,13.73,6.11,27.45,6.55,7.31,14.86,0.4522,0.32,0
V04277,container,4,4.79,10.21,10.03,4.16,1.67,7.64,0.1367,3.57,0
V04278,container,2,15.99,6.83,2.02,10.61,41.66,8.75,0.291,6.03,0
V04279,cargo,3,9.66,0.72,17.91,5.21,9.49,3.57,0.2197,3.26,0
V04280,cargo,8,10.36,4.86,7.42,8.11,5.92,12.76,0.3572,5.22,0
V04281,cargo,8,14.44,16.81,12.19,9.45,3.15,8.97,0.5553,1.37,0
V04282,passenger,2,10.05,4.53,8.61,3.47,19.9,6.2,0.5394,1.02,0
V04283,tanker,7,10.22,4.58,10.31,6.36,9.53,10.37,0.9101,6.46,0
V04284,passenger,8,11.53,0.0,5.26,5.79,5.4,4.96,0.7939,5.31,0
V04285,cargo,7,12.26,5.97,37.72,7.09,6.05,12.08,0.7735,1.57,0
V04286,container,9,7.95,4.3,2.61,6.85,2.49,7.3,0.4238,2.53,0
V04287,cargo,5,10.0,9.42,26.66,9.48,1.85,7.47,0.6621,0.53,0
V04288,container,8,9.68,4.38,4.11,9.72,6.93,7.64,0.2626,1.79,0
V04289,tanker,8,5.38,1.23,4.46,7.96,8.71,8.88,0.518,0.36,0
V04290,tanker,5,16.03,7.85,6.09,8.15,10.19,5.36,0.4265,0.03,0
V04291,container,5,18.68,14.28,17.84,10.79,6.54,4.42,0.3136,1.36,1
V04292,tanker,11,3.6,4.14,14.47,4.31,16.67,8.0,0.6583,0.92,0
V04293,passenger,10,10.3,3.01,2.03,5.18,10.68,6.06,0.3291,3.39,0
V04294,cargo,3,10.3,2.3,3.95,2.97,3.05,7.64,0.2141,1.97,0
V04295,container,3,11.49,4.75,7.31,10.29,19.0,8.57,0.7438,4.4,0
V04296,cargo,6,18.02,4.61,12.05,7.46,9.03,7.95,0.7525,2.39,0
V04297,passenger,10,10.35,3.83,11.06,9.62,10.89,5.11,0.5959,2.57,0
V04298,tanker,2,8.46,2.39,13.6,8.81,1.44,6.26,0.8002,0.13,0
V04299,container,9,15.97,7.15,11.24,6.59,12.57,9.88,0.4197,6.45,0
V04300,cargo,7,9.41,6.27,4.3,6.67,6.9,6.12,0.7217,2.13,0
V04301,container,5,10.6,1.44,23.28,7.08,13.56,11.63,0.5572,2.73,0
V04302,passenger,10,12.87,4.89,17.09,9.22,8.25,10.4,0.663,4.99,0
V04303,tanker,2,12.02,8.44,6.47,7.96,8.31,13.05,0.5109,2.71,0
V04304,container,10,5.31,3.08,14.66,4.91,32.57,6.71,0.3368,6.23,0
V04305,container,9,8.83,4.9,8.19,8.76,9.53,6.12,0.2358,1.29,0
V04306,container,7,10.11,8.53,12.94,8.61,3.99,7.34,0.242,3.23,0
V04307,container,7,9.02,0.19,2.5,5.83,2.53,5.91,0.6661,3.4,0
V04308,container,5,9.43,7.3,17.55,9.52,2.96,10.12,0.7541,11.12,0
V04309,cargo,10,10.45,5.93,10.3,9.35,12.76,8.19,0.5653,0.05,0
V04310,cargo,11,14.58,3.97,25.74,9.46,4.77,9.64,0.351,1.26,0
V04311,container,2,16.24,1.57,5.01,7.88,7.32,7.55,0.7173,4.77,1
V04312,tanker,8,12.72,1.43,7.23,8.47,19.43,8.63,0.773,5.13,0
V04313,cargo,1,15.38,15.15,11.39,3.34,14.3,4.9,0.3343,0.57,0
V04314,cargo,1,13.83,4.16,3.47,6.18,4.71,11.83,0.8757,1.52,0
V04315,passenger,3,10.02,6.93,6.03,7.68,7.39,13.45,0.8107,0.47,0
V04316,tanker,1,7.47,2.53,10.96,7.76,6.46,2.14,0.3898,6.78,0
V04317,container,11,16.22,0.15,2.51,7.34,6.07,5.54,0.2691,2.06,0
V04318,container,6,15.18,3.11,6.92,6.84,3.79,8.1,0.6816,4.95,0
V04319,cargo,12,6.45,8.64,43.17,9.4,9.15,10.64,0.4847,13.37,0
V04320,container,1,10.22,2.71,23.66,8.95,8.54,2.33,0.5801,1.8,0
V04321,tanker,9,7.3,3.84,4.71,6.73,12.11,6.0,0.4003,5.47,0
V04322,passenger,6,12.93,6.01,7.4,4.62,16.12,6.92,0.5336,6.6,0
V04323,cargo,6,13.53,1.38,4.88,10.77,26.85,11.0,0.8114,3.86,0
V04324,cargo,4,14.82,8.85,17.08,6.62,6.19,9.33,0.2745,12.84,0
V04325,cargo,2,13.46,0.15,10.95,8.15,25.36,9.35,0.7652,2.23,0
V04326,tanker,11,16.86,15.13,26.58,9.78,3.62,12.36,0.4913,1.42,0
V04327,tanker,5,5.37,5.17,11.8,2.84,3.14,7.46,0.3964,1.75,0
V04328,cargo,10,7.1,3.83,10.31,8.15,14.85,9.92,0.0704,2.09,0
V04329,container,2,17.93,11.79,8.76,8.56,5.7,7.21,0.5715,3.17,0
V04330,container,1,11.19,1.19,27.86,7.28,13.72,11.45,0.5664,0.32,0
V04331,passenger,2,15.91,5.43,20.25,9.42,4.55,7.74,0.8238,0.66,0
V04332,container,5,9.23,3.45,5.76,6.98,14.86,8.14,0.834,0.68,0
V04333,container,5,9.9,2.18,18.36,11.14,7.93,9.71,0.4047,15.0,0
V04334,passenger,4,13.57,11.21,10.42,6.11,9.79,6.05,0.2279,3.32,0
V04335,passenger,12,13.42,17.3,2.69,7.06,1.72,11.56,0.3948,2.59,0
V04336,container,4,12.76,0.8,6.45,4.06,3.32,10.27,0.4755,1.39,0
V04337,cargo,5,6.42,8.37,6.87,3.63,9.93,9.59,0.8181,0.27,1
V04338,cargo,8,11.65,8.47,3.53,9.67,9.64,8.81,0.3638,0.72,0
V04339,container,7,8.55,2.08,7.16,5.01,7.33,9.15,0.7009,10.45,0
V04340,cargo,7,13.64,0.25,10.13,6.18,4.66,10.91,0.5351,29.69,0
V04341,tanker,12,13.16,4.1,5.94,5.04,5.16,4.32,0.7775,5.68,0
V04342,container,3,10.57,0.67,16.16,9.08,2.1,4.21,0.5953,15.02,0
V04343,cargo,10,10.22,1.21,6.41,4.97,15.94,11.03,0.106,10.98,0
V04344,passenger,11,12.49,4.66,13.31,12.38,11.17,9.65,0.6148,3.35,0
V04345,cargo,2,11.76,10.22,1.58,5.93,1.01,10.16,0.6365,1.54,0
V04346,container,8,12.2,1.87,6.87,6.58,21.19,9.71,0.3909,2.07,0
V04347,passenger,6,11.6,9.3,23.74,9.33,1.13,10.08,0.6517,4.9,0
V04348,cargo,3,15.42,1.12,10.21,7.65,1.24,6.86,0.5434,0.3,0
V04349,tanker,2,7.36,14.01,10.58,2.73,9.54,7.79,0.6562,5.39,0
V04350,cargo,2,17.62,5.66,9.5,8.81,2.06,6.56,0.3716,4.52,0
V04351,tanker,12,9.42,4.19,7.34,8.78,11.81,11.15,0.464,7.82,0
V04352,passenger,7,11.5,10.0,6.28,4.95,12.4,10.96,0.6507,0.93,0
V04353,cargo,8,18.15,7.89,15.51,6.64,11.25,8.41,0.4045,3.13,0
V04354,cargo,4,13.53,8.8,10.12,6.36,6.12,11.31,0.9408,1.09,0
V04355,passenger,7,8.24,1.17,30.71,5.69,5.12,12.66,0.8216,4.78,0
V04356,cargo,11,14.15,0.82,13.48,11.11,3.52,10.31,0.7209,1.56,0
V04357,passenger,11,15.47,6.78,14.89,8.06,8.0,7.82,0.3856,2.81,0
V04358,passenger,2,10.91,0.77,22.55,4.04,3.37,10.19,0.9779,5.29,0
V04359,tanker,11,13.47,5.71,9.38,4.31,0.67,2.4,0.7714,2.38,0
V04360,cargo,6,6.66,3.63,21.81,5.48,4.22,5.66,0.242,8.87,0
V04361,tanker,10,6.78,3.29,1.52,9.75,1.14,4.56,0.3219,8.11,0
V04362,cargo,9,12.7,2.39,23.48,8.93,13.71,9.42,0.3273,5.52,0
V04363,container,5,17.66,6.6,17.83,4.84,9.65,8.87,0.8082,1.6,1
V04364,cargo,10,8.9,8.07,10.01,7.27,5.71,6.91,0.3888,4.96,0
V04365,cargo,7,19.14,0.46,8.18,8.46,8.19,4.52,0.2446,0.44,0
V04366,passenger,5,13.74,6.72,4.35,7.87,6.69,13.84,0.3547,7.08,0
V04367,passenger,2,15.75,4.89,15.22,3.84,6.65,8.96,0.6776,0.54,0
V04368,container,12,14.43,2.6,5.12,8.05,11.93,7.78,0.6288,3.37,0
V04369,cargo,12,15.13,3.1,8.85,6.14,5.51,4.24,0.1855,4.89,0
V04370,passenger,11,11.31,13.25,11.87,5.59,12.61,8.07,0.6898,1.16,0
V04371,container,8,12.45,6.35,12.22,6.88,1.96,7.96,0.3249,0.91,0
V04372,cargo,1,10.41,1.34,9.08,8.63,3.62,5.04,0.2452,2.8,0
V04373,cargo,2,12.12,13.63,5.07,10.82,8.16,3.24,0.9153,9.76,1
V04374,cargo,1,3.95,5.07,33.71,8.95,3.57,7.86,0.3579,6.23,0
V04375,passenger,8,13.7,5.1,7.14,7.78,12.55,5.11,0.735,1.98,0
V04376,cargo,2,7.02,2.12,17.27,5.74,4.72,9.85,0.2424,0.8,0
V04377,tanker,1,10.88,3.22,19.04,6.77,10.41,3.19,0.277,0.08,0
V04378,passenger,4,10.33,0.32,8.5,6.08,13.67,8.08,0.0553,0.64,0
V04379,tanker,9,11.97,6.45,7.13,6.52,6.36,7.17,0.4304,10.0,0
V04380,container,4,10.16,8.46,20.06,11.23,1.33,7.6,0.7025,4.28,0
V04381,cargo,9,10.04,7.09,18.46,7.02,3.64,8.84,0.4157,1.99,0
V04382,passenger,4,7.53,5.96,4.07,9.86,8.22,10.83,0.9175,3.82,0
V04383,container,11,13.45,6.96,16.39,11.55,11.4,15.0,0.7044,8.42,0
V04384,container,2,10.71,4.84,5.19,8.24,12.54,11.57,0.8439,5.55,0
V04385,tanker,11,12.07,5.85,30.24,2.85,13.2,9.67,0.201,2.7,0
V04386,cargo,10,10.8,1.78,32.23,5.54,7.88,11.35,0.5159,10.27,0
V04387,container,3,11.33,3.03,18.28,10.93,14.42,7.59,0.9309,1.77,0
V04388,passenger,4,11.9,4.61,23.45,4.07,18.17,11.86,0.2765,12.25,0
V04389,container,8,7.57,3.5,5.6,5.56,2.69,8.2,0.7004,3.58,0
V04390,passenger,6,17.07,4.86,6.07,5.7,13.09,4.94,0.7413,1.73,0
V04391,passenger,11,14.11,0.43,5.89,5.78,4.02,9.65,0.3838,0.18,0
V04392,tanker,1,9.66,3.53,14.61,7.24,7.56,9.24,0.9008,4.1,0
V04393,cargo,9,1.99,3.23,3.26,7.54,5.0,7.06,0.7505,2.06,0
V04394,container,7,11.02,6.42,11.39,8.73,3.44,4.52,0.5806,2.71,0
V04395,container,11,7.53,0.96,8.85,9.74,2.08,3.41,0.4448,0.6,0
V04396,passenger,9,12.75,8.36,16.1,7.88,10.27,4.72,0.6363,2.01,0
V04397,cargo,3,10.98,1.01,10.01,5.48,10.71,5.69,0.6446,19.67,0
V04398,cargo,4,15.44,6.15,13.77,4.57,9.97,7.31,0.2369,10.95,0
V04399,container,6,10.23,5.62,5.91,7.84,3.6,10.41,0.2065,3.9,0
V04400,tanker,11,9.95,4.34,15.44,7.3,6.25,4.43,0.8441,11.63,0
V04401,tanker,7,10.43,13.6,6.51,6.69,5.84,5.16,0.6295,3.5,1
V04402,container,2,15.2,2.25,4.54,9.31,3.59,9.93,0.3052,2.95,0
V04403,cargo,9,7.57,3.35,20.47,6.21,9.17,7.88,0.3931,11.35,0
V04404,passenger,6,11.56,0.36,9.78,8.41,7.72,9.53,0.2811,2.44,0
V04405,cargo,4,7.62,9.2,1.8,10.32,20.68,8.66,0.1611,9.24,0
V04406,passenger,11,11.04,1.64,22.49,7.29,7.18,6.77,0.9722,3.12,0
V04407,cargo,10,10.22,7.51,12.41,5.52,15.83,8.51,0.652,0.34,0
V04408,tanker,10,3.48,7.02,19.07,7.54,11.26,12.36,0.6284,0.61,0
V04409,cargo,5,7.75,1.85,1.71,9.6,2.49,7.87,0.4491,9.57,0
V04410,tanker,6,10.12,0.25,12.78,6.3,22.38,5.63,0.6409,1.48,0
V04411,cargo,10,8.01,1.67,9.58,9.38,5.49,8.31,0.6814,6.86,0
V04412,cargo,1,11.65,3.03,5.1,6.1,18.18,9.92,0.7345,3.8,0
V04413,container,10,3.6,1.7,6.53,8.98,2.49,9.46,0.5669,0.46,0
V04414,passenger,5,10.65,6.28,2.87,7.56,8.34,6.49,0.1866,0.03,0
V04415,cargo,7,10.44,4.2,3.59,9.52,2.82,9.49,0.7567,1.66,0
V04416,container,7,13.31,0.03,20.41,6.97,1.95,4.47,0.238,2.56,0
V04417,tanker,2,8.02,10.81,41.13,6.99,5.83,7.82,0.3962,1.65,0
V04418,container,8,1.84,6.35,4.61,5.88,1.32,13.11,0.8405,9.41,0
V04419,cargo,1,10.44,0.28,12.36,4.42,8.38,8.31,0.6803,5.53,0
V04420,container,3,11.61,0.54,11.04,7.9,9.53,9.8,0.623,1.32,1
V04421,tanker,6,14.85,3.86,5.64,3.36,1.58,10.77,0.5967,1.21,0
V04422,container,8,6.81,4.67,14.4,6.81,6.08,10.59,0.6098,5.08,0
V04423,passenger,1,15.98,0.9,11.6,6.75,9.87,2.03,0.3778,0.85,0
V04424,cargo,6,8.09,7.04,8.3,1.93,13.11,12.25,0.643,4.46,0
V04425,container,3,12.24,11.25,3.24,7.28,13.03,10.71,0.8021,0.21,0
V04426,passenger,7,12.53,3.73,11.01,7.97,4.24,7.99,0.7188,0.17,0
V04427,tanker,12,9.58,2.21,28.83,8.53,24.65,13.05,0.6936,1.13,0
V04428,container,6,16.23,1.78,8.76,7.6,0.9,6.6,0.6089,0.88,0
V04429,cargo,10,10.75,1.3,2.44,7.26,3.91,9.65,0.7243,3.63,0
V04430,cargo,7,13.5,9.35,32.89,7.56,34.2,10.54,0.505,2.39,0
V04431,cargo,12,8.17,2.9,7.36,7.48,5.81,6.71,0.6865,12.27,0
V04432,cargo,9,15.67,5.03,8.82,7.12,5.79,8.03,0.7271,3.28,0
V04433,container,9,12.34,2.13,4.21,5.8,8.0,7.93,0.3704,13.63,0
V04434,cargo,1,9.29,1.81,1.46,9.9,7.72,13.81,0.1699,3.82,0
V04435,container,9,12.89,3.74,4.99,6.46,7.04,9.19,0.4995,9.64,0
V04436,tanker,10,17.03,3.53,10.18,10.86,18.6,5.97,0.1183,2.16,0
V04437,cargo,7,12.13,1.61,39.81,7.15,5.37,13.9,0.3764,0.01,0
V04438,cargo,7,15.21,2.16,10.59,7.62,13.69,8.73,0.4195,12.09,0
V04439,container,2,14.69,8.13,4.41,2.01,6.0,4.25,0.045,1.49,0
V04440,container,7,16.9,5.32,6.6,6.43,2.79,8.01,0.4422,4.2,0
V04441,cargo,10,14.56,3.74,8.36,12.08,13.28,13.75,0.3991,4.1,0
V04442,cargo,11,8.38,0.04,2.38,6.01,5.11,12.05,0.7344,4.16,0
V04443,passenger,10,13.1,11.85,7.19,5.99,4.29,7.12,0.5795,2.01,0
V04444,cargo,4,6.64,5.0,19.12,8.79,6.37,8.77,0.2749,3.48,0
V04445,cargo,7,11.26,11.82,5.59,5.87,12.26,8.27,0.6631,5.23,0
V04446,tanker,5,16.5,1.79,14.42,8.8,10.42,9.85,0.2829,5.27,0
V04447,passenger,1,14.78,2.58,11.85,6.33,6.97,11.06,0.404,0.82,0
V04448,cargo,1,8.78,3.14,15.9,3.29,5.97,11.26,0.7047,0.23,0
V04449,cargo,11,11.76,11.05,14.34,6.99,4.9,14.22,0.5057,2.22,0
V04450,cargo,11,13.52,6.12,9.44,6.64,9.67,7.06,0.8268,4.91,0
V04451,container,1,16.5,8.29,12.69,5.9,5.16,9.28,0.2979,5.29,0
V04452,container,2,12.85,9.61,12.63,9.31,6.79,6.66,0.7146,2.29,0
V04453,container,4,11.75,9.68,14.04,6.44,1.48,12.29,0.5949,1.06,0
V04454,passenger,11,11.78,7.44,14.13,9.6,20.04,1.98,0.6724,2.81,1
V04455,cargo,4,5.81,3.68,20.42,10.83,2.0,12.27,0.7995,5.11,0
V04456,container,1,13.84,3.59,19.42,9.45,13.42,10.1,0.8117,3.94,0
V04457,cargo,2,15.13,2.22,1.08,7.59,19.66,10.35,0.9203,5.54,0
V04458,passenger,10,13.12,8.94,28.65,8.21,6.73,10.16,0.7212,3.27,0
V04459,tanker,4,13.09,10.0,25.72,7.19,41.51,11.71,0.5273,1.09,0
V04460,passenger,8,11.65,2.84,29.88,7.43,23.63,8.31,0.3731,3.53,0
V04461,cargo,2,12.0,2.9,31.07,9.08,6.99,12.9,0.7141,0.08,0
V04462,container,3,17.52,4.68,12.42,5.52,3.29,8.69,0.8487,5.78,0
V04463,container,5,8.04,0.12,9.17,11.52,19.59,5.62,0.5965,6.52,0
V04464,tanker,3,12.62,5.35,20.83,5.44,13.79,10.52,0.6431,0.0,0
V04465,cargo,10,7.66,0.83,14.81,6.96,17.92,12.1,0.7048,0.05,0
V04466,container,12,13.8,4.54,13.34,8.7,3.15,7.62,0.8843,0.09,0
V04467,cargo,7,16.6,7.98,11.42,9.1,2.76,11.9,0.3733,5.46,0
V04468,passenger,1,11.88,2.74,11.32,4.05,7.37,6.0,0.5277,2.09,0
V04469,container,11,8.67,6.73,11.89,6.68,5.46,13.14,0.6818,2.66,0
V04470,cargo,9,6.77,5.03,9.87,6.76,9.85,4.63,0.9291,0.44,0
V04471,container,7,18.07,7.74,11.36,10.22,21.14,13.21,0.3487,12.38,0
V04472,cargo,3,9.73,12.58,6.07,7.41,7.77,8.43,0.5143,10.9,0
V04473,cargo,1,12.19,2.82,12.54,6.93,6.5,3.85,0.3394,1.21,0
V04474,cargo,2,11.75,1.69,7.95,7.4,2.66,10.22,0.4663,6.17,0
V04475,cargo,11,13.88,8.66,15.43,8.84,5.57,0.3,0.5032,0.62,0
V04476,container,8,12.19,0.75,10.17,6.71,16.12,11.87,0.2353,4.04,0
V04477,cargo,5,6.77,2.7,20.68,5.27,6.02,11.02,0.6176,4.76,0
V04478,tanker,11,13.12,7.25,11.55,10.02,5.19,10.94,0.6908,3.69,0
V04479,tanker,7,16.01,0.23,8.41,11.38,3.5,5.98,0.5056,1.96,0
V04480,container,3,15.45,6.53,9.02,8.09,6.73,14.54,0.7836,2.77,0
V04481,container,8,11.88,9.94,16.21,5.63,1.77,8.72,0.5593,0.76,0
V04482,cargo,10,7.93,2.67,6.04,8.97,4.89,10.22,0.4124,4.04,0
V04483,tanker,3,12.63,4.85,4.1,10.35,9.17,7.16,0.4422,7.56,0
V04484,passenger,8,16.19,0.76,62.7,5.78,4.82,0.91,0.4471,1.95,0
V04485,container,1,12.38,1.18,25.51,6.37,10.05,13.01,0.6756,4.37,0
V04486,container,2,9.56,8.72,11.43,6.62,12.12,12.32,0.3589,3.8,0
V04487,tanker,1,8.1,2.39,16.67,6.79,5.04,10.16,0.5658,14.0,0
V04488,cargo,11,9.81,5.95,2.21,9.51,1.81,4.04,0.1993,17.2,0
V04489,cargo,2,13.24,11.63,14.8,6.58,11.08,6.53,0.4074,2.29,0
V04490,tanker,12,10.16,0.12,4.59,9.46,6.79,10.2,0.1096,0.76,0
V04491,tanker,11,8.69,6.9,8.55,8.08,15.72,8.38,0.0266,3.5,0
V04492,cargo,7,9.29,4.23,7.4,6.84,4.61,7.65,0.9409,4.43,0
V04493,tanker,9,9.84,5.44,4.47,2.09,1.08,3.22,0.5661,2.05,0
V04494,passenger,3,10.5,9.12,11.17,7.11,5.16,7.38,0.1864,2.95,0
V04495,tanker,11,13.35,11.5,17.17,3.97,2.49,6.72,0.7223,12.46,0
V04496,cargo,2,8.59,6.49,8.93,7.56,9.57,12.0,0.3266,1.11,0
V04497,cargo,10,15.02,0.18,7.26,9.6,0.58,6.55,0.4947,4.2,0
V04498,tanker,6,7.85,3.35,28.83,5.59,4.13,7.29,0.7555,0.68,0
V04499,tanker,8,10.88,3.98,18.72,8.0,7.6,8.78,0.7805,1.01,1
V04500,container,8,8.47,12.96,11.3,6.08,9.74,8.86,0.4429,1.74,1
V04501,container,1,15.37,1.07,20.74,8.67,5.74,8.36,0.6918,0.18,0
V04502,cargo,4,14.43,4.67,20.44,7.62,6.6,9.58,0.3788,0.37,0
V04503,cargo,7,11.4,2.54,11.32,8.26,5.41,11.55,0.4955,0.8,0
V04504,tanker,11,18.69,2.13,54.21,6.35,18.13,5.7,0.3014,6.44,0
V04505,cargo,8,13.42,3.12,14.59,6.34,6.2,5.13,0.5211,4.94,0
V04506,cargo,11,16.79,6.59,25.43,5.31,8.48,13.25,0.4817,3.26,0
V04507,cargo,8,11.71,9.85,8.91,11.66,4.75,8.73,0.4422,0.9,0
V04508,cargo,1,13.62,1.98,10.06,6.86,7.62,5.61,0.3173,2.88,0
V04509,tanker,11,13.08,0.0,6.56,9.59,11.89,5.98,0.4086,2.48,0
V04510,cargo,2,7.58,13.3,10.69,6.65,3.68,7.37,0.7771,0.68,0
V04511,cargo,2,9.61,8.92,12.28,10.01,8.57,1.93,0.3177,0.7,0
V04512,tanker,4,13.45,8.36,2.67,4.07,23.76,11.6,0.4744,16.66,0
V04513,cargo,10,13.4,5.37,6.7,8.07,3.91,0.87,0.5194,1.1,0
V04514,container,12,14.36,5.48,32.75,1.2,11.98,5.39,0.3907,2.53,0
V04515,tanker,6,13.89,9.53,21.6,7.43,2.19,7.57,0.6102,13.88,0
V04516,tanker,12,7.57,11.75,9.3,8.63,6.9,4.08,0.4568,1.47,0
V04517,container,7,10.45,9.43,26.83,6.2,16.77,10.29,0.5931,0.3,0
V04518,cargo,6,17.76,2.95,4.31,6.15,5.93,8.48,0.3234,7.53,0
V04519,cargo,1,4.86,13.84,13.75,7.72,11.09,6.38,0.7126,9.19,0
V04520,container,4,10.57,0.27,23.83,3.75,2.39,10.96,0.7446,6.98,0
V04521,container,8,12.13,1.03,9.72,6.57,8.58,8.91,0.4926,7.67,0
V04522,cargo,11,7.97,3.46,4.24,8.64,3.75,11.8,0.3303,0.59,0
V04523,cargo,12,6.25,5.7,24.33,7.27,12.32,11.13,0.1691,4.1,0
V04524,container,4,3.14,9.93,4.43,8.85,28.75,7.38,0.9062,6.43,0
V04525,cargo,12,10.48,1.12,4.6,5.21,2.97,8.74,0.5642,3.49,0
V04526,tanker,3,8.2,1.07,5.32,6.16,4.75,12.44,0.7278,2.89,0
V04527,cargo,7,8.71,2.56,7.91,6.97,1.74,8.68,0.5538,0.57,0
V04528,container,8,10.98,0.36,6.63,4.49,2.53,6.1,0.0944,24.39,0
V04529,cargo,10,13.28,0.22,6.74,8.44,14.19,12.89,0.6908,2.43,0
V04530,tanker,5,6.23,10.53,12.37,8.65,15.04,7.4,0.4359,1.07,0
V04531,container,8,10.05,3.25,20.03,6.93,8.89,10.68,0.5011,4.71,0
V04532,container,4,8.41,6.69,10.0,11.42,19.64,6.17,0.581,19.7,0
V04533,tanker,3,10.79,0.95,22.76,9.82,24.27,7.54,0.1792,8.84,1
V04534,container,11,14.33,0.27,1.98,5.86,1.94,8.88,0.4193,3.17,0
V04535,tanker,3,11.15,1.09,28.86,5.61,6.72,9.05,0.6486,11.61,0
V04536,tanker,6,15.05,7.65,4.45,2.76,16.67,11.47,0.7338,3.08,1
V04537,container,11,14.6,0.13,18.46,4.07,15.67,4.9,0.2035,0.33,0
V04538,cargo,4,12.53,14.95,8.84,7.34,4.16,9.78,0.6449,5.2,0
V04539,container,9,10.96,0.29,3.37,4.65,8.78,11.62,0.9258,1.03,0
V04540,cargo,9,19.95,1.0,6.49,6.64,3.21,14.81,0.3303,1.66,0
V04541,container,5,6.46,2.8,12.03,8.6,8.34,5.68,0.2774,2.21,0
V04542,container,1,8.13,14.58,27.29,3.17,9.47,8.55,0.5618,0.24,0
V04543,container,3,6.63,6.71,1.99,10.57,4.82,10.37,0.8787,1.89,0
V04544,tanker,10,9.27,12.69,3.49,8.78,3.39,7.28,0.2001,0.74,1
V04545,cargo,11,11.8,5.63,4.46,6.58,4.31,10.68,0.7995,0.67,0
V04546,container,12,9.23,0.31,3.94,6.36,6.93,12.17,0.4714,8.12,0
V04547,cargo,10,14.12,2.93,6.94,6.45,8.11,7.81,0.3722,1.78,0
V04548,cargo,9,9.63,8.56,7.63,10.32,5.39,8.35,0.7803,2.82,0
V04549,passenger,10,14.8,4.46,15.93,5.42,6.65,11.26,0.6824,10.84,0
V04550,passenger,11,9.38,14.87,9.46,6.37,1.25,3.29,0.5165,1.65,0
V04551,cargo,7,12.01,8.06,7.13,8.15,12.32,2.89,0.712,3.3,0
V04552,tanker,7,11.34,2.77,6.01,7.11,9.87,6.26,0.4089,3.15,1
V04553,cargo,10,14.07,1.3,4.91,6.07,15.26,5.87,0.318,1.64,0
V04554,cargo,8,12.04,2.12,18.71,5.07,16.38,6.93,0.5794,2.57,0
V04555,container,8,9.36,9.92,20.46,13.16,10.74,7.66,0.7501,8.26,0
V04556,cargo,8,10.83,7.52,8.02,8.5,5.2,10.02,0.1911,2.12,0
V04557,container,9,9.24,0.62,1.97,8.09,7.89,7.52,0.4792,0.1,0
V04558,cargo,4,7.24,7.64,10.36,9.26,4.09,6.8,0.1679,3.34,0
V04559,cargo,12,10.4,5.48,10.1,3.59,4.7,6.97,0.2977,12.18,0
V04560,container,5,10.7,10.85,17.72,2.67,18.59,4.9,0.7178,0.87,1
V04561,cargo,7,15.37,4.34,17.15,6.62,8.84,13.42,0.4248,5.97,0
V04562,passenger,12,12.48,3.52,9.87,7.72,4.21,13.27,0.8601,8.05,0
V04563,container,8,13.82,3.07,14.49,8.37,3.42,8.59,0.3767,2.87,0
V04564,container,12,11.65,3.86,9.69,8.86,10.9,2.85,0.7175,5.86,1
V04565,tanker,1,8.19,5.78,34.03,8.45,9.14,10.27,0.5043,6.72,0
V04566,container,7,13.31,10.05,3.87,5.97,6.76,9.75,0.3416,4.53,0
V04567,tanker,1,9.94,3.96,25.63,7.76,7.45,9.55,0.475,0.03,0
V04568,tanker,11,13.59,5.18,7.18,6.64,10.91,7.67,0.5376,8.46,0
V04569,container,6,9.73,10.87,17.79,9.4,7.43,2.24,0.5512,9.75,0
V04570,cargo,5,4.95,2.95,6.29,8.1,5.3,4.39,0.4945,4.46,0
V04571,passenger,4,17.72,0.35,46.28,1.2,11.6,6.7,0.4933,1.72,0
V04572,container,3,13.25,6.39,2.96,2.07,23.12,7.79,0.6453,3.59,0
V04573,cargo,8,10.25,7.18,1.0,5.25,13.34,6.61,0.6242,5.37,0
V04574,container,11,12.28,4.08,10.36,6.1,12.81,12.21,0.3872,5.76,0
V04575,container,4,11.67,5.46,7.6,8.47,3.74,9.74,0.4642,18.43,0
V04576,cargo,7,10.09,3.32,9.14,2.47,12.84,11.06,0.8374,4.94,0
V04577,container,2,11.77,4.8,20.84,6.76,25.91,7.14,0.3621,1.55,0
V04578,passenger,1,11.77,1.49,8.72,8.15,9.52,10.01,0.7765,1.93,0
V04579,container,6,13.79,3.73,8.17,8.26,19.87,6.35,0.5018,3.26,0
V04580,cargo,4,12.45,4.68,3.01,7.26,2.94,8.49,0.2572,6.36,0
V04581,passenger,4,17.91,3.07,3.41,9.32,11.73,9.22,0.7011,1.97,0
V04582,container,5,7.85,14.0,24.44,9.04,2.25,2.87,0.6048,0.02,0
V04583,cargo,3,13.46,6.8,12.51,7.91,5.27,9.9,0.3661,0.6,0
V04584,container,11,13.52,1.77,8.07,11.39,16.72,8.18,0.3178,0.75,0
V04585,container,4,8.23,6.63,15.6,4.03,9.98,6.74,0.8798,7.87,0
V04586,passenger,7,8.75,1.12,8.59,8.98,4.59,9.07,0.1245,0.39,0
V04587,cargo,9,11.06,8.31,3.96,5.56,14.39,6.38,0.2448,9.18,0
V04588,tanker,4,13.4,6.32,11.71,12.12,13.81,0.3,0.2351,5.77,0
V04589,tanker,12,12.52,5.82,10.97,2.06,17.14,10.42,0.5387,5.59,0
V04590,cargo,5,10.96,9.09,12.68,7.27,1.37,15.0,0.919,1.21,0
V04591,tanker,1,7.96,6.6,19.11,8.38,4.44,6.16,0.1721,2.29,1
V04592,cargo,3,16.87,8.4,9.68,6.43,12.66,7.04,0.4986,14.72,0
V04593,container,12,9.47,9.92,30.36,7.7,6.49,9.22,0.213,0.07,0
V04594,cargo,3,8.32,5.23,7.31,8.72,2.81,8.23,0.1256,3.44,0
V04595,passenger,2,14.53,2.17,12.32,7.68,3.14,10.05,0.8515,4.93,0
V04596,cargo,5,11.19,2.41,12.69,8.96,2.53,4.03,0.4356,0.84,0
V04597,cargo,4,14.54,6.3,5.71,6.46,4.11,6.23,0.4213,4.62,0
V04598,container,1,12.9,5.4,5.5,6.0,13.35,9.46,0.8377,2.61,0
V04599,cargo,2,15.58,3.73,11.37,5.95,6.34,9.32,0.4877,0.23,0
V04600,passenger,7,7.74,2.12,38.22,7.47,18.44,7.35,0.1678,2.29,0
V04601,tanker,6,9.24,0.66,21.81,7.27,13.19,11.19,0.0817,4.08,0
V04602,tanker,3,8.29,3.56,7.79,14.94,3.7,7.76,0.2183,6.73,0
V04603,tanker,11,18.23,5.32,9.24,9.95,9.19,11.36,0.627,12.25,1
V04604,container,2,14.55,2.37,10.35,6.79,19.42,4.46,0.8754,9.28,0
V04605,container,11,15.98,7.17,11.44,3.87,7.69,6.01,0.2802,0.24,0
V04606,container,6,13.91,0.54,17.05,6.25,4.11,7.73,0.9048,0.13,0
V04607,tanker,7,14.6,12.24,6.15,3.18,8.29,8.51,0.7033,0.09,1
V04608,tanker,8,13.68,7.32,8.41,10.59,12.12,9.12,0.7697,8.4,0
V04609,cargo,10,12.53,1.4,12.61,6.11,5.22,7.11,0.2437,0.2,0
V04610,container,8,9.21,10.47,11.09,8.84,2.86,8.74,0.8184,2.3,0
V04611,tanker,5,14.96,15.6,9.31,8.7,9.4,9.78,0.7952,2.84,0
V04612,tanker,10,14.17,8.99,7.38,6.42,3.6,7.55,0.6076,7.64,1
V04613,container,5,11.11,7.65,4.57,8.94,1.51,10.52,0.5062,9.56,0
V04614,cargo,10,13.25,4.14,7.61,6.27,3.62,11.72,0.4439,2.26,0
V04615,passenger,5,11.88,3.03,14.21,9.53,26.68,5.54,0.4933,4.99,0
V04616,container,10,9.52,1.92,16.05,6.65,1.01,14.69,0.4489,0.47,0
V04617,cargo,8,16.3,11.79,7.08,8.15,3.66,7.58,0.37,0.87,0
V04618,passenger,9,9.36,3.0,9.79,6.53,2.86,7.48,0.2648,1.45,1
V04619,cargo,7,13.31,7.0,5.33,8.67,4.43,8.46,0.2485,4.95,0
V04620,tanker,1,18.36,10.33,8.92,7.73,11.06,9.52,0.5802,4.35,0
V04621,tanker,12,6.91,1.72,9.08,8.34,7.41,4.72,0.203,2.79,0
V04622,cargo,12,4.95,13.61,10.47,10.3,1.64,4.98,0.6121,3.5,0
V04623,cargo,3,12.62,7.36,6.97,3.67,5.23,2.07,0.4957,0.21,0
V04624,passenger,12,5.37,4.68,2.54,7.68,11.8,13.18,0.6468,0.83,0
V04625,tanker,3,6.51,1.99,7.52,6.72,8.85,10.42,0.5616,0.55,0
V04626,cargo,7,6.88,4.16,15.54,4.47,2.23,12.88,0.6855,0.45,0
V04627,tanker,12,14.41,4.8,5.1,7.48,14.66,7.11,0.575,1.73,0
V04628,container,8,15.52,2.27,21.53,8.28,26.65,9.63,0.2281,0.14,0
V04629,container,9,10.43,0.06,6.35,7.42,4.65,9.39,0.0479,8.46,0
V04630,cargo,6,12.24,4.01,6.18,8.33,5.53,8.72,0.6165,6.14,0
V04631,cargo,12,9.24,2.4,6.05,7.74,4.31,8.44,0.7384,5.13,0
V04632,tanker,6,10.62,8.76,16.69,8.89,3.66,9.66,0.5029,6.22,0
V04633,cargo,12,13.9,5.51,11.39,4.03,4.56,8.35,0.5721,1.45,0
V04634,cargo,10,11.96,6.83,14.67,8.31,14.57,8.24,0.3251,6.54,0
V04635,cargo,4,15.25,6.24,5.0,7.85,11.88,14.19,0.3778,2.11,0
V04636,cargo,1,15.69,11.94,6.24,6.39,4.44,7.03,0.549,0.21,0
V04637,container,12,7.88,4.16,2.49,7.01,13.42,8.88,0.6363,1.93,0
V04638,container,1,8.58,2.88,8.77,5.68,4.95,10.58,0.532,0.43,0
V04639,container,1,11.44,16.34,4.94,5.77,7.0,8.29,0.6273,0.0,0
V04640,cargo,7,5.55,0.8,10.75,6.44,5.58,9.32,0.5641,10.58,0
V04641,container,5,13.32,6.86,11.37,5.99,9.83,13.76,0.4272,3.41,0
V04642,container,11,11.39,2.16,26.45,4.64,5.68,7.13,0.6894,2.93,0
V04643,passenger,7,8.42,2.9,5.57,7.29,4.92,7.46,0.6654,2.41,1
V04644,cargo,1,15.7,0.84,9.75,11.49,1.88,15.0,0.1654,1.64,0
V04645,tanker,1,11.34,6.89,7.71,6.54,12.16,4.33,0.5598,5.35,0
V04646,tanker,7,11.78,0.59,8.36,5.2,16.27,12.38,0.952,1.0,0
V04647,cargo,4,21.68,2.56,2.63,8.67,13.15,5.67,0.3253,5.83,0
V04648,container,9,14.77,3.4,17.12,8.1,3.89,12.06,0.3498,2.44,0
V04649,container,6,6.44,4.91,21.22,11.38,18.97,7.92,0.2523,0.62,0
V04650,container,12,9.99,6.78,7.27,9.29,5.36,10.33,0.7192,4.49,0
V04651,container,1,7.37,10.99,9.03,10.92,22.81,12.2,0.5779,2.3,0
V04652,cargo,8,12.61,5.84,4.18,8.58,10.09,9.43,0.5464,4.21,0
V04653,passenger,3,11.66,1.62,14.42,6.24,12.9,3.86,0.6379,5.25,0
V04654,container,2,7.31,9.15,21.62,8.26,2.29,13.1,0.2174,10.12,0
V04655,container,1,11.07,12.58,14.04,5.21,12.08,2.29,0.8431,2.04,0
V04656,container,12,9.15,2.08,2.43,5.55,6.39,2.96,0.5604,4.4,0
V04657,cargo,6,12.78,11.95,7.21,5.55,8.41,8.81,0.6098,7.8,0
V04658,container,2,4.31,6.94,9.36,7.49,8.41,7.29,0.8935,3.6,0
V04659,tanker,1,9.01,3.62,13.59,10.24,2.38,4.99,0.5709,4.06,1
V04660,container,6,11.37,2.76,5.37,9.11,9.87,12.7,0.5728,10.58,0
V04661,cargo,7,13.56,3.96,16.22,7.95,10.29,13.09,0.5676,4.06,1
V04662,passenger,10,15.79,8.5,12.86,8.81,8.36,5.03,0.6558,0.15,0
V04663,container,11,11.03,5.16,2.83,6.93,9.89,9.0,0.6666,1.92,0
V04664,container,10,15.63,7.61,6.82,7.36,11.63,11.41,0.5448,5.29,0
V04665,tanker,10,16.01,7.52,21.88,6.75,7.63,6.99,0.6104,4.23,0
V04666,container,1,11.02,6.77,5.23,3.5,16.93,6.93,0.8695,1.35,0
V04667,tanker,3,9.9,4.88,27.01,5.48,4.48,3.69,0.5885,1.09,0
V04668,container,9,13.3,11.48,19.3,6.69,15.91,9.88,0.5417,2.84,0
V04669,tanker,8,12.62,0.24,3.88,13.59,15.95,12.37,0.3901,0.02,0
V04670,container,7,13.21,0.04,2.98,5.53,3.2,5.6,0.9446,4.23,1
V04671,passenger,5,11.06,4.74,6.37,9.31,7.98,6.12,0.7359,1.22,0
V04672,cargo,3,8.67,5.61,17.62,8.6,17.38,9.52,0.5837,1.63,0
V04673,tanker,5,9.67,4.58,5.53,6.47,14.13,9.16,0.5013,17.92,0
V04674,passenger,8,11.05,8.86,23.46,3.6,5.14,9.1,0.5273,11.62,0
V04675,container,8,13.61,17.49,9.78,3.33,3.33,5.9,0.3654,3.5,0
V04676,tanker,12,10.95,0.25,16.33,6.01,5.97,12.28,0.4245,1.26,0
V04677,container,10,9.78,3.36,5.84,7.71,11.47,1.81,0.0887,5.22,0
V04678,cargo,9,10.79,7.03,18.33,7.33,9.63,4.93,0.6482,0.2,0
V04679,tanker,3,5.48,2.42,6.87,6.33,2.1,13.79,0.7958,3.33,0
V04680,passenger,2,11.24,18.05,18.53,9.59,4.41,8.08,0.3642,0.58,0
V04681,cargo,9,13.27,4.62,9.76,3.18,8.86,4.74,0.1203,0.31,0
V04682,tanker,12,11.29,7.14,7.89,9.51,5.38,15.0,0.1604,9.77,0
V04683,passenger,6,7.0,13.21,13.49,10.32,16.02,11.81,0.6803,2.13,0
V04684,container,2,5.67,0.53,9.05,7.05,3.92,9.3,0.7283,1.76,0
V04685,cargo,6,11.99,1.29,5.86,9.67,16.89,13.57,0.2446,1.59,0
V04686,cargo,6,14.69,2.35,15.56,7.33,9.39,7.15,0.1592,1.05,0
V04687,passenger,11,11.57,2.96,8.86,7.78,4.65,11.35,0.5262,2.07,1
V04688,container,10,11.25,7.12,8.36,8.49,11.06,10.97,0.526,4.76,0
V04689,tanker,4,13.46,0.36,4.51,8.31,28.14,2.51,0.5087,0.27,0
V04690,cargo,7,11.02,0.51,1.75,7.74,6.26,4.33,0.34,5.94,0
V04691,cargo,8,9.09,6.57,6.52,10.67,3.67,8.84,0.6087,0.44,0
V04692,container,12,16.07,7.67,4.34,6.08,14.29,9.18,0.3249,4.84,0
V04693,container,6,4.99,2.97,3.1,10.41,10.53,14.03,0.4369,19.01,0
V04694,container,9,7.32,7.09,17.97,5.61,12.68,8.87,0.7191,2.22,0
V04695,tanker,2,12.81,6.32,23.71,8.96,5.47,8.33,0.5895,8.35,0
V04696,cargo,1,9.29,4.32,18.67,9.03,9.65,5.07,0.7254,14.46,0
V04697,container,5,10.81,3.48,28.49,3.55,5.67,11.03,0.5689,2.78,0
V04698,cargo,9,12.42,3.21,9.57,8.02,13.24,6.97,0.5355,7.88,1
V04699,cargo,12,18.31,3.7,25.92,8.71,11.82,6.93,0.5635,1.68,0
V04700,cargo,8,13.41,1.68,5.44,7.95,9.33,9.02,0.4351,0.68,0
V04701,cargo,3,6.35,10.12,4.73,8.58,5.12,6.87,0.7184,1.52,0
V04702,cargo,2,12.52,3.42,39.93,7.97,4.48,13.23,0.4625,10.74,0
V04703,cargo,8,9.71,13.73,23.07,6.59,14.68,10.08,0.4165,4.71,0
V04704,cargo,4,8.22,4.31,6.05,8.59,6.08,6.84,0.3547,1.75,0
V04705,passenger,11,14.2,1.11,7.28,9.63,7.39,9.1,0.2734,13.01,0
V04706,tanker,2,8.67,4.92,19.79,7.62,15.79,8.13,0.6276,3.18,0
V04707,tanker,11,13.0,10.41,4.67,7.79,11.03,9.43,0.6121,0.17,0
V04708,cargo,3,13.15,2.52,15.7,9.25,2.71,0.7,0.6229,7.28,0
V04709,passenger,4,16.25,4.48,10.98,2.61,7.34,5.83,0.1952,4.26,0
V04710,cargo,10,9.91,6.4,7.8,5.49,1.64,8.45,0.18,6.79,0
V04711,container,2,11.35,6.8,19.58,9.46,5.81,6.51,0.5653,4.7,0
V04712,cargo,2,11.45,8.57,1.82,7.47,20.18,10.37,0.4858,1.95,0
V04713,cargo,5,10.27,10.14,1.44,8.03,2.15,8.78,0.551,5.8,1
V04714,container,11,14.94,5.3,12.94,9.05,7.37,9.94,0.8652,5.91,0
V04715,container,2,12.3,0.83,6.69,5.65,29.73,6.19,0.1886,8.44,0
V04716,cargo,5,14.87,1.0,51.58,5.34,7.35,15.0,0.5865,14.38,0
V04717,container,12,9.67,3.96,3.48,9.75,12.18,8.24,0.3043,3.0,0
V04718,passenger,4,9.25,10.3,8.2,6.07,9.21,15.0,0.6632,1.71,0
V04719,tanker,12,10.84,0.53,10.07,7.94,3.28,3.61,0.5184,2.88,0
V04720,container,5,8.21,5.01,2.67,4.19,11.02,2.44,0.2653,6.14,0
V04721,tanker,7,8.13,6.97,8.9,8.04,3.1,7.67,0.3877,0.74,0
V04722,container,5,8.45,6.1,4.76,7.87,13.41,8.23,0.7109,3.46,0
V04723,container,10,13.48,2.75,9.15,4.0,7.88,1.76,0.5013,2.53,0
V04724,tanker,9,13.02,5.7,10.26,5.49,7.93,7.59,0.4046,3.87,0
V04725,container,3,13.56,8.22,10.64,10.22,27.98,11.67,0.1107,11.52,0
V04726,cargo,4,14.43,4.86,29.8,7.16,13.91,5.44,0.2732,3.8,0
V04727,tanker,10,11.19,0.92,3.48,10.24,14.02,11.29,0.6197,8.32,0
V04728,tanker,9,15.56,11.16,9.16,7.47,2.34,9.19,0.6939,10.54,0
V04729,cargo,1,7.85,1.38,17.86,10.85,19.05,13.52,0.633,4.2,0
V04730,container,3,15.03,0.72,4.14,6.91,5.75,11.06,0.7454,6.17,0
V04731,passenger,1,11.68,2.28,3.75,7.85,16.59,7.78,0.9552,7.55,1
V04732,cargo,11,7.64,0.94,9.54,9.5,5.04,7.71,0.1867,7.91,0
V04733,tanker,4,12.57,10.3,8.83,8.75,8.7,11.97,0.5652,2.13,0
V04734,tanker,7,10.0,6.79,29.16,13.74,2.22,12.68,0.8677,3.21,0
V04735,tanker,7,14.17,4.33,3.17,7.63,5.82,11.66,0.3856,1.77,0
V04736,cargo,4,8.84,3.91,1.89,9.63,7.1,14.98,0.8762,2.83,0
V04737,cargo,12,12.62,11.39,15.44,2.94,4.52,7.99,0.9362,1.53,0
V04738,cargo,1,15.33,4.23,8.56,6.01,9.97,7.43,0.5431,1.02,0
V04739,tanker,11,13.57,3.99,1.47,5.73,3.02,7.62,0.6238,3.99,0
V04740,tanker,10,12.48,5.52,5.64,10.75,3.2,10.72,0.7128,4.88,0
V04741,container,10,11.43,4.77,14.56,5.75,3.35,12.04,0.4214,4.53,0
V04742,cargo,6,14.9,13.47,8.66,5.31,25.18,14.63,0.125,0.86,0
V04743,container,4,7.86,7.93,18.39,8.42,21.63,12.49,0.5046,13.28,0
V04744,container,6,14.94,11.02,4.75,9.27,6.98,7.79,0.487,0.41,1
V04745,cargo,1,12.97,2.29,6.36,6.61,3.03,4.15,0.6589,1.21,0
V04746,passenger,9,7.51,1.8,6.78,9.93,7.18,10.0,0.7453,2.25,0
V04747,container,7,8.58,2.2,15.3,5.61,3.53,11.14,0.7034,14.23,0
V04748,cargo,1,9.73,5.12,16.64,7.01,7.39,12.12,0.5264,11.51,0
V04749,passenger,8,12.75,2.25,6.35,9.7,4.36,12.45,0.5506,1.04,0
V04750,tanker,9,9.48,2.02,4.11,7.3,6.4,9.83,0.5385,21.35,0
V04751,container,12,12.9,5.09,8.56,8.39,18.77,12.3,0.1971,3.19,0
V04752,cargo,9,13.44,5.57,3.16,6.82,14.25,2.2,0.329,0.97,0
V04753,passenger,10,7.63,3.28,6.17,5.93,13.92,11.39,0.3565,5.63,0
V04754,tanker,4,13.29,5.16,18.4,7.92,7.03,15.0,0.3009,0.97,0
V04755,passenger,2,7.34,4.19,13.64,4.63,19.18,12.68,0.6899,6.34,0
V04756,container,8,14.64,5.43,12.18,6.32,2.98,14.49,0.3479,1.0,0
V04757,container,8,17.81,0.83,10.76,8.45,12.81,7.49,0.3289,3.13,0
V04758,cargo,8,14.94,7.42,5.38,8.21,5.11,9.14,0.8127,10.33,1
V04759,container,6,16.55,3.11,5.25,7.64,12.32,7.88,0.7525,1.65,0
V04760,passenger,5,12.96,1.16,15.35,8.21,9.2,7.62,0.3159,1.49,0
V04761,tanker,1,16.54,7.51,6.47,9.7,2.27,10.25,0.5998,0.6,0
V04762,container,9,8.55,6.13,4.31,8.66,5.38,10.62,0.4852,4.3,0
V04763,container,11,11.64,0.86,7.88,5.46,20.38,9.51,0.1754,4.15,0
V04764,tanker,10,15.47,0.74,5.02,9.65,6.3,4.92,0.6086,18.35,0
V04765,passenger,8,7.42,15.54,6.16,8.35,5.86,9.55,0.6121,4.9,0
V04766,cargo,9,8.92,2.67,26.34,7.86,19.94,4.44,0.5783,0.02,1
V04767,cargo,6,7.35,6.32,12.11,9.12,3.82,13.91,0.661,2.13,0
V04768,tanker,10,12.07,8.33,14.56,7.82,8.81,12.55,0.4631,2.5,1
V04769,cargo,6,9.06,8.84,8.66,6.46,15.55,8.31,0.228,6.99,0
V04770,tanker,3,10.15,3.18,4.25,11.26,7.33,10.41,0.5451,5.93,0
V04771,container,3,15.53,13.59,59.19,8.4,4.17,6.28,0.0555,1.33,0
V04772,container,4,9.33,10.34,11.13,4.18,6.87,5.65,0.5745,15.77,0
V04773,tanker,11,9.91,8.51,4.97,7.58,12.17,4.47,0.2925,4.95,0
V04774,tanker,3,12.92,1.07,10.03,5.71,13.83,12.94,0.5033,12.18,0
V04775,cargo,1,10.62,4.19,22.78,8.68,27.63,7.51,0.6388,2.53,0
V04776,container,12,15.38,9.23,5.29,8.4,0.21,11.43,0.1927,6.28,0
V04777,cargo,4,12.3,5.54,14.4,5.55,18.82,11.77,0.393,1.9,0
V04778,tanker,12,15.95,0.42,10.31,10.55,0.38,7.45,0.1746,9.52,0
V04779,cargo,12,12.69,6.87,6.69,6.16,7.29,7.02,0.1696,2.71,0
V04780,cargo,11,9.28,3.02,8.8,11.35,5.29,14.27,0.5791,4.44,0
V04781,tanker,6,10.47,6.76,14.04,8.43,20.64,9.07,0.1661,7.2,0
V04782,container,1,12.51,14.37,1.59,7.68,6.11,3.0,0.562,7.31,1
V04783,container,9,11.0,7.15,14.38,5.93,25.67,12.5,0.8235,2.02,0
V04784,cargo,8,10.81,14.85,2.13,3.2,3.36,2.99,0.6026,7.11,0
V04785,cargo,12,5.93,0.95,39.41,4.5,2.1,6.75,0.343,0.62,1
V04786,cargo,7,8.34,2.1,6.41,11.11,5.2,7.12,0.9012,1.97,0
V04787,cargo,3,15.83,11.31,1.77,8.9,15.88,10.77,0.5642,0.2,0
V04788,container,6,9.97,5.9,32.97,8.21,8.34,6.44,0.4543,3.69,0
V04789,cargo,11,7.69,2.99,27.47,10.99,27.6,7.7,0.7217,0.58,0
V04790,cargo,8,13.94,6.59,4.78,6.98,7.64,11.49,0.3932,0.12,0
V04791,container,1,7.95,10.36,18.98,6.16,15.59,11.69,0.2932,6.51,0
V04792,cargo,2,6.97,6.53,15.17,4.31,1.89,8.21,0.427,2.99,0
V04793,cargo,11,8.57,16.14,10.9,7.52,20.27,9.22,0.5903,9.2,0
V04794,tanker,1,12.67,16.81,2.91,9.08,1.26,12.31,0.5422,0.88,0
V04795,tanker,10,11.51,0.24,14.01,6.09,8.51,10.47,0.1889,6.62,0
V04796,cargo,3,8.79,12.54,2.55,3.95,1.37,13.07,0.2704,1.17,0
V04797,container,6,6.58,4.59,12.93,11.84,7.54,2.98,0.6593,9.1,0
V04798,tanker,4,16.85,14.38,9.18,9.0,5.06,14.19,0.6038,2.26,0
V04799,cargo,6,14.47,2.65,3.09,3.83,7.57,6.74,0.9492,4.07,0
V04800,tanker,12,12.7,7.42,4.4,11.55,22.84,11.28,0.4224,1.97,1
V04801,container,5,11.58,7.23,12.0,11.2,2.56,8.29,0.6631,0.19,0
V04802,passenger,8,11.31,7.83,35.28,5.86,3.91,4.33,0.8551,4.91,1
V04803,container,1,10.76,5.69,5.59,7.79,9.71,11.88,0.6203,0.67,0
V04804,passenger,11,6.89,1.05,14.98,7.46,1.65,8.66,0.7759,2.33,0
V04805,tanker,3,6.92,0.25,2.47,6.44,11.99,13.04,0.4114,0.81,0
V04806,container,12,19.13,1.34,7.04,8.31,6.45,6.81,0.708,10.43,1
V04807,passenger,12,11.82,2.09,9.39,2.09,12.08,5.45,0.3648,10.9,0
V04808,tanker,9,12.79,4.6,14.97,6.62,13.36,9.88,0.3023,4.92,0
V04809,cargo,12,11.55,4.54,4.87,8.34,3.21,7.67,0.3869,0.02,1
V04810,passenger,2,11.49,0.67,28.09,6.36,12.22,11.07,0.6384,0.48,0
V04811,tanker,9,14.15,2.71,7.93,6.8,5.68,9.86,0.7551,8.27,0
V04812,passenger,8,12.41,1.9,15.92,7.04,7.33,9.04,0.5254,11.42,0
V04813,container,10,8.86,1.8,6.83,6.79,8.6,10.31,0.6476,0.15,0
V04814,container,2,5.22,5.44,2.83,11.37,7.57,11.98,0.4216,2.38,0
V04815,container,10,10.52,0.83,9.16,5.02,12.88,8.59,0.4567,0.66,0
V04816,tanker,9,16.85,1.13,4.17,7.1,9.32,12.14,0.562,0.75,0
V04817,cargo,8,16.24,2.85,21.07,6.12,9.71,8.57,0.4414,1.75,0
V04818,container,10,14.25,0.08,5.98,5.16,18.37,7.06,0.2477,10.42,0
V04819,container,2,15.34,2.53,9.85,5.23,4.59,8.39,0.1011,3.52,0
V04820,cargo,4,3.49,16.0,5.97,5.26,15.04,9.2,0.1958,2.36,0
V04821,container,3,5.76,1.15,23.66,5.34,35.6,7.13,0.226,0.68,1
V04822,cargo,7,13.87,2.59,6.8,9.99,2.77,5.62,0.2802,3.48,0
V04823,tanker,9,6.27,8.31,9.49,9.34,8.64,6.97,0.4765,10.96,1
V04824,cargo,2,22.17,3.67,11.18,5.05,25.48,14.26,0.2713,5.82,0
V04825,passenger,8,12.6,4.5,2.86,7.02,7.53,6.06,0.3952,0.39,0
V04826,cargo,1,14.14,0.86,10.84,10.93,28.02,9.29,0.2388,2.23,0
V04827,tanker,10,10.34,12.9,26.97,5.1,1.72,11.21,0.6019,4.36,0
V04828,cargo,3,15.28,3.84,1.95,1.2,19.4,8.24,0.0344,9.37,0
V04829,container,9,13.63,12.97,23.65,7.16,6.28,7.54,0.2218,6.57,0
V04830,cargo,5,15.37,3.29,6.19,10.45,3.33,4.95,0.3807,3.99,0
V04831,container,6,11.37,4.41,8.54,4.51,1.99,7.99,0.7299,2.87,0
V04832,cargo,7,9.11,5.99,6.95,8.45,1.88,10.22,0.5201,2.78,0
V04833,cargo,8,10.25,7.54,9.61,4.61,6.74,6.67,0.5584,5.64,0
V04834,container,10,10.76,0.95,4.76,5.41,3.05,11.06,0.406,17.88,0
V04835,cargo,7,9.02,0.64,13.08,12.13,11.97,12.57,0.5353,9.33,0
V04836,container,7,11.35,0.56,4.32,6.96,3.81,5.08,0.3601,1.77,0
V04837,tanker,7,17.97,2.14,3.15,4.27,7.08,8.08,0.6852,4.06,0
V04838,cargo,4,14.6,6.95,12.1,7.23,7.77,5.84,0.2503,0.04,0
V04839,tanker,9,14.52,1.81,38.19,4.14,3.47,6.75,0.5801,8.4,0
V04840,cargo,7,8.2,4.9,12.4,8.43,5.12,12.03,0.4786,0.74,0
V04841,tanker,7,7.01,0.1,24.55,5.68,11.61,3.49,0.3686,3.92,0
V04842,container,6,14.22,4.97,3.63,8.42,10.0,7.14,0.5819,5.67,0
V04843,cargo,1,9.92,4.72,16.05,8.48,1.99,7.29,0.9044,6.11,0
V04844,tanker,8,15.97,0.24,12.41,4.41,4.47,11.82,0.4603,11.64,0
V04845,container,4,9.34,4.34,8.59,7.32,24.45,9.51,0.9628,4.58,0
V04846,cargo,10,11.16,3.44,7.48,11.41,16.73,5.63,0.6341,1.19,0
V04847,tanker,8,7.07,7.1,3.26,8.65,2.8,11.72,0.4648,1.66,0
V04848,passenger,4,6.68,0.22,10.35,9.44,4.59,4.16,0.188,0.34,0
V04849,cargo,5,12.4,2.68,23.01,3.25,5.75,6.14,0.3502,0.94,0
V04850,container,7,13.57,6.13,48.02,6.92,10.05,7.54,0.7449,3.09,0
V04851,passenger,3,17.98,0.35,15.55,10.46,4.73,3.35,0.5935,0.33,0
V04852,cargo,5,21.12,1.05,3.54,11.57,2.58,3.7,0.4713,1.03,0
V04853,cargo,2,11.26,2.51,6.29,4.88,14.65,8.64,0.6177,1.2,0
V04854,container,3,12.54,0.95,7.66,5.2,2.89,9.48,0.4945,1.77,0
V04855,container,8,9.27,2.12,14.63,8.47,3.4,11.29,0.3265,3.69,0
V04856,tanker,6,12.07,5.87,1.11,7.41,17.49,6.36,0.4258,2.93,0
V04857,tanker,11,11.6,2.74,6.65,5.65,4.65,10.71,0.7571,4.77,0
V04858,tanker,4,12.41,0.94,5.99,6.2,1.7,10.35,0.5637,13.68,0
V04859,cargo,2,12.95,5.95,7.46,9.47,1.63,11.34,0.8505,0.11,0
V04860,tanker,5,12.14,7.43,18.92,6.67,17.94,12.39,0.7712,11.2,0
V04861,tanker,9,13.37,8.65,4.66,6.83,5.95,6.2,0.2875,5.67,0
V04862,passenger,9,10.3,2.98,11.45,3.88,10.37,9.3,0.3866,4.81,0
V04863,container,5,15.32,10.09,3.52,6.41,9.97,7.01,0.3404,0.92,0
V04864,tanker,11,7.66,3.97,24.53,7.34,16.75,9.65,0.3767,7.18,0
V04865,cargo,11,13.82,6.38,9.45,6.23,5.35,3.91,0.5854,1.29,0
V04866,container,12,9.89,0.67,7.5,9.14,7.34,8.98,0.5075,0.29,0
V04867,tanker,3,6.59,13.75,10.95,7.69,27.02,9.73,0.389,2.09,1
V04868,cargo,6,11.59,1.4,33.87,4.27,2.12,8.71,0.5987,3.79,0
V04869,cargo,9,11.94,4.81,21.07,7.33,15.72,7.63,0.6709,1.56,0
V04870,cargo,9,8.55,3.0,10.12,9.43,2.04,9.0,0.2665,4.17,0
V04871,tanker,4,10.57,7.57,5.3,5.58,5.11,6.38,0.964,5.07,0
V04872,cargo,12,10.02,0.93,18.01,10.01,2.79,7.06,0.8269,2.28,0
V04873,cargo,6,11.06,6.29,23.97,5.09,29.74,12.92,0.2559,2.23,0
V04874,cargo,10,11.3,3.51,1.14,10.28,12.69,8.74,0.6899,10.86,0
V04875,tanker,4,15.2,6.37,10.82,8.85,17.22,8.08,0.5166,6.42,0
V04876,cargo,8,10.57,0.93,2.1,5.47,4.34,9.5,0.5812,1.85,1
V04877,cargo,7,11.01,3.81,13.78,6.79,10.52,5.09,0.8402,0.43,0
V04878,container,2,10.15,0.46,6.94,6.46,5.45,5.85,0.2863,12.18,0
V04879,tanker,11,14.41,8.77,7.29,8.02,7.21,4.24,0.4803,2.39,0
V04880,cargo,10,10.68,1.05,5.18,9.39,25.51,9.3,0.5948,0.27,0
V04881,container,6,13.97,1.51,21.68,6.09,16.85,11.11,0.3821,5.89,0
V04882,passenger,4,6.78,3.96,2.84,3.96,16.35,12.49,0.7752,0.23,0
V04883,tanker,12,9.84,3.5,13.36,5.81,6.55,8.37,0.4665,9.54,0
V04884,cargo,12,10.93,5.1,18.64,9.3,10.9,4.64,0.6462,6.23,0
V04885,cargo,7,13.28,4.47,7.99,3.69,2.0,9.37,0.6473,3.64,0
V04886,container,7,8.55,9.38,6.24,6.63,21.73,6.56,0.6075,7.52,0
V04887,tanker,3,12.19,10.45,10.79,5.24,8.32,7.69,0.8957,11.27,0
V04888,tanker,6,14.63,0.88,2.54,6.61,17.2,6.11,0.8498,1.03,0
V04889,tanker,11,10.72,11.95,12.38,5.59,6.14,10.66,0.3502,2.32,0
V04890,cargo,8,16.13,3.22,8.43,6.54,3.04,9.65,0.9383,0.0,0
V04891,cargo,9,10.73,0.53,4.71,6.46,4.69,8.7,0.3319,1.97,0
V04892,tanker,2,8.62,6.92,1.17,7.64,12.12,15.0,0.8681,8.13,0
V04893,cargo,5,12.45,8.01,10.69,7.42,4.06,7.33,0.7192,5.28,0
V04894,cargo,12,16.41,5.06,24.38,6.54,18.06,4.88,0.4777,0.67,0
V04895,cargo,11,5.03,8.72,3.07,10.27,4.74,8.69,0.1351,0.37,0
V04896,cargo,4,12.93,2.63,3.26,5.65,6.25,11.93,0.5369,1.04,0
V04897,cargo,10,7.75,3.25,3.26,3.47,3.15,5.3,0.236,1.55,0
V04898,cargo,6,13.8,9.16,9.75,7.54,21.5,2.85,0.5551,2.02,1
V04899,tanker,9,10.58,3.06,6.61,10.29,8.17,6.15,0.9287,5.84,0
V04900,tanker,6,7.49,2.15,14.81,5.86,6.78,5.41,0.56,8.47,0
V04901,passenger,7,17.88,4.3,3.26,6.77,5.38,9.0,0.551,6.72,0
V04902,passenger,8,9.38,1.87,4.26,9.94,2.16,8.6,0.8216,5.46,0
V04903,tanker,7,6.66,2.79,19.02,7.92,3.44,13.78,0.46,0.0,0
V04904,cargo,8,11.81,4.05,31.18,8.98,22.67,8.09,0.1938,0.44,0
V04905,tanker,7,11.09,14.17,3.84,11.21,1.69,12.33,0.6443,1.74,0
V04906,cargo,3,3.17,1.66,6.43,5.21,30.55,2.7,0.4586,16.38,0
V04907,container,9,12.31,0.29,8.81,9.33,5.72,2.2,0.3604,3.83,0
V04908,container,8,10.2,3.2,9.48,10.36,10.63,9.32,0.5854,2.52,0
V04909,container,5,12.83,1.89,10.4,5.88,2.9,7.01,0.215,22.72,0
V04910,cargo,2,13.66,16.0,7.9,7.49,15.26,4.65,0.456,0.44,0
V04911,container,5,11.85,5.44,4.46,4.26,7.3,10.27,0.503,7.35,0
V04912,container,7,8.96,0.87,12.09,7.71,0.91,13.91,0.5895,0.04,0
V04913,tanker,7,10.25,7.43,2.02,6.55,8.16,2.55,0.4758,3.6,0
V04914,cargo,1,15.64,4.19,7.25,7.18,1.69,8.39,0.6302,8.5,0
V04915,container,2,12.66,11.59,6.2,5.89,10.39,5.79,0.7752,3.25,0
V04916,cargo,2,5.75,5.02,7.39,8.01,6.84,11.05,0.6248,0.73,0
V04917,container,4,12.72,1.6,5.9,7.9,10.17,9.3,0.8871,2.16,0
V04918,container,12,14.47,6.81,18.4,10.13,10.42,12.04,0.4842,4.09,0
V04919,cargo,2,12.75,3.01,3.68,10.54,25.37,13.18,0.7236,20.35,0
V04920,container,1,14.79,5.57,9.98,9.55,8.34,10.82,0.3581,2.01,0
V04921,cargo,7,10.38,4.17,8.37,9.06,4.7,6.66,0.7932,10.29,0
V04922,passenger,4,6.33,0.31,10.31,9.36,3.84,7.86,0.576,0.83,0
V04923,cargo,3,13.22,4.84,7.56,8.32,3.09,10.31,0.4787,10.87,0
V04924,container,11,11.34,11.78,5.01,8.52,32.6,4.24,0.6312,6.36,0
V04925,cargo,11,12.02,8.49,2.75,10.14,6.16,6.65,0.8804,5.65,0
V04926,passenger,5,20.56,3.31,4.53,9.66,8.43,7.35,0.7871,2.7,1
V04927,passenger,9,7.9,6.37,12.49,4.91,0.88,8.43,0.1215,3.25,0
V04928,container,10,11.09,1.76,1.81,8.74,7.52,15.0,0.221,0.76,0
V04929,container,9,13.45,2.31,8.67,5.41,6.14,6.0,0.0751,1.28,0
V04930,container,7,11.22,5.45,2.53,4.49,1.13,7.68,0.5097,5.89,0
V04931,container,3,13.11,10.38,5.93,6.29,4.4,11.85,0.4302,0.94,0
V04932,passenger,11,10.46,0.41,7.85,9.34,8.37,9.52,0.456,0.7,0
V04933,cargo,9,12.42,7.01,5.8,8.31,8.21,5.57,0.6094,3.69,0
V04934,tanker,6,4.34,0.45,4.97,4.48,2.89,9.82,0.6285,3.1,0
V04935,passenger,12,15.74,8.77,12.0,13.42,9.29,7.27,0.9254,1.82,0
V04936,cargo,10,14.45,10.71,24.21,7.98,30.64,10.41,0.6185,0.91,0
V04937,container,7,10.21,17.53,6.55,8.16,13.28,9.29,0.3519,0.73,0
V04938,container,1,12.42,2.12,7.29,7.47,4.97,13.04,0.4156,15.71,0
V04939,passenger,12,17.96,10.48,10.5,8.0,2.4,11.6,0.5133,5.07,0
V04940,cargo,1,13.32,9.15,32.05,8.29,11.83,6.77,0.4249,1.87,0
V04941,passenger,9,11.18,1.93,4.82,6.32,8.68,10.41,0.426,0.13,0
V04942,container,8,16.07,6.45,51.4,8.04,8.48,11.31,0.4151,4.31,0
V04943,container,5,12.22,0.6,3.99,9.8,2.72,5.05,0.6684,6.13,0
V04944,tanker,8,2.52,0.96,6.53,2.28,6.63,10.11,0.6985,1.56,0
V04945,cargo,1,17.95,6.11,12.25,9.35,5.69,3.55,0.5509,2.64,0
V04946,cargo,12,6.7,4.18,12.52,5.82,5.27,8.08,0.763,10.27,0
V04947,cargo,8,8.66,6.32,19.09,7.58,5.45,7.07,0.1672,4.81,0
V04948,passenger,11,5.26,10.39,10.38,7.89,5.29,3.69,0.2762,5.83,0
V04949,tanker,1,9.55,0.2,5.22,5.65,2.78,12.31,0.6186,3.98,0
V04950,cargo,1,11.35,0.9,12.15,7.76,7.3,9.54,0.3205,0.77,0
V04951,passenger,12,11.86,7.19,24.37,5.66,6.8,8.47,0.7089,4.32,0
V04952,cargo,9,9.58,6.37,13.44,10.6,15.25,15.0,0.6929,11.57,0
V04953,container,3,11.12,1.24,8.5,6.01,9.49,11.92,0.4932,2.9,0
V04954,container,8,14.37,2.23,10.77,9.48,1.57,7.06,0.4772,10.26,0
V04955,passenger,10,13.61,10.74,17.26,7.14,4.34,8.13,0.5199,12.76,0
V04956,cargo,3,14.49,4.45,9.49,7.66,6.94,5.51,0.1999,5.05,0
V04957,container,11,4.46,2.4,3.54,7.71,11.36,11.21,0.6669,13.91,0
V04958,passenger,3,8.34,1.13,26.93,8.17,1.27,9.32,0.5567,4.55,0
V04959,cargo,1,10.17,10.79,19.05,5.87,22.21,3.86,0.5955,0.4,1
V04960,container,7,8.56,5.62,6.46,6.46,12.67,8.81,0.6417,1.14,0
V04961,cargo,4,14.24,0.31,5.76,6.35,19.33,8.96,0.1852,5.4,0
V04962,passenger,10,14.87,0.47,27.49,7.88,1.95,11.32,0.358,0.8,0
V04963,container,12,14.91,4.19,9.73,4.49,15.15,8.86,0.6447,6.5,0
V04964,passenger,12,6.41,6.18,28.38,7.83,4.24,6.85,0.6836,1.14,0
V04965,cargo,5,5.52,1.45,17.54,6.43,10.66,14.77,0.757,1.45,0
V04966,container,4,6.79,10.19,11.24,4.09,3.81,9.66,0.7499,3.44,0
V04967,tanker,5,13.22,2.88,10.94,9.39,5.42,10.28,0.2456,2.27,0
V04968,cargo,11,7.96,12.82,1.48,5.28,1.56,12.05,0.4977,8.28,0
V04969,cargo,11,11.42,4.58,32.25,10.3,7.34,6.8,0.891,0.8,0
V04970,passenger,11,12.12,4.62,8.24,7.98,5.88,14.03,0.2742,1.06,0
V04971,tanker,3,11.76,4.58,51.72,6.08,4.24,9.83,0.8918,11.09,0
V04972,cargo,11,6.45,6.1,6.21,11.77,7.83,8.98,0.1914,2.24,0
V04973,passenger,8,6.52,5.39,4.33,6.86,3.12,9.62,0.5167,1.53,0
V04974,tanker,12,5.01,12.62,5.97,6.43,6.32,5.12,0.7293,6.35,0
V04975,container,5,15.31,1.53,5.19,9.4,4.74,8.56,0.5327,9.05,0
V04976,container,8,7.79,3.62,19.02,12.5,3.27,12.85,0.7949,0.62,0
V04977,container,5,9.29,11.3,9.39,4.51,7.0,8.73,0.5336,16.24,0
V04978,cargo,3,9.54,7.96,17.48,11.96,4.63,8.57,0.9598,13.34,1
V04979,tanker,3,15.6,3.79,2.41,6.05,13.74,7.94,0.5143,0.18,0
V04980,cargo,6,12.51,2.55,20.98,5.52,3.84,9.85,0.6058,1.32,0
V04981,container,11,11.82,5.12,26.97,8.05,4.51,10.28,0.741,0.12,0
V04982,cargo,6,11.52,4.49,12.04,10.8,3.46,4.5,0.894,1.1,0
V04983,cargo,2,7.48,0.04,34.66,3.42,7.22,8.45,0.8803,2.03,0
V04984,container,1,11.23,6.9,5.48,9.02,10.95,11.25,0.8335,13.5,0
V04985,passenger,1,15.63,0.75,15.66,7.53,1.47,12.65,0.496,1.15,0
V04986,passenger,12,16.74,2.71,31.06,5.93,8.34,6.45,0.1593,9.97,0
V04987,tanker,4,13.08,0.09,20.81,9.33,22.24,4.92,0.5611,0.69,0
V04988,container,5,6.41,1.28,26.11,5.93,12.11,8.31,0.5844,1.46,0
V04989,container,4,11.33,3.16,8.19,5.91,16.73,7.45,0.8375,1.53,0
V04990,cargo,10,6.51,3.98,7.52,10.78,2.25,1.7,0.2929,8.89,0
V04991,cargo,9,9.89,11.76,29.85,9.07,16.23,12.64,0.2522,7.93,0
V04992,cargo,7,8.67,4.61,17.61,7.92,3.2,5.33,0.4473,1.11,0
V04993,container,5,14.17,6.25,21.33,6.65,14.69,7.9,0.5916,3.75,0
V04994,cargo,12,7.26,12.72,11.34,4.64,5.6,9.64,0.6205,2.89,0
V04995,tanker,3,7.51,2.25,15.05,6.24,12.09,11.52,0.758,4.92,0
V04996,container,8,12.35,8.55,4.44,6.28,5.0,13.68,0.4174,1.32,0
V04997,tanker,11,15.93,8.22,10.58,9.22,24.82,5.91,0.9847,2.68,0
V04998,tanker,2,15.64,9.03,12.63,12.56,25.6,13.29,0.6012,1.76,0
V04999,container,12,10.65,6.48,17.01,8.88,3.23,7.19,0.5389,5.7,0
V05000,tanker,8,13.63,9.17,3.92,7.11,2.17,7.19,0.7423,7.04,0
V05001,cargo,7,16.73,1.01,9.5,6.8,3.09,10.86,0.5141,5.64,0
V05002,cargo,6,6.93,2.62,10.22,6.51,19.93,6.72,0.2393,5.09,0
V05003,tanker,12,15.28,0.86,3.77,7.0,10.11,10.97,0.509,1.85,0
V05004,container,3,6.76,1.99,15.06,6.75,7.44,8.41,0.5821,2.56,0
V05005,cargo,2,13.28,3.46,39.37,10.3,11.13,8.59,0.6913,1.92,0
V05006,container,1,15.3,4.87,13.03,8.28,18.45,8.84,0.8082,0.23,0
V05007,container,11,4.78,2.09,4.75,9.19,7.87,7.87,0.1365,1.02,0
V05008,cargo,10,14.52,5.25,6.2,6.48,12.08,9.23,0.4236,11.61,0
V05009,cargo,2,12.61,4.99,7.37,6.73,7.54,6.48,0.1293,4.48,0
V05010,passenger,12,13.55,2.79,13.91,5.6,3.31,10.15,0.9052,2.48,0
V05011,container,5,12.22,8.59,10.78,5.77,1.41,4.91,0.727,4.71,0
V05012,cargo,6,12.92,4.55,3.89,5.78,11.8,15.0,0.5344,0.1,0
V05013,passenger,12,11.16,9.03,20.16,7.38,7.86,7.69,0.6871,8.4,0
V05014,passenger,9,10.61,11.26,22.63,9.5,9.34,4.25,0.5253,3.33,0
V05015,cargo,10,9.34,15.72,19.55,5.63,4.09,10.84,0.5362,0.78,0
V05016,cargo,4,15.02,7.39,24.9,9.1,14.32,12.79,0.6584,1.7,0
V05017,cargo,9,11.29,1.69,10.4,10.61,10.27,13.73,0.6232,8.98,0
V05018,cargo,10,16.57,10.61,13.37,7.24,7.01,9.1,0.3499,2.53,0
V05019,container,7,14.6,3.36,11.05,5.0,16.7,7.2,0.4036,4.42,0
V05020,tanker,9,8.54,0.07,3.38,8.49,8.96,12.03,0.5015,0.38,0
V05021,cargo,5,10.43,0.83,15.7,2.56,12.16,6.82,0.3494,5.29,0
V05022,tanker,4,7.05,5.29,8.45,9.73,7.44,7.37,0.7118,1.86,0
V05023,tanker,6,12.62,1.49,9.15,9.44,9.87,5.47,0.9178,2.19,0
V05024,cargo,8,8.1,7.87,11.51,6.11,3.19,7.67,0.721,9.97,0
V05025,cargo,9,15.67,2.12,12.84,4.95,2.4,9.21,0.6104,1.81,0
V05026,container,6,15.34,3.28,5.24,8.48,7.4,7.42,0.7806,0.92,0
V05027,passenger,3,16.97,2.67,5.92,6.37,20.41,8.35,0.7031,0.55,0
V05028,cargo,11,6.55,1.98,4.35,8.53,11.45,9.51,0.8084,0.9,0
V05029,cargo,1,16.1,6.04,23.62,7.23,9.43,12.37,0.5706,14.51,0
V05030,cargo,5,9.47,4.96,12.23,9.94,5.12,8.1,0.3456,6.9,0
V05031,container,7,15.47,3.97,16.19,6.27,9.97,8.16,0.0612,0.88,0
V05032,cargo,1,13.52,10.66,3.54,6.19,7.38,8.51,0.609,8.12,0
V05033,tanker,11,16.0,15.3,9.05,6.69,9.14,6.69,0.3258,1.52,1
V05034,cargo,5,11.92,5.76,25.98,7.13,2.23,12.58,0.5805,1.03,0
V05035,tanker,6,10.87,0.46,3.28,7.78,11.78,11.65,0.4929,5.45,0
V05036,container,9,7.93,3.73,12.41,7.29,0.6,9.87,0.4368,0.05,0
V05037,container,2,8.31,2.5,27.22,10.11,10.17,6.53,0.7249,1.38,0
V05038,tanker,12,15.41,3.75,19.24,5.06,3.81,4.19,0.3931,4.7,0
V05039,cargo,6,14.22,7.51,6.9,6.36,2.99,7.54,0.5826,0.73,0
V05040,cargo,2,6.72,4.96,9.25,6.62,2.3,7.21,0.2722,0.29,0
V05041,tanker,12,16.82,2.95,5.8,10.83,7.56,5.04,0.5938,0.85,0
V05042,container,11,13.7,8.63,22.96,9.3,19.59,12.14,0.2979,3.19,0
V05043,passenger,7,11.29,11.68,5.82,8.87,8.19,7.81,0.6011,4.13,0
V05044,container,8,5.28,18.43,4.13,7.97,5.05,7.18,0.1422,7.59,0
V05045,cargo,12,8.53,11.24,2.59,7.0,10.57,6.37,0.257,7.48,0
V05046,tanker,8,13.66,6.09,2.32,5.17,13.7,6.94,0.2748,2.66,0
V05047,container,8,16.0,10.78,16.94,8.72,15.05,7.05,0.2935,7.51,0
V05048,passenger,10,11.36,0.6,10.43,4.89,8.78,5.11,0.8339,0.22,0
V05049,container,7,14.0,4.09,9.12,9.05,20.13,6.7,0.6323,0.14,0
V05050,cargo,1,14.5,0.03,7.37,8.82,11.34,8.38,0.6311,6.36,0
V05051,cargo,6,14.45,5.19,3.91,8.48,4.32,4.94,0.8248,0.11,0
V05052,cargo,12,7.79,1.94,7.97,8.22,6.36,3.59,0.6738,2.15,0
V05053,cargo,11,7.61,7.61,4.7,5.6,13.92,10.63,0.7542,2.53,0
V05054,cargo,2,12.43,10.91,29.98,8.07,26.69,8.89,0.1917,0.79,0
V05055,passenger,5,13.93,4.1,5.25,7.96,9.46,11.06,0.5263,0.26,0
V05056,cargo,1,9.34,12.48,16.55,7.32,7.59,6.44,0.1383,11.88,0
V05057,cargo,3,11.3,18.27,18.35,7.54,5.93,9.17,0.8878,1.73,1
V05058,passenger,2,1.03,0.74,19.8,5.93,4.82,11.02,0.3551,0.58,0
V05059,cargo,9,4.53,13.22,9.08,8.1,10.58,6.83,0.8017,0.95,0
V05060,cargo,2,11.95,7.4,25.41,5.54,2.18,6.93,0.5684,3.43,0
V05061,container,3,14.91,5.51,12.1,6.13,10.19,10.02,0.119,1.33,0
V05062,cargo,12,17.71,10.83,12.5,5.14,14.95,6.17,0.7403,8.27,0
V05063,container,1,10.04,10.58,1.76,7.28,10.44,7.94,0.4618,0.47,0
V05064,container,7,11.56,6.36,5.34,9.51,6.2,9.66,0.9172,1.9,0
V05065,cargo,11,8.49,3.69,13.5,8.19,0.95,8.13,0.3649,8.81,0
V05066,cargo,5,14.4,7.36,1.0,5.94,2.18,12.42,0.9211,1.53,0
V05067,container,6,12.79,2.15,8.76,9.78,2.34,3.3,0.104,2.78,0
V05068,container,11,8.87,0.76,4.06,6.21,9.69,11.37,0.2988,1.05,0
V05069,cargo,7,10.91,0.41,17.12,7.15,5.78,3.86,0.5705,7.87,0
V05070,cargo,4,12.77,3.78,19.99,6.33,5.48,3.56,0.4178,9.81,0
V05071,tanker,10,10.13,3.82,4.51,6.31,14.68,12.49,0.4621,1.96,0
V05072,tanker,10,9.11,10.84,28.62,10.72,3.49,8.51,0.283,16.34,0
V05073,container,8,15.58,3.27,16.85,5.28,4.23,15.0,0.6998,9.35,0
V05074,container,3,8.25,2.8,1.62,7.29,16.35,2.68,0.5036,1.99,0
V05075,tanker,8,15.01,7.47,20.39,9.7,3.15,6.22,0.3525,4.86,0
V05076,container,8,15.23,10.55,15.6,5.75,4.11,6.55,0.1275,0.96,0
V05077,container,8,9.47,2.11,8.21,6.52,15.51,10.99,0.1953,1.55,0
V05078,container,7,13.5,4.79,16.46,5.68,2.35,7.26,0.2987,1.85,1
V05079,container,2,14.41,15.45,10.16,7.51,10.3,11.86,0.7476,2.35,0
V05080,cargo,2,8.8,2.75,11.65,6.44,6.79,8.81,0.5282,3.09,0
V05081,passenger,10,8.66,2.76,7.45,6.84,7.21,10.22,0.7025,1.77,0
V05082,cargo,5,5.96,2.11,8.25,7.85,6.33,8.67,0.3924,3.19,0
V05083,cargo,4,11.61,7.59,3.69,6.72,6.55,4.58,0.8635,4.38,0
V05084,container,10,12.41,6.69,8.92,6.35,16.52,9.72,0.768,2.95,0
V05085,container,2,14.06,15.27,7.23,9.3,17.3,8.77,0.6415,0.41,1
V05086,passenger,12,7.32,3.34,1.21,7.09,7.33,11.93,0.6772,5.55,0
V05087,tanker,7,8.21,8.13,8.45,7.74,3.09,0.94,0.4123,3.94,0
V05088,cargo,11,7.84,2.73,5.19,7.74,3.01,9.69,0.5389,3.31,0
V05089,container,3,13.03,3.68,3.56,6.69,6.35,14.19,0.5157,0.64,0
V05090,cargo,5,14.61,15.93,4.64,8.32,30.3,8.88,0.85,3.26,0
V05091,container,2,11.52,0.07,3.28,7.21,5.29,11.16,0.7987,0.7,0
V05092,tanker,10,10.61,13.37,29.32,8.17,12.89,7.76,0.6072,22.86,0
V05093,cargo,3,11.33,1.91,3.95,6.96,4.87,11.1,0.4054,0.38,0
V05094,container,12,9.63,1.78,24.89,7.12,16.55,3.74,0.3208,1.95,0
V05095,passenger,9,6.23,6.61,42.96,10.99,2.11,4.27,0.7041,5.69,0
V05096,cargo,12,9.04,6.46,2.75,10.41,13.5,8.56,0.3606,1.04,0
V05097,tanker,4,11.77,4.73,1.37,3.17,9.11,6.1,0.557,7.05,1
V05098,tanker,10,13.94,0.02,7.33,7.72,8.59,9.82,0.3008,0.26,0
V05099,cargo,1,7.81,4.87,6.63,9.31,24.05,15.0,0.4862,0.88,0
V05100,cargo,4,13.18,1.05,4.8,7.23,15.91,5.64,0.5157,1.8,0
V05101,container,3,12.05,0.02,9.28,9.0,4.89,4.03,0.6766,2.51,0
V05102,cargo,2,9.43,12.79,7.13,12.37,14.84,15.0,0.3258,2.41,0
V05103,cargo,10,13.97,10.17,19.47,7.82,9.85,12.79,0.2507,21.4,0
V05104,cargo,4,9.81,4.93,22.42,6.31,15.34,5.45,0.3521,0.26,0
V05105,container,8,8.65,15.87,16.56,6.65,14.17,8.37,0.4084,1.12,0
V05106,cargo,10,10.51,1.88,18.94,8.43,4.74,9.04,0.5886,1.78,0
V05107,tanker,10,10.92,10.78,5.45,9.95,17.54,8.9,0.7294,1.63,0
V05108,passenger,1,13.2,0.94,7.51,9.21,2.67,8.81,0.8168,5.89,0
V05109,container,10,12.07,4.32,10.24,8.41,13.43,9.53,0.6215,2.58,0
V05110,container,1,8.25,18.54,6.94,7.59,8.6,7.66,0.1588,1.69,0
V05111,container,2,8.34,9.32,30.32,8.45,3.62,6.75,0.6293,2.72,0
V05112,tanker,4,9.58,0.19,7.05,9.8,5.08,2.25,0.3383,2.09,0
V05113,passenger,8,15.61,8.84,4.28,6.5,18.52,9.52,0.4154,3.7,0
V05114,passenger,6,9.18,5.88,41.29,6.46,8.88,8.36,0.8044,0.51,0
V05115,container,1,6.85,10.92,19.89,9.43,8.75,14.03,0.456,7.3,0
V05116,tanker,5,11.24,5.76,4.22,8.02,3.88,11.49,0.8707,3.1,0
V05117,tanker,9,12.66,3.19,7.15,5.8,6.87,8.83,0.268,0.95,0
V05118,cargo,10,6.89,11.75,8.06,9.69,13.53,11.6,0.6455,2.02,0
V05119,tanker,6,10.18,2.86,13.28,8.57,6.54,11.63,0.3759,2.17,0
V05120,cargo,10,12.66,6.74,6.56,8.14,6.37,7.96,0.4647,4.18,0
V05121,container,10,11.76,6.4,9.4,9.61,5.91,3.53,0.74,1.3,0
V05122,container,6,16.03,6.43,3.97,9.41,8.44,3.77,0.2452,4.29,0
V05123,container,4,12.15,2.91,8.91,2.67,15.29,7.55,0.4394,0.61,1
V05124,cargo,2,18.29,10.54,11.44,12.48,7.81,4.42,0.7423,8.96,0
V05125,container,12,13.81,3.74,9.88,7.54,8.9,8.12,0.8422,0.15,0
V05126,passenger,1,10.81,4.47,7.6,3.47,10.57,11.76,0.3848,4.89,0
V05127,cargo,6,15.4,8.35,2.21,4.67,8.32,14.88,0.6539,0.84,0
V05128,container,11,13.76,5.47,8.68,9.74,1.74,11.99,0.6326,2.95,0
V05129,cargo,1,9.74,2.03,8.25,8.96,18.0,8.57,0.5161,0.33,0
V05130,cargo,3,9.09,5.92,30.67,10.24,7.79,13.46,0.4505,9.65,0
V05131,passenger,5,10.95,5.62,45.34,8.99,1.85,12.26,0.492,0.62,0
V05132,tanker,1,10.65,5.39,12.95,6.29,4.75,10.26,0.7335,1.51,0
V05133,tanker,11,10.02,14.34,5.17,7.45,12.99,7.24,0.7964,2.59,0
V05134,cargo,3,16.73,5.15,6.88,7.91,33.87,9.62,0.3396,8.21,0
V05135,cargo,3,16.47,6.13,24.4,7.24,3.41,13.86,0.3995,1.1,1
V05136,passenger,7,8.92,10.77,2.57,9.57,9.42,7.58,0.2487,1.08,0
V05137,tanker,3,7.87,8.04,9.66,9.94,1.45,13.32,0.2166,0.1,0
V05138,container,1,14.01,4.34,8.7,8.13,13.1,9.5,0.339,1.58,0
V05139,cargo,5,7.97,6.23,13.55,4.81,1.76,7.51,0.2588,0.89,0
V05140,tanker,1,14.6,1.92,9.73,8.71,4.17,7.95,0.4603,3.03,0
V05141,container,12,12.41,0.08,6.51,10.34,5.6,9.92,0.2214,9.02,0
V05142,cargo,3,5.77,7.72,17.2,7.5,11.97,8.74,0.4772,1.57,1
V05143,cargo,6,8.45,0.03,16.05,5.54,6.6,7.92,0.4661,2.17,0
V05144,passenger,2,9.92,4.61,13.48,8.4,14.46,7.08,0.6977,2.27,0
V05145,passenger,9,6.09,15.03,10.53,8.21,7.93,4.63,0.681,0.44,0
V05146,tanker,10,11.86,0.16,9.19,7.73,5.64,11.04,0.1508,0.14,0
V05147,container,6,10.07,5.66,10.67,8.33,2.1,8.88,0.5003,8.26,0
V05148,container,5,9.76,10.25,5.58,7.7,11.42,6.46,0.9292,0.26,0
V05149,passenger,5,11.22,7.0,5.49,8.01,11.69,12.57,0.7974,3.91,0
V05150,container,12,11.58,2.12,5.11,7.23,19.79,7.31,0.6235,0.14,0
V05151,tanker,5,11.81,13.04,24.48,8.57,8.31,3.44,0.7763,5.06,1
V05152,container,6,13.58,3.0,4.59,5.65,13.29,5.33,0.4612,8.35,0
V05153,cargo,8,11.45,6.03,12.82,8.79,4.06,12.52,0.7957,0.04,0
V05154,container,1,4.51,7.37,5.21,9.25,4.19,11.77,0.672,6.87,0
V05155,cargo,9,15.84,0.71,7.77,3.88,1.84,10.27,0.7433,2.18,0
V05156,cargo,7,10.55,3.7,5.2,5.43,19.7,6.82,0.5468,18.07,0
V05157,tanker,10,15.27,3.26,5.17,7.28,8.89,9.59,0.4442,8.45,0
V05158,tanker,2,12.56,7.31,12.36,10.07,2.97,4.75,0.7028,3.89,0
V05159,passenger,12,11.57,2.63,5.93,4.82,13.36,9.49,0.7004,13.57,0
V05160,container,12,4.69,1.61,3.8,7.63,6.93,11.26,0.6612,12.33,0
V05161,cargo,6,13.75,3.27,5.29,6.72,18.45,11.35,0.6174,3.27,0
V05162,cargo,9,12.84,3.87,11.59,6.36,13.7,6.54,0.7756,4.87,0
V05163,cargo,5,8.86,5.07,12.96,8.85,6.21,7.64,0.6539,2.67,0
V05164,container,10,8.48,0.86,4.92,5.52,5.79,6.03,0.8057,2.7,0
V05165,tanker,5,14.66,4.29,15.97,5.55,11.05,10.54,0.5437,1.71,0
V05166,cargo,1,10.61,0.87,7.58,6.09,4.38,10.15,0.6137,5.3,0
V05167,cargo,2,4.32,10.97,16.76,11.15,9.22,13.44,0.7702,6.03,0
V05168,cargo,4,13.9,3.85,9.23,9.35,7.06,9.8,0.9089,1.75,0
V05169,tanker,1,12.27,18.5,33.23,8.17,18.85,14.41,0.4752,2.06,1
V05170,cargo,12,15.5,13.46,17.65,9.64,15.37,14.16,0.4036,0.16,0
V05171,cargo,12,15.53,0.51,13.85,2.89,6.11,6.13,0.1453,0.05,0
V05172,tanker,12,10.9,5.25,10.56,9.27,5.67,7.53,0.6982,0.63,0
V05173,container,3,9.41,1.64,4.56,7.63,4.22,4.32,0.6044,12.48,0
V05174,passenger,5,12.99,10.68,5.27,5.76,2.73,10.97,0.3782,1.82,0
V05175,cargo,10,6.97,5.31,23.17,6.98,13.93,9.0,0.6926,0.8,0
V05176,cargo,3,14.82,4.33,8.22,6.89,6.48,8.35,0.6514,9.95,0
V05177,tanker,8,8.61,3.5,14.26,4.22,31.81,11.65,0.6037,0.13,0
V05178,cargo,10,11.52,1.91,14.23,7.53,14.79,2.7,0.2968,4.68,0
V05179,container,1,9.38,1.3,2.9,8.73,4.22,11.28,0.1793,0.5,0
V05180,cargo,3,12.24,1.28,10.16,3.69,9.64,7.33,0.1472,13.81,0
V05181,container,3,9.92,0.88,25.91,6.91,7.83,5.56,0.7178,4.99,0
V05182,tanker,4,18.49,1.39,5.55,6.01,9.82,7.81,0.5013,0.37,0
V05183,container,3,7.48,7.53,12.07,8.99,7.07,8.17,0.0927,0.31,0
V05184,cargo,9,10.78,4.08,24.18,7.18,6.98,13.25,0.5391,3.27,0
V05185,passenger,7,10.98,3.96,10.11,12.59,5.49,7.33,0.1383,4.42,0
V05186,container,1,10.28,8.62,20.91,5.68,6.48,2.88,0.504,2.8,0
V05187,passenger,7,7.54,5.69,21.85,7.55,18.7,3.35,0.2064,8.78,1
V05188,passenger,8,15.33,2.71,36.38,7.34,3.67,8.56,0.5334,17.85,1
V05189,container,4,14.25,5.14,17.46,8.01,9.07,6.44,0.6615,1.28,1
V05190,cargo,11,15.45,4.61,8.46,6.57,13.07,10.99,0.4996,1.57,0
V05191,cargo,8,9.55,0.42,11.91,7.41,5.72,10.39,0.1616,3.21,0
V05192,cargo,1,14.09,3.18,5.41,4.93,8.67,6.65,0.2324,2.96,0
V05193,cargo,1,8.95,4.63,8.09,6.86,16.64,11.16,0.9464,0.64,0
V05194,container,10,14.91,3.23,1.25,4.56,9.27,12.57,0.4491,7.66,0
V05195,container,6,9.18,3.67,20.62,5.84,20.64,7.98,0.4342,4.47,0
V05196,tanker,6,10.74,1.58,6.63,8.34,14.37,9.17,0.5355,8.53,0
V05197,container,4,11.78,5.36,13.43,9.95,2.89,10.9,0.2579,1.54,0
V05198,tanker,8,7.07,6.25,5.21,7.12,5.36,6.54,0.337,1.81,0
V05199,tanker,5,17.93,0.42,5.33,6.19,1.98,4.75,0.4933,2.95,0
V05200,container,12,12.76,0.14,8.22,8.0,4.92,6.24,0.5933,4.01,0
V05201,passenger,6,11.55,6.83,9.87,6.23,1.86,10.01,0.7184,1.96,0
V05202,cargo,10,12.83,10.64,10.34,7.32,5.6,5.31,0.7456,1.04,0
V05203,cargo,9,14.1,1.1,5.52,7.96,3.65,11.31,0.6583,0.6,0
V05204,cargo,2,12.19,5.1,10.94,6.02,3.01,7.46,0.7656,8.73,0
V05205,cargo,4,14.54,3.44,17.26,3.02,16.28,7.3,0.3126,3.73,0
V05206,tanker,7,11.25,6.8,13.22,6.76,2.64,8.6,0.6418,4.29,0
V05207,container,1,15.34,5.47,13.68,8.25,6.15,10.75,0.6945,1.17,1
V05208,container,7,10.94,3.97,27.7,10.93,10.14,6.64,0.439,4.5,0
V05209,passenger,10,15.7,3.06,3.56,6.93,2.63,15.0,0.6291,6.82,0
V05210,cargo,10,9.73,3.92,49.23,7.3,7.33,3.29,0.7437,0.95,0
V05211,passenger,12,14.16,0.39,13.95,6.59,5.42,5.42,0.2327,6.24,0
V05212,cargo,6,13.16,12.4,3.16,6.01,7.75,12.17,0.7465,7.61,0
V05213,cargo,10,10.01,1.05,22.78,9.08,11.9,8.81,0.227,3.79,0
V05214,container,12,10.8,3.46,18.22,5.56,7.83,3.94,0.4537,6.02,0
V05215,container,5,13.1,5.43,2.48,4.01,5.91,7.62,0.6787,0.74,0
V05216,cargo,6,11.78,0.11,11.0,9.96,11.32,9.7,0.7692,2.98,0
V05217,tanker,6,7.88,3.6,23.52,7.03,27.02,9.63,0.3486,0.15,1
V05218,cargo,3,12.22,11.39,9.1,4.02,8.03,5.63,0.4833,4.49,0
V05219,cargo,6,19.44,5.54,8.69,8.65,16.26,10.97,0.4799,2.11,0
V05220,container,12,10.85,2.79,10.24,4.46,10.3,9.94,0.5645,5.45,0
V05221,cargo,9,11.24,1.72,13.03,7.59,10.94,12.0,0.5753,4.95,0
V05222,passenger,12,11.21,3.32,14.53,8.91,2.17,8.44,0.6826,0.26,0
V05223,container,10,11.45,2.51,8.42,9.92,4.86,4.74,0.7015,2.39,0
V05224,cargo,10,12.73,7.24,7.6,4.22,6.29,12.09,0.8624,0.96,0
V05225,container,8,12.33,14.41,10.24,6.9,8.0,13.13,0.4375,0.73,0
V05226,tanker,10,9.35,7.15,12.39,9.41,10.37,9.84,0.115,14.24,0
V05227,tanker,10,10.83,4.01,6.32,6.29,10.56,4.64,0.7778,1.51,1
V05228,cargo,9,13.13,4.5,4.91,7.73,8.15,8.98,0.5626,2.98,0
V05229,cargo,6,7.31,3.06,5.01,6.49,1.96,8.12,0.0299,4.05,0
V05230,tanker,7,12.68,0.02,3.23,8.38,13.03,8.75,0.4675,0.61,0
V05231,tanker,6,13.04,5.2,15.43,7.14,14.24,10.2,0.74,0.1,0
V05232,cargo,8,11.56,6.94,2.42,6.88,7.76,0.3,0.7515,7.07,0
V05233,container,1,15.38,1.68,8.68,9.94,12.33,7.34,0.3629,14.3,0
V05234,tanker,3,7.74,4.21,30.42,7.34,9.4,10.94,0.6118,1.33,0
V05235,passenger,4,10.55,5.81,13.02,6.48,9.71,8.08,0.5624,4.6,0
V05236,container,11,10.01,9.64,25.82,6.84,9.91,5.72,0.3546,1.31,0
V05237,container,5,14.28,0.03,12.55,1.25,1.05,9.42,0.2634,0.88,0
V05238,passenger,6,16.73,6.91,8.83,6.19,7.26,11.03,0.7318,0.65,0
V05239,cargo,5,14.76,12.16,3.22,6.63,3.06,6.17,0.5745,7.13,0
V05240,passenger,5,19.08,14.27,4.37,11.22,2.17,8.95,0.2915,1.44,0
V05241,container,2,7.53,0.54,8.92,9.62,2.82,10.3,0.719,0.38,0
V05242,cargo,11,8.97,9.48,15.14,6.75,26.79,12.14,0.7742,1.92,0
V05243,cargo,11,4.3,1.3,14.64,7.08,7.36,6.15,0.7866,8.37,0
V05244,cargo,4,7.04,2.52,2.82,13.14,2.08,9.27,0.4173,1.17,0
V05245,container,11,11.41,3.6,2.57,5.13,1.76,3.23,0.812,4.11,0
V05246,cargo,7,17.81,3.9,5.4,5.88,13.23,7.28,0.6845,2.76,0
V05247,tanker,4,8.77,0.7,4.27,9.76,2.32,8.32,0.5459,6.44,0
V05248,container,11,16.9,1.27,31.31,8.13,10.23,10.78,0.1798,4.45,0
V05249,cargo,2,10.98,4.46,12.61,7.38,7.45,9.44,0.3158,0.63,0
V05250,tanker,5,13.71,1.71,19.69,8.49,4.82,3.1,0.3183,6.36,1
V05251,tanker,8,13.22,5.28,10.44,6.93,7.62,10.51,0.8824,1.66,0
V05252,passenger,5,6.47,14.72,4.64,5.55,8.33,6.27,0.3855,3.71,0
V05253,cargo,7,13.83,14.08,12.4,4.39,20.96,15.0,0.6558,3.06,0
V05254,tanker,6,11.54,0.94,15.45,8.28,13.48,6.92,0.1062,18.45,0
V05255,container,9,15.07,5.16,12.48,7.99,10.14,10.5,0.7931,11.9,0
V05256,passenger,8,15.24,0.19,9.23,9.71,16.27,9.67,0.8857,0.64,0
V05257,container,3,10.91,2.13,14.98,9.74,5.11,7.83,0.6356,9.53,0
V05258,passenger,2,16.07,8.84,36.82,9.1,5.93,13.18,0.557,6.53,0
V05259,passenger,7,12.21,5.36,9.33,8.9,5.94,9.12,0.7291,4.91,0
V05260,container,9,7.08,1.79,7.71,8.75,5.41,10.19,0.4381,1.18,0
V05261,container,8,13.49,3.45,6.88,6.62,1.63,7.64,0.4487,3.41,1
V05262,tanker,1,12.58,2.13,2.53,10.08,14.01,7.78,0.5884,23.5,0
V05263,cargo,1,12.36,2.79,2.87,9.45,2.02,13.86,0.5498,2.46,0
V05264,passenger,10,12.89,4.68,6.25,13.02,5.53,5.91,0.5203,4.16,0
V05265,cargo,5,6.44,1.83,13.88,4.12,3.35,12.93,0.5943,3.21,0
V05266,container,8,13.45,7.43,8.39,10.09,16.65,2.78,0.3646,2.7,0
V05267,cargo,12,13.26,2.21,5.55,9.34,13.73,8.86,0.5624,11.65,0
V05268,cargo,7,12.47,4.85,20.24,10.42,2.37,7.98,0.5987,3.52,0
V05269,passenger,10,9.87,10.23,1.55,5.59,5.56,6.28,0.8134,0.99,0
V05270,cargo,9,9.42,6.73,6.73,5.77,11.55,7.26,0.9788,2.85,0
V05271,container,11,15.14,3.39,5.81,7.77,6.88,11.84,0.7605,1.37,0
V05272,cargo,12,10.67,0.09,5.88,9.84,7.75,12.19,0.7599,6.53,0
V05273,container,1,14.22,8.29,15.0,5.94,9.64,4.95,0.3346,2.83,0
V05274,cargo,7,8.81,3.13,6.87,3.86,5.76,7.44,0.1495,0.69,0
V05275,container,3,5.99,7.31,18.07,3.92,12.03,11.25,0.7038,0.73,0
V05276,container,12,8.44,0.48,2.53,9.07,6.48,7.93,0.581,0.67,0
V05277,container,1,10.4,8.55,5.79,9.44,5.29,8.75,0.6488,0.01,0
V05278,passenger,3,14.59,11.0,11.21,3.96,10.02,6.78,0.3692,2.72,0
V05279,passenger,2,14.49,8.64,11.64,8.19,10.86,5.31,0.8371,0.1,0
V05280,tanker,3,12.52,3.67,7.97,5.79,8.45,9.36,0.1271,0.09,0
V05281,container,4,3.77,1.69,5.93,7.03,4.88,13.89,0.4322,0.33,0
V05282,cargo,6,9.18,12.18,5.38,6.7,9.96,11.34,0.6627,0.91,0
V05283,container,10,14.05,5.64,10.61,6.14,11.05,5.94,0.6999,8.79,0
V05284,tanker,7,9.99,2.38,7.03,6.65,3.09,6.09,0.4788,0.82,0
V05285,container,10,15.29,8.54,35.28,9.99,14.51,7.28,0.3664,1.6,1
V05286,tanker,10,7.11,0.66,3.74,5.8,8.85,7.18,0.742,13.14,0
V05287,cargo,10,11.89,0.31,10.09,7.77,5.46,8.93,0.7119,3.46,0
V05288,passenger,12,7.97,1.16,7.12,5.02,4.26,11.35,0.8408,0.05,0
V05289,cargo,8,15.95,9.55,43.69,5.84,3.97,13.79,0.3179,2.59,0
V05290,tanker,2,8.94,4.26,52.43,3.13,8.31,7.28,0.3724,0.03,0
V05291,passenger,12,9.13,12.17,3.13,6.66,5.09,9.07,0.3956,2.2,0
V05292,cargo,12,8.65,7.24,3.24,10.84,6.5,8.77,0.0517,10.93,0
V05293,cargo,5,11.66,0.87,9.74,5.55,2.51,7.6,0.7953,5.6,0
V05294,cargo,3,8.29,3.75,2.86,7.26,9.6,4.11,0.2792,0.9,0
V05295,passenger,8,9.96,15.45,30.01,8.1,9.85,9.07,0.5861,3.84,0
V05296,passenger,3,10.36,3.73,9.11,6.61,8.17,7.43,0.2851,9.51,0
V05297,container,10,10.41,2.81,4.45,4.86,5.93,5.35,0.2419,1.12,0
V05298,tanker,6,12.35,1.74,6.04,7.39,6.05,11.36,0.7689,3.7,0
V05299,cargo,1,14.48,0.93,13.98,5.36,13.8,13.81,0.6198,1.32,0
V05300,cargo,12,14.58,4.48,9.32,8.25,13.62,8.26,0.3015,0.14,0
V05301,container,7,10.74,16.63,12.71,8.84,6.41,12.97,0.2457,6.89,0
V05302,tanker,4,11.86,1.11,7.46,8.7,29.98,9.54,0.3732,4.42,0
V05303,container,7,12.43,6.25,7.67,3.5,5.05,9.64,0.3596,1.94,0
V05304,container,2,10.33,2.11,7.51,3.62,2.26,10.51,0.468,13.97,1
V05305,cargo,11,13.63,12.58,10.1,6.17,13.35,5.74,0.3936,4.82,0
V05306,cargo,3,6.43,5.86,6.03,8.43,2.44,11.05,0.6134,1.48,0
V05307,passenger,11,9.73,16.42,5.77,2.56,10.39,8.06,0.4774,0.2,0
V05308,cargo,4,9.63,10.25,9.03,9.68,8.8,7.88,0.4497,3.75,0
V05309,tanker,8,9.01,5.2,7.94,8.83,16.46,13.58,0.6541,0.8,0
V05310,cargo,1,11.58,4.51,5.27,2.93,3.94,10.74,0.262,0.46,0
V05311,passenger,4,12.22,1.32,23.11,6.71,2.18,10.94,0.4326,1.32,0
V05312,cargo,8,13.25,11.16,13.44,8.11,9.64,6.67,0.8976,7.27,0
V05313,container,4,10.4,1.91,35.56,8.61,1.76,11.54,0.2096,2.59,0
V05314,tanker,2,9.22,6.0,32.1,7.45,12.24,9.09,0.1322,0.74,0
V05315,passenger,1,12.21,4.8,5.84,10.23,16.62,3.56,0.5454,1.92,0
V05316,tanker,7,8.67,1.49,3.37,7.56,14.98,9.2,0.7138,2.32,0
V05317,tanker,9,12.58,4.63,13.97,6.91,4.37,11.94,0.8202,9.97,0
V05318,tanker,12,13.29,14.71,7.53,1.83,11.94,5.38,0.7396,4.81,1
V05319,passenger,6,13.59,0.94,1.77,5.65,2.69,11.28,0.2665,2.96,0
V05320,cargo,3,11.99,2.47,9.44,9.82,14.99,8.52,0.2925,15.21,0
V05321,tanker,9,9.23,3.67,8.66,4.82,4.69,13.87,0.7252,0.32,0
V05322,cargo,2,14.03,5.74,8.66,11.01,5.33,11.09,0.7646,5.22,0
V05323,cargo,8,14.18,2.89,11.31,9.22,8.59,6.38,0.7013,0.57,0
V05324,cargo,6,5.89,11.06,7.88,8.29,5.04,10.43,0.1296,2.67,0
V05325,cargo,3,12.26,3.97,24.01,5.33,4.14,4.93,0.7912,0.65,0
V05326,container,12,16.96,5.97,5.14,6.29,6.0,9.44,0.2894,0.18,0
V05327,tanker,2,11.05,1.39,36.88,7.23,1.7,5.14,0.9385,1.4,0
V05328,container,9,15.53,6.09,18.04,9.53,8.92,5.69,0.776,0.93,1
V05329,tanker,12,13.29,12.53,6.17,6.34,16.57,9.94,0.5618,5.79,0
V05330,passenger,7,14.82,2.99,5.5,7.09,4.84,4.73,0.6155,2.91,0
V05331,cargo,12,15.17,3.71,19.25,5.26,10.73,12.48,0.7834,10.39,0
V05332,passenger,6,13.78,8.55,14.14,9.14,3.69,8.44,0.8327,0.63,0
V05333,container,4,16.01,8.2,3.87,3.59,1.65,8.99,0.7684,2.57,0
V05334,tanker,1,7.86,5.16,20.75,8.73,10.8,9.3,0.5006,5.64,0
V05335,tanker,3,11.69,5.87,7.39,4.97,6.73,13.18,0.3143,6.92,0
V05336,tanker,1,10.54,9.65,10.21,5.94,9.75,9.45,0.8712,0.94,0
V05337,cargo,8,11.57,0.03,11.77,8.35,10.01,0.3,0.9335,2.97,1
V05338,cargo,7,13.99,1.95,10.36,5.75,9.4,12.26,0.2951,1.05,0
V05339,cargo,5,11.26,9.07,4.06,9.2,11.13,8.72,0.8617,2.71,0
V05340,cargo,1,15.71,5.54,6.06,8.44,4.83,7.1,0.3138,3.03,0
V05341,passenger,4,10.7,8.86,23.68,12.78,8.82,7.7,0.3005,15.97,0
V05342,passenger,5,9.92,2.07,39.33,6.85,3.06,8.33,0.3149,11.3,1
V05343,container,12,9.67,5.15,6.08,7.25,4.67,9.52,0.5621,4.42,0
V05344,container,8,9.37,2.76,22.08,5.83,6.87,8.13,0.6337,5.72,1
V05345,cargo,7,12.25,3.14,30.83,7.95,6.77,10.15,0.6115,2.82,0
V05346,container,11,7.41,3.97,12.44,9.51,16.57,9.96,0.268,5.55,0
V05347,container,2,14.73,3.2,24.16,11.37,12.16,6.35,0.3986,3.01,0
V05348,tanker,1,10.52,8.73,16.51,9.75,0.6,4.83,0.6085,3.25,0
V05349,cargo,10,17.94,11.68,10.92,7.16,20.76,8.96,0.6914,0.31,0
V05350,cargo,9,13.25,3.87,5.32,8.66,11.03,11.79,0.8727,3.11,0
V05351,container,8,8.68,3.22,20.66,5.18,10.67,1.36,0.3177,3.5,0
V05352,container,9,11.42,2.35,9.17,8.61,9.83,6.16,0.463,2.44,0
V05353,container,1,11.55,0.95,4.11,5.23,11.67,3.03,0.3653,6.03,0
V05354,passenger,8,16.23,0.01,6.05,6.38,6.98,13.6,0.5889,1.24,0
V05355,tanker,2,9.41,2.78,8.04,10.23,7.36,6.33,0.4143,3.96,0
V05356,container,3,8.48,3.05,10.39,6.88,15.86,5.75,0.3172,0.76,0
V05357,cargo,7,13.48,3.21,2.19,5.43,3.76,7.67,0.4105,9.42,0
V05358,passenger,5,9.74,2.7,12.38,11.56,1.53,5.08,0.6235,2.07,0
V05359,tanker,8,14.18,5.27,6.78,7.52,16.82,10.31,0.144,1.33,0
V05360,cargo,5,8.62,2.63,12.13,7.95,12.02,15.0,0.91,6.32,0
V05361,container,2,16.34,6.06,12.0,4.16,8.77,15.0,0.4766,3.44,1
V05362,passenger,9,11.18,7.91,6.7,10.19,12.36,6.92,0.6367,1.78,0
V05363,cargo,10,10.69,0.53,16.04,6.49,8.56,7.02,0.1539,5.26,0
V05364,cargo,12,16.79,9.41,9.33,10.28,7.39,7.16,0.0896,0.08,0
V05365,tanker,7,9.6,2.28,4.16,5.05,4.18,5.65,0.3578,0.9,0
V05366,cargo,10,8.26,4.04,9.01,6.82,2.3,5.8,0.4772,2.59,0
V05367,cargo,3,9.06,7.85,5.76,10.2,5.24,11.11,0.519,0.12,0
V05368,cargo,12,13.72,4.42,1.45,6.2,2.74,9.51,0.5421,3.36,0
V05369,container,3,6.96,1.75,11.14,10.16,6.69,7.24,0.1375,0.83,0
V05370,cargo,6,9.32,8.14,22.92,9.31,2.33,4.83,0.5341,2.3,0
V05371,tanker,4,8.85,0.58,8.33,6.44,32.61,6.95,0.3139,0.06,0
V05372,tanker,8,19.01,3.2,7.15,6.89,16.79,6.34,0.5275,4.03,0
V05373,cargo,2,12.7,1.52,2.64,10.72,19.17,7.81,0.2826,4.99,1
V05374,tanker,12,5.79,0.44,18.46,6.77,32.82,9.7,0.5669,3.18,0
V05375,cargo,1,8.66,2.22,27.7,7.63,4.89,6.91,0.3385,18.47,0
V05376,container,1,11.01,11.01,4.02,6.6,25.28,3.82,0.4235,2.18,0
V05377,container,4,0.2,7.72,28.06,4.4,8.92,7.7,0.8862,0.22,0
V05378,cargo,5,12.82,1.65,3.75,6.31,3.25,5.38,0.6744,8.51,0
V05379,cargo,12,12.81,0.71,7.55,1.2,21.59,9.7,0.9382,0.82,0
V05380,tanker,4,12.54,0.23,7.53,3.81,9.17,6.3,0.5894,1.46,0
V05381,cargo,10,11.01,3.18,28.43,10.55,6.38,5.58,0.782,0.05,0
V05382,cargo,11,11.17,0.85,1.38,6.07,6.16,7.01,0.1987,1.83,0
V05383,cargo,3,12.7,1.12,21.85,6.89,5.07,5.42,0.2088,5.54,0
V05384,cargo,1,9.4,3.21,9.93,7.09,17.17,10.93,0.115,2.97,0
V05385,tanker,8,7.23,11.79,6.37,7.5,16.1,6.13,0.7828,0.08,0
V05386,container,7,16.15,2.72,7.24,7.75,4.45,9.76,0.2598,1.11,0
V05387,tanker,12,12.54,4.26,13.03,8.74,4.92,4.82,0.7072,1.87,0
V05388,tanker,4,12.87,0.5,8.44,4.0,3.46,8.61,0.902,0.28,0
V05389,container,7,4.39,9.69,6.46,4.46,8.39,9.49,0.2162,15.77,0
V05390,container,7,11.96,4.39,18.82,3.93,10.47,6.28,0.2056,2.19,0
V05391,container,2,14.9,6.74,1.55,9.88,3.92,11.75,0.3824,0.21,0
V05392,cargo,3,6.5,6.6,11.36,6.18,9.68,4.74,0.2744,1.63,1
V05393,cargo,7,11.22,9.2,14.93,3.02,20.72,9.34,0.8906,4.76,0
V05394,tanker,1,12.3,5.94,13.93,6.15,4.3,12.67,0.1791,10.02,0
V05395,cargo,1,8.39,6.86,24.42,8.25,7.08,8.84,0.322,0.88,0
V05396,cargo,10,16.53,9.65,50.72,6.76,8.61,5.2,0.7783,0.45,0
V05397,container,8,10.42,6.06,5.9,6.25,0.53,10.21,0.648,7.8,0
V05398,container,7,9.45,10.5,16.58,8.13,5.35,13.29,0.7449,2.08,1
V05399,tanker,12,12.47,6.43,26.69,4.15,16.93,8.82,0.5632,0.99,0
V05400,container,6,15.35,3.89,21.53,11.01,31.49,5.66,0.3538,3.8,0
V05401,cargo,8,14.51,14.08,17.24,4.11,1.96,7.58,0.7795,1.66,0
V05402,passenger,11,16.6,7.27,4.54,9.36,15.55,9.78,0.1311,10.82,0
V05403,container,5,10.66,6.54,8.23,6.89,17.49,10.98,0.2819,15.25,0
V05404,cargo,8,5.33,3.21,41.56,4.9,3.61,4.09,0.2099,1.05,0
V05405,container,8,10.21,5.4,8.61,6.69,7.22,11.0,0.8061,2.83,0
V05406,tanker,5,5.73,5.52,5.2,9.96,7.59,8.33,0.5134,1.02,0
V05407,cargo,4,7.51,13.08,3.49,7.24,23.15,9.82,0.7164,1.65,0
V05408,passenger,11,9.89,4.8,6.01,8.42,10.94,8.23,0.2039,1.56,0
V05409,cargo,10,11.9,0.47,6.74,8.27,12.13,0.63,0.6592,6.2,0
V05410,cargo,8,13.62,0.28,4.98,6.99,1.63,6.34,0.4531,1.26,0
V05411,tanker,12,10.23,5.1,2.85,7.22,13.26,0.3,0.4682,1.8,1
V05412,container,2,11.31,6.47,6.06,11.31,2.3,9.98,0.9313,1.27,0
V05413,container,1,6.57,3.82,12.27,6.14,6.71,6.53,0.3468,5.14,0
V05414,cargo,12,10.95,14.9,9.13,10.24,28.35,9.7,0.2207,2.93,0
V05415,tanker,2,7.4,0.88,9.75,6.89,1.73,2.21,0.6737,8.93,0
V05416,cargo,8,14.16,2.5,12.59,6.79,11.78,4.79,0.7328,2.27,0
V05417,cargo,1,10.5,1.09,1.95,7.15,3.43,12.47,0.7825,3.08,0
V05418,tanker,3,10.35,5.78,9.08,6.29,19.47,8.8,0.6464,0.63,0
V05419,container,10,7.94,13.57,5.56,9.7,30.51,8.41,0.265,10.43,0
V05420,passenger,4,8.75,5.01,11.5,10.62,9.82,12.2,0.7156,3.18,0
V05421,passenger,12,17.35,15.49,6.51,7.58,2.58,10.29,0.7798,2.3,1
V05422,tanker,5,11.59,3.62,9.13,10.68,5.29,6.7,0.5216,0.24,0
V05423,cargo,3,12.69,2.39,33.0,12.55,6.04,9.39,0.8654,9.12,0
V05424,container,8,14.67,11.58,8.01,6.29,10.26,7.94,0.5915,2.49,0
V05425,tanker,4,12.15,7.47,3.85,7.67,15.4,9.0,0.5433,0.4,1
V05426,cargo,7,10.58,1.84,3.55,8.17,5.35,8.38,0.4534,1.22,0
V05427,cargo,10,14.96,1.6,8.33,10.74,1.62,5.88,0.7523,3.38,0
V05428,container,9,14.65,3.66,25.57,10.07,14.33,9.79,0.3548,2.97,1
V05429,passenger,9,10.49,7.07,20.79,10.18,8.83,2.74,0.4555,8.25,1
V05430,cargo,5,14.44,1.13,8.62,9.15,6.01,3.07,0.7923,0.25,0
V05431,cargo,10,17.22,7.04,9.61,9.1,4.41,7.0,0.6572,0.3,0
V05432,cargo,12,6.51,1.7,7.96,8.82,9.07,5.94,0.2092,14.72,0
V05433,tanker,11,9.26,1.1,5.14,5.59,16.17,9.1,0.1051,6.79,0
V05434,cargo,11,7.61,3.18,13.94,6.68,1.95,12.97,0.2371,3.53,0
V05435,cargo,3,9.94,6.36,8.83,4.22,4.17,4.38,0.1752,1.05,0
V05436,passenger,8,6.08,3.41,23.12,8.72,3.53,11.92,0.4163,1.82,0
V05437,tanker,12,12.31,1.51,15.81,7.86,15.14,5.64,0.3156,0.73,0
V05438,cargo,11,10.83,5.04,7.37,6.76,8.36,6.67,0.7079,0.36,0
V05439,container,3,14.19,4.13,27.3,6.91,4.07,7.71,0.6179,6.58,0
V05440,tanker,11,10.26,0.12,10.14,6.4,3.69,7.19,0.5642,2.47,0
V05441,passenger,3,14.77,3.97,3.55,5.65,10.14,8.27,0.6153,3.12,0
V05442,container,1,9.16,2.99,4.67,9.58,6.86,11.78,0.5198,0.16,0
V05443,cargo,11,12.01,4.38,2.91,7.52,4.23,14.12,0.5138,1.82,0
V05444,passenger,12,9.47,6.39,16.84,7.08,13.99,3.56,0.6028,4.92,0
V05445,cargo,5,12.09,1.9,53.95,4.08,3.85,9.5,0.4401,2.47,0
V05446,passenger,2,11.49,2.43,2.38,7.87,2.02,5.37,0.0652,15.08,0
V05447,container,9,8.47,4.12,6.87,7.87,7.19,6.77,0.309,1.73,0
V05448,tanker,10,13.32,3.51,5.78,8.7,12.29,5.48,0.5214,3.92,0
V05449,cargo,7,10.45,0.36,22.96,11.37,9.29,6.23,0.3089,1.6,0
V05450,cargo,7,11.27,8.4,10.49,6.74,5.23,5.75,0.4357,12.85,1
V05451,container,12,15.52,2.72,6.06,8.94,11.76,10.48,0.5079,3.69,0
V05452,cargo,8,14.29,2.52,10.56,11.64,10.57,9.51,0.519,1.3,0
V05453,cargo,12,13.86,2.61,7.75,6.7,0.97,9.06,0.4182,16.66,0
V05454,cargo,7,7.37,2.2,7.74,7.9,13.0,5.0,0.4947,7.27,0
V05455,cargo,2,15.47,4.43,11.37,4.74,4.16,6.82,0.2382,0.13,0
V05456,tanker,6,18.54,4.5,6.31,6.63,32.42,9.04,0.6644,4.26,1
V05457,cargo,9,5.28,1.36,10.11,8.82,4.45,6.77,0.735,3.61,0
V05458,cargo,6,11.2,4.02,4.34,10.24,5.48,3.69,0.3365,2.53,0
V05459,passenger,1,12.79,9.49,11.48,7.58,10.65,7.85,0.6461,2.67,0
V05460,passenger,5,13.38,2.56,1.43,1.2,5.07,8.19,0.8976,0.54,0
V05461,cargo,7,12.99,0.75,18.76,7.42,7.52,12.85,0.2783,0.51,0
V05462,container,10,10.85,0.98,31.15,9.98,1.81,7.51,0.4619,0.11,0
V05463,tanker,12,9.74,1.16,33.28,6.56,14.58,13.16,0.9214,0.61,0
V05464,container,11,7.56,8.66,15.72,9.26,12.43,9.8,0.394,1.51,0
V05465,container,7,8.99,5.77,15.72,6.78,18.43,3.73,0.6873,3.12,0
V05466,cargo,1,17.4,12.01,9.18,7.93,9.56,3.78,0.4693,0.65,0
V05467,cargo,4,9.79,5.48,6.43,7.89,5.16,8.26,0.227,3.34,0
V05468,cargo,5,11.8,10.24,1.73,8.22,4.19,9.82,0.8685,1.86,0
V05469,container,5,15.12,1.13,5.0,5.35,2.69,5.56,0.8002,0.18,0
V05470,container,8,11.99,7.18,3.16,6.55,8.82,6.32,0.0356,0.16,0
V05471,cargo,12,10.95,0.97,36.63,8.26,6.84,10.95,0.4175,3.06,0
V05472,cargo,12,10.8,11.51,2.72,10.06,1.17,8.23,0.6988,8.99,0
V05473,cargo,3,13.58,6.28,5.2,11.03,6.06,7.86,0.637,0.45,0
V05474,cargo,1,2.94,4.52,10.05,7.88,4.29,8.88,0.3211,1.31,0
V05475,container,11,16.62,0.72,7.83,2.79,3.6,9.71,0.3651,5.59,0
V05476,container,11,9.46,3.66,22.76,8.82,7.94,12.07,0.5701,0.38,0
V05477,container,4,15.04,7.17,25.08,6.91,17.78,7.34,0.783,1.5,0
V05478,tanker,8,6.61,10.66,11.9,7.67,2.78,15.0,0.5624,11.32,0
V05479,cargo,9,9.93,5.05,9.16,7.95,6.92,9.41,0.4798,2.68,0
V05480,container,9,14.19,0.79,2.65,8.38,3.6,5.12,0.2807,1.33,0
V05481,tanker,1,9.58,11.3,12.21,6.43,17.07,11.35,0.6484,0.29,0
V05482,container,2,15.23,11.88,30.23,8.03,6.43,12.45,0.4743,0.36,0
V05483,cargo,1,8.38,9.04,30.82,7.73,5.2,12.36,0.5743,0.82,0
V05484,tanker,8,14.07,9.17,6.32,6.37,11.9,2.34,0.48,1.71,0
V05485,tanker,12,9.17,0.06,6.06,7.04,7.91,8.46,0.3375,5.33,0
V05486,container,11,12.98,2.64,44.7,7.82,8.03,8.85,0.1097,2.04,0
V05487,container,9,9.48,5.57,12.79,8.98,17.37,7.23,0.8756,1.23,0
V05488,tanker,6,7.35,8.01,11.33,6.83,11.56,7.21,0.775,0.84,0
V05489,cargo,7,11.14,4.47,9.45,8.96,2.09,11.93,0.7232,4.52,0
V05490,cargo,6,6.59,11.16,11.34,5.95,5.63,7.72,0.4371,8.04,0
V05491,container,5,12.6,13.15,12.92,7.77,2.78,6.39,0.2221,6.49,0
V05492,cargo,1,11.46,3.94,4.08,6.92,7.24,13.53,0.2127,0.29,0
V05493,tanker,10,9.31,2.11,29.91,7.89,1.81,9.56,0.3895,1.41,0
V05494,tanker,11,8.79,0.05,11.55,7.65,14.57,11.58,0.4166,5.35,0
V05495,cargo,7,9.96,3.66,20.76,8.4,1.81,11.5,0.5117,1.16,0
V05496,tanker,9,4.77,1.04,6.41,8.26,1.93,8.97,0.2936,4.59,0
V05497,container,4,10.31,3.67,1.61,7.3,21.27,6.88,0.877,1.49,0
V05498,cargo,4,12.85,1.54,15.49,5.61,3.41,8.61,0.7017,3.12,0
V05499,tanker,11,10.31,1.41,6.91,10.11,6.21,6.19,0.4957,8.65,0
V05500,cargo,1,2.83,7.06,8.46,6.36,11.11,5.65,0.8529,5.54,0
V05501,passenger,3,10.09,0.69,3.21,5.37,9.11,14.08,0.3932,3.36,0
V05502,container,4,10.41,17.37,6.13,5.45,1.35,14.46,0.5448,0.65,0
V05503,tanker,5,14.48,3.05,12.47,5.89,11.49,8.4,0.4075,2.15,0
V05504,tanker,5,7.14,0.27,8.68,4.95,13.33,9.42,0.7022,3.2,0
V05505,container,1,13.76,8.71,7.17,6.02,18.56,13.15,0.6298,4.58,0
V05506,cargo,5,12.25,5.42,10.76,7.1,21.56,8.68,0.5713,1.81,0
V05507,cargo,1,16.1,10.01,9.13,4.57,19.72,14.34,0.851,0.77,1
V05508,cargo,4,14.59,10.87,9.82,8.68,3.09,7.39,0.645,0.7,0
V05509,container,7,11.61,7.81,1.23,6.51,10.11,8.27,0.6406,2.21,0
V05510,container,2,8.9,3.75,8.46,7.86,3.11,4.54,0.7253,4.3,0
V05511,container,7,16.69,8.01,3.42,5.73,12.37,8.61,0.5153,13.67,0
V05512,cargo,9,20.22,9.44,17.27,7.78,15.41,12.84,0.7548,4.81,0
V05513,container,2,12.55,5.19,5.51,10.25,10.51,10.65,0.4144,0.22,1
V05514,passenger,7,9.4,0.35,7.43,6.14,9.42,10.25,0.7504,4.5,0
V05515,cargo,7,9.0,2.96,9.25,4.16,7.41,6.5,0.1253,0.23,0
V05516,cargo,1,10.05,10.88,18.29,9.73,2.66,6.52,0.1361,1.05,0
V05517,tanker,11,14.07,10.26,5.45,6.75,15.53,11.56,0.3374,3.93,0
V05518,tanker,4,12.39,8.09,2.71,6.19,10.26,11.12,0.7294,1.58,0
V05519,container,1,12.31,4.14,6.19,4.78,17.5,9.04,0.5338,7.08,0
V05520,container,2,14.08,8.01,3.27,3.83,11.94,5.75,0.7407,6.81,0
V05521,container,1,8.59,1.68,10.66,8.84,2.16,4.58,0.5403,1.39,0
V05522,passenger,9,5.91,3.21,17.56,7.84,6.17,5.76,0.4577,1.06,0
V05523,cargo,3,10.57,14.13,3.98,10.71,23.62,6.18,0.6349,5.25,0
V05524,cargo,3,12.31,4.27,101.27,6.49,4.65,6.07,0.2849,9.15,0
V05525,cargo,6,9.31,9.34,12.14,7.32,16.98,10.0,0.5558,11.47,0
V05526,tanker,11,13.8,0.08,14.24,9.5,12.22,10.53,0.8488,0.8,0
V05527,cargo,10,7.27,7.24,15.76,7.7,7.56,7.94,0.7537,7.36,0
V05528,cargo,4,19.36,4.97,8.5,4.31,17.09,14.99,0.8649,4.38,0
V05529,cargo,3,11.61,7.93,10.63,5.52,7.78,10.57,0.5641,1.07,0
V05530,cargo,11,10.67,8.56,8.14,7.16,4.1,7.18,0.0537,0.68,0
V05531,tanker,10,10.62,6.47,4.03,4.39,2.43,5.47,0.7758,5.06,0
V05532,passenger,11,5.55,0.9,8.79,11.12,7.76,5.3,0.5261,0.68,0
V05533,tanker,11,16.59,6.74,5.27,7.65,5.17,11.94,0.5462,1.98,0
V05534,cargo,12,10.23,1.05,3.75,7.3,15.26,9.34,0.4554,0.43,0
V05535,cargo,8,13.55,0.89,4.81,8.52,6.85,10.55,0.7554,3.27,0
V05536,cargo,3,18.88,1.1,11.21,11.69,8.51,6.03,0.228,11.29,0
V05537,passenger,1,10.59,1.65,36.53,9.33,3.47,11.54,0.3357,2.19,0
V05538,passenger,1,8.53,3.43,3.21,3.68,2.39,3.09,0.4965,0.26,0
V05539,tanker,4,11.32,5.66,18.15,7.44,9.41,9.81,0.6947,3.45,0
V05540,tanker,10,11.23,11.97,22.7,8.52,12.91,8.57,0.6386,1.07,0
V05541,cargo,1,6.05,4.95,11.36,7.29,2.6,10.83,0.4295,18.47,0
V05542,tanker,7,10.24,2.21,6.48,5.44,13.98,8.38,0.7484,3.7,0
V05543,container,6,11.28,10.36,4.02,7.56,5.69,9.02,0.525,4.03,0
V05544,tanker,9,11.46,2.78,7.43,3.59,19.49,3.78,0.9199,0.72,0
V05545,cargo,2,7.55,1.9,4.54,4.29,3.6,12.37,0.6081,6.85,0
V05546,passenger,8,8.2,16.28,24.8,8.67,5.13,6.51,0.6617,0.43,0
V05547,container,1,15.23,3.64,1.61,5.87,4.97,10.53,0.6805,0.57,0
V05548,passenger,3,10.87,5.17,10.95,2.47,7.47,4.65,0.3956,4.72,0
V05549,tanker,6,6.12,0.14,9.84,6.8,7.2,6.41,0.6097,1.48,0
V05550,cargo,7,11.41,2.14,3.01,5.21,12.43,7.49,0.7796,1.62,1
V05551,passenger,12,12.31,8.17,9.85,11.48,26.02,7.38,0.6263,3.35,0
V05552,cargo,8,10.99,12.53,23.26,5.44,14.53,7.39,0.8715,0.0,0
V05553,cargo,8,14.18,8.53,15.64,8.94,8.2,8.91,0.3913,2.28,0
V05554,tanker,2,7.48,7.94,8.36,5.16,5.85,7.33,0.5683,0.48,0
V05555,cargo,8,10.52,4.91,7.45,5.55,15.81,13.97,0.4651,2.91,0
V05556,container,6,9.62,0.72,21.17,8.8,6.07,10.13,0.2797,3.23,0
V05557,cargo,4,12.95,2.62,5.84,8.22,6.93,11.8,0.491,0.44,0
V05558,passenger,7,12.51,7.64,11.07,5.15,8.79,9.53,0.5624,2.87,0
V05559,container,10,11.79,7.39,10.69,8.08,4.6,4.66,0.2845,12.04,0
V05560,cargo,12,10.06,1.06,6.3,8.77,6.65,8.61,0.8689,5.06,0
V05561,tanker,5,13.94,2.91,1.62,6.33,22.26,12.54,0.4925,6.2,0
V05562,container,8,14.91,9.02,14.99,4.13,4.09,7.62,0.7249,8.6,0
V05563,tanker,2,11.29,5.37,9.27,7.9,7.54,9.04,0.8926,1.2,0
V05564,cargo,5,9.05,3.16,30.76,8.98,9.77,10.3,0.8688,0.22,0
V05565,cargo,11,8.27,5.18,10.66,7.53,0.86,6.62,0.1076,0.37,0
V05566,tanker,10,8.52,0.21,14.29,7.41,9.67,12.48,0.4149,1.02,0
V05567,cargo,6,9.89,8.77,11.63,9.64,11.45,5.9,0.7137,0.94,1
V05568,tanker,5,10.29,10.84,3.47,8.86,7.31,9.28,0.8964,2.58,0
V05569,cargo,12,6.97,8.43,4.91,8.17,17.38,8.49,0.4606,4.44,0
V05570,tanker,7,10.04,2.37,9.47,10.61,8.11,6.09,0.2766,8.27,0
V05571,container,1,5.47,4.57,4.14,7.62,5.7,7.04,0.6252,0.55,0
V05572,tanker,11,10.87,11.15,11.19,11.88,11.53,14.36,0.6715,4.5,0
V05573,cargo,11,10.75,2.66,11.6,8.25,1.85,4.92,0.8976,3.08,0
V05574,tanker,5,11.95,1.14,1.37,6.28,12.15,9.8,0.2582,4.36,0
V05575,tanker,1,8.26,6.82,7.04,5.53,2.17,4.37,0.4275,0.4,0
V05576,cargo,7,11.58,9.13,6.3,9.17,2.31,10.35,0.8741,10.33,0
V05577,container,10,14.36,5.73,4.76,5.6,7.41,5.17,0.7736,1.8,0
V05578,passenger,6,16.36,4.98,6.92,5.06,12.53,4.54,0.7061,0.67,0
V05579,container,7,9.76,1.88,5.0,7.77,13.98,9.18,0.7214,2.58,0
V05580,cargo,5,13.23,9.73,5.87,6.95,10.38,7.11,0.7424,0.67,0
V05581,cargo,1,7.16,0.78,7.69,8.52,4.1,10.28,0.2878,5.47,0
V05582,cargo,3,19.59,2.16,11.36,7.19,4.67,8.79,0.8635,6.44,0
V05583,cargo,8,5.41,0.3,51.8,8.14,7.74,7.68,0.7087,5.3,0
V05584,container,5,12.77,1.32,76.84,10.47,8.34,13.51,0.1033,1.57,0
V05585,cargo,7,10.36,4.93,12.41,7.58,15.5,10.78,0.6548,1.02,0
V05586,cargo,1,13.96,10.34,7.44,7.75,8.75,8.36,0.6406,1.67,0
V05587,cargo,5,14.45,8.53,5.66,7.34,4.95,5.93,0.5176,2.35,0
V05588,tanker,3,15.72,5.54,7.27,7.29,6.75,10.54,0.4525,4.16,0
V05589,container,9,4.77,8.22,9.48,8.3,7.98,11.28,0.4737,1.09,0
V05590,tanker,4,13.8,9.31,22.38,9.33,7.8,11.29,0.5313,2.83,0
V05591,passenger,7,15.34,5.37,5.46,7.65,4.11,13.99,0.7046,14.22,0
V05592,tanker,6,14.32,5.8,11.09,4.59,6.39,6.76,0.4411,0.49,0
V05593,cargo,8,10.4,2.85,8.03,8.79,10.46,6.94,0.8493,6.66,0
V05594,cargo,12,14.64,4.73,18.25,4.5,14.52,10.52,0.9143,0.33,0
V05595,cargo,10,11.08,3.82,6.93,5.94,14.2,7.9,0.3506,7.16,0
V05596,container,3,9.26,5.93,8.38,5.57,12.58,9.68,0.9342,3.03,0
V05597,container,11,9.1,1.46,11.59,5.44,12.27,9.21,0.4389,0.19,0
V05598,container,10,13.57,11.16,6.43,4.78,19.15,9.73,0.4363,6.32,0
V05599,tanker,3,13.36,7.15,13.72,5.07,10.32,6.63,0.5131,2.56,0
V05600,tanker,5,11.8,7.33,16.91,5.98,13.77,11.27,0.4026,0.2,0
V05601,container,12,6.31,2.1,3.46,3.98,6.3,3.92,0.6593,1.35,0
V05602,container,7,8.59,2.14,11.32,9.18,2.01,10.02,0.1165,0.86,0
V05603,passenger,3,16.45,12.24,8.33,5.23,5.5,13.52,0.7144,3.83,0
V05604,cargo,11,12.39,10.57,6.25,7.17,3.42,5.28,0.9316,2.78,1
V05605,container,8,13.58,6.92,3.42,6.64,5.68,9.91,0.8279,1.15,0
V05606,cargo,12,13.11,4.32,12.68,9.46,15.99,8.05,0.4085,2.26,0
V05607,container,5,6.14,1.29,7.63,5.08,5.21,7.98,0.7473,0.02,0
V05608,container,9,15.08,4.04,5.14,7.63,4.73,12.41,0.6536,5.31,0
V05609,container,5,9.49,18.07,28.56,7.58,16.25,7.91,0.8239,0.8,0
V05610,tanker,4,13.98,7.23,29.59,9.58,23.97,6.45,0.3165,16.57,0
V05611,cargo,2,11.95,3.81,25.66,8.0,11.8,10.06,0.5579,6.36,0
V05612,cargo,12,10.65,11.68,9.07,8.0,18.34,10.33,0.462,8.46,0
V05613,container,6,9.91,5.6,43.13,6.69,4.18,8.2,0.1644,0.5,0
V05614,container,1,10.52,3.19,8.24,4.94,7.2,7.84,0.6158,0.15,0
V05615,cargo,3,11.86,4.1,4.08,6.89,1.48,7.82,0.6721,0.33,0
V05616,container,1,17.05,0.21,5.02,4.94,11.49,6.67,0.5826,17.25,0
V05617,container,5,10.22,7.04,4.36,5.73,5.7,4.5,0.1789,5.39,0
V05618,container,7,10.33,10.73,2.67,10.64,6.49,8.17,0.8005,0.16,0
V05619,cargo,3,13.44,1.97,13.34,5.45,0.54,11.17,0.4408,16.63,1
V05620,passenger,9,12.24,4.49,21.56,4.73,15.05,11.97,0.5619,2.03,0
V05621,container,10,11.28,8.74,4.53,6.41,18.32,2.55,0.4417,1.12,0
V05622,container,6,6.08,0.6,20.09,10.89,10.7,5.96,0.2946,8.67,0
V05623,tanker,8,13.31,0.39,13.31,8.16,8.59,10.83,0.3533,4.52,0
V05624,tanker,12,8.0,4.72,10.44,4.15,2.56,10.77,0.7301,6.63,0
V05625,container,11,12.83,14.98,9.51,7.3,3.48,6.01,0.5748,6.13,0
V05626,tanker,3,7.59,6.18,12.75,8.84,9.56,13.14,0.4496,11.56,0
V05627,cargo,3,15.81,2.95,2.72,7.31,10.33,12.49,0.3304,0.69,0
V05628,tanker,11,17.27,0.24,4.24,4.68,2.87,10.23,0.5765,7.79,0
V05629,cargo,6,13.3,0.44,8.81,6.76,8.93,8.73,0.7143,0.61,0
V05630,tanker,3,14.8,10.2,10.37,8.08,7.03,7.02,0.6456,1.69,0
V05631,cargo,6,11.34,0.05,2.43,8.43,3.3,10.66,0.4921,0.87,0
V05632,tanker,10,10.68,4.63,8.92,6.32,8.5,11.4,0.6941,9.82,0
V05633,passenger,5,11.1,1.93,11.73,8.62,11.01,3.36,0.1021,4.54,0
V05634,tanker,5,15.52,0.93,3.6,8.4,13.05,8.84,0.7023,1.8,0
V05635,tanker,5,11.32,2.89,12.9,5.3,24.14,12.77,0.22,14.31,1
V05636,container,5,11.75,4.91,3.1,10.04,3.38,13.29,0.5731,3.72,0
V05637,tanker,9,14.42,11.82,12.68,9.22,7.78,10.1,0.1808,1.81,0
V05638,tanker,2,7.25,8.61,34.08,5.84,3.77,10.57,0.7165,1.23,0
V05639,container,1,10.93,11.02,20.55,6.61,3.35,13.26,0.626,1.41,0
V05640,cargo,8,4.77,1.17,26.06,4.22,3.34,5.47,0.4808,4.68,0
V05641,cargo,10,16.03,11.08,20.66,5.27,1.43,7.29,0.286,1.18,0
V05642,container,6,5.86,8.44,6.16,9.3,6.19,15.0,0.2728,2.27,0
V05643,cargo,12,16.44,5.44,13.69,8.22,8.82,5.39,0.2579,1.53,1
V05644,passenger,4,18.68,7.79,6.28,6.73,5.48,6.64,0.639,2.25,0
V05645,passenger,6,7.9,1.14,3.02,5.19,3.9,4.42,0.1299,6.56,0
V05646,cargo,10,12.62,1.0,2.54,8.03,1.94,6.69,0.308,0.84,0
V05647,passenger,1,9.07,0.82,8.58,5.88,10.94,8.58,0.7507,8.31,0
V05648,cargo,10,14.17,4.18,53.59,7.92,3.49,6.54,0.2972,2.49,0
V05649,container,1,6.43,10.92,2.71,5.68,12.33,8.68,0.0907,3.06,0
V05650,cargo,11,7.53,4.76,15.54,12.41,14.63,5.75,0.7104,4.67,1
V05651,container,5,9.92,14.62,9.6,9.37,18.41,6.86,0.226,1.07,0
V05652,cargo,7,8.88,3.14,2.2,6.47,9.85,9.69,0.9734,11.13,0
V05653,tanker,8,9.9,12.03,10.63,7.17,14.31,2.74,0.309,1.12,0
V05654,container,7,5.47,1.3,8.64,8.78,4.25,10.19,0.4656,20.46,0
V05655,tanker,9,11.95,8.71,9.64,7.21,5.55,11.88,0.2539,4.24,0
V05656,tanker,6,14.29,8.76,6.34,4.62,10.55,7.09,0.273,6.75,0
V05657,passenger,9,15.75,4.8,5.55,7.72,8.88,4.22,0.6247,2.91,0
V05658,container,12,10.3,5.9,7.82,9.68,1.33,6.66,0.8927,11.0,0
V05659,cargo,1,9.13,7.72,16.71,4.95,1.64,8.08,0.8937,0.0,0
V05660,cargo,6,13.05,7.53,5.51,12.63,21.49,7.59,0.7663,1.35,0
V05661,container,11,15.08,5.19,3.52,5.42,13.77,15.0,0.2619,2.31,0
V05662,cargo,4,12.31,0.75,1.45,9.31,11.36,7.74,0.5462,10.98,0
V05663,tanker,5,1.46,2.79,4.89,6.9,4.05,9.97,0.3478,0.04,0
V05664,cargo,11,15.35,13.05,7.67,7.05,6.46,9.89,0.5953,0.19,0
V05665,passenger,7,14.41,4.59,19.88,5.52,4.21,6.18,0.7411,2.16,0
V05666,tanker,8,8.0,7.46,9.06,9.37,12.08,8.82,0.4198,1.18,0
V05667,cargo,5,11.74,4.06,7.65,7.08,18.3,7.25,0.394,0.18,0
V05668,cargo,9,8.19,7.78,22.62,6.66,6.5,9.78,0.4081,3.97,0
V05669,passenger,12,11.16,0.65,4.82,8.56,11.45,11.53,0.7565,2.3,0
V05670,container,3,15.02,3.29,14.72,9.76,15.02,3.8,0.9292,4.57,0
V05671,cargo,5,8.38,4.34,5.92,7.03,2.74,8.47,0.4078,2.36,0
V05672,passenger,7,10.72,0.39,13.95,8.38,7.56,10.03,0.2773,16.75,0
V05673,cargo,4,11.05,5.36,9.66,6.21,2.77,5.04,0.5201,4.11,0
V05674,passenger,4,7.68,13.09,13.69,6.51,8.2,10.26,0.1201,0.27,0
V05675,passenger,10,10.1,2.74,11.09,5.73,4.07,10.13,0.7536,1.98,0
V05676,container,5,9.35,5.29,7.35,6.45,0.76,5.37,0.8865,0.62,0
V05677,passenger,7,13.1,5.47,9.81,7.5,9.26,10.64,0.3227,6.92,0
V05678,tanker,7,12.67,0.9,4.67,7.7,1.67,7.79,0.8572,9.61,0
V05679,cargo,8,6.94,2.35,15.46,7.15,10.64,12.78,0.2401,2.13,0
V05680,cargo,6,7.35,16.14,5.78,8.28,6.43,12.49,0.922,18.14,0
V05681,cargo,5,20.27,4.84,2.93,3.36,4.93,11.29,0.4619,3.52,0
V05682,container,11,6.49,5.25,10.9,6.84,14.69,7.75,0.7031,5.41,0
V05683,cargo,1,9.12,3.73,16.54,4.65,8.45,15.0,0.6408,9.95,0
V05684,cargo,7,9.3,3.35,4.12,6.04,2.29,5.09,0.5378,1.72,0
V05685,cargo,6,10.2,2.67,8.2,8.39,3.96,6.64,0.1056,0.3,0
V05686,cargo,6,16.15,4.45,6.49,9.25,2.95,6.64,0.4369,5.04,0
V05687,passenger,11,10.87,5.11,17.57,9.77,11.9,0.3,0.4502,6.26,1
V05688,tanker,10,6.81,1.28,3.85,8.65,9.1,5.12,0.4109,3.63,0
V05689,passenger,8,11.2,11.45,6.79,6.87,16.91,9.62,0.6188,2.31,0
V05690,tanker,12,8.32,8.61,9.41,10.19,24.56,12.07,0.485,17.83,0
V05691,cargo,9,11.1,0.53,3.47,7.09,6.45,6.85,0.4342,1.62,0
V05692,tanker,5,9.6,5.48,5.12,5.45,6.52,11.75,0.3013,12.45,0
V05693,cargo,8,13.52,4.65,12.69,8.35,3.08,9.74,0.7017,3.45,0
V05694,container,12,7.74,13.69,7.94,6.02,7.89,4.32,0.4422,3.69,0
V05695,tanker,2,14.36,8.91,19.37,1.57,11.77,6.09,0.6462,2.81,0
V05696,cargo,1,16.15,0.05,6.37,8.25,8.65,10.46,0.1452,20.68,0
V05697,cargo,8,5.29,8.98,7.77,5.21,3.94,3.03,0.5214,9.95,0
V05698,passenger,4,9.63,3.12,4.98,4.26,3.62,3.59,0.1396,0.66,0
V05699,passenger,9,16.46,0.31,3.62,6.33,7.29,11.29,0.6978,0.3,1
V05700,tanker,9,7.42,5.78,8.09,9.64,2.6,3.55,0.2188,8.19,0
V05701,tanker,11,3.87,4.66,7.23,7.44,5.06,8.65,0.2566,2.94,0
V05702,passenger,12,10.33,4.05,3.69,5.29,6.93,9.53,0.3027,2.42,0
V05703,container,2,11.14,3.71,15.35,5.13,4.25,10.28,0.4463,0.13,0
V05704,cargo,12,11.86,4.58,3.98,7.16,3.97,5.44,0.8461,2.3,0
V05705,cargo,5,8.37,11.18,21.8,6.41,8.73,3.16,0.6143,1.29,0
V05706,tanker,8,14.76,9.74,15.22,6.95,6.63,6.78,0.9282,2.94,0
V05707,cargo,9,10.62,6.82,8.45,3.81,7.59,8.55,0.6237,3.26,0
V05708,container,3,10.72,3.72,2.72,4.75,10.6,4.45,0.4759,0.94,0
V05709,passenger,8,12.88,2.95,4.3,4.9,16.41,8.65,0.4824,0.52,0
V05710,cargo,7,9.3,0.9,7.17,8.85,2.25,6.03,0.5507,14.61,0
V05711,cargo,11,12.93,7.0,3.57,4.08,5.25,10.89,0.498,0.87,0
V05712,tanker,11,9.6,8.76,11.79,8.39,2.47,8.97,0.7277,3.68,0
V05713,cargo,11,6.02,0.2,17.37,10.51,2.85,12.32,0.5818,3.21,0
V05714,cargo,10,17.52,2.52,13.0,5.58,10.89,12.64,0.4751,0.11,0
V05715,tanker,10,7.24,0.74,4.81,6.44,6.29,5.51,0.8852,1.11,0
V05716,container,6,12.16,9.34,6.31,7.66,15.59,4.14,0.372,5.2,0
V05717,passenger,9,13.74,3.91,6.97,6.13,2.26,8.64,0.3494,1.38,0
V05718,tanker,9,11.48,6.3,9.87,8.97,2.55,6.94,0.8285,3.91,0
V05719,container,12,14.43,8.97,4.24,5.97,7.89,2.97,0.8723,2.36,0
V05720,cargo,5,12.39,3.92,6.5,10.79,6.35,7.0,0.7154,7.22,0
V05721,cargo,1,14.55,12.83,16.17,6.82,6.52,15.0,0.3258,12.26,1
V05722,cargo,5,12.66,8.27,15.39,4.83,19.59,6.84,0.8746,6.67,1
V05723,tanker,4,11.25,1.94,42.14,6.79,15.32,10.4,0.2819,3.77,0
V05724,container,6,6.16,7.68,16.82,7.88,8.24,6.15,0.7804,0.69,0
V05725,tanker,12,15.24,1.54,9.11,8.41,2.32,10.9,0.8741,0.63,0
V05726,passenger,12,12.66,3.71,7.83,8.03,6.75,10.04,0.4108,10.61,0
V05727,passenger,10,9.55,21.82,1.37,8.37,16.16,9.39,0.4217,0.81,0
V05728,container,9,11.99,0.58,8.84,8.41,15.92,8.28,0.1567,5.7,0
V05729,container,11,9.82,0.51,10.54,8.03,20.2,11.04,0.3383,0.06,0
V05730,container,11,12.5,12.08,6.86,4.65,12.82,10.23,0.5139,3.15,0
V05731,tanker,6,14.39,10.41,6.6,9.32,22.55,11.76,0.3855,0.6,0
V05732,passenger,4,16.9,3.67,3.16,6.83,7.93,9.11,0.3795,5.7,0
V05733,tanker,9,10.66,2.37,5.2,8.66,1.12,5.37,0.3648,2.29,0
V05734,passenger,1,9.85,9.9,12.76,4.67,8.3,7.09,0.7852,4.24,0
V05735,cargo,8,16.81,10.6,7.64,5.38,11.67,6.01,0.3299,7.78,0
V05736,cargo,8,16.76,2.98,26.45,10.16,7.56,4.26,0.5735,0.68,0
V05737,cargo,5,13.23,2.64,3.48,6.51,7.09,2.73,0.3994,10.29,0
V05738,cargo,6,11.75,8.82,7.21,5.29,10.87,7.72,0.8052,1.39,1
V05739,passenger,2,10.46,2.26,5.98,8.81,11.62,7.79,0.3588,2.67,0
V05740,tanker,6,4.21,7.48,18.32,7.9,18.0,9.42,0.3898,2.25,0
V05741,container,4,9.72,0.39,5.15,6.35,17.49,13.23,0.9045,1.07,0
V05742,passenger,8,13.94,6.77,6.69,8.46,6.55,13.77,0.4226,9.38,1
V05743,tanker,12,10.62,12.82,4.53,5.64,25.68,7.83,0.2921,2.18,0
V05744,cargo,6,5.16,6.01,9.96,9.88,6.99,6.82,0.7959,8.85,0
V05745,container,7,4.81,1.75,7.4,8.54,7.3,5.48,0.9087,4.17,0
V05746,passenger,7,14.74,8.24,2.91,6.35,5.97,10.9,0.3701,0.95,0
V05747,cargo,2,12.55,1.38,5.38,8.08,2.87,6.4,0.4379,3.09,0
V05748,tanker,12,10.44,5.5,9.8,7.94,8.02,9.49,0.3172,3.54,0
V05749,cargo,8,13.05,13.44,32.61,7.79,9.18,9.64,0.2908,1.14,0
V05750,tanker,7,11.08,4.49,8.91,9.17,18.93,6.33,0.13,12.18,1
V05751,container,5,13.2,3.34,35.7,6.54,15.66,10.34,0.5778,8.74,1
V05752,cargo,5,8.53,1.77,4.65,6.77,19.05,5.95,0.4544,3.52,0
V05753,container,11,10.14,0.94,15.62,7.8,5.13,9.29,0.8173,6.67,0
V05754,cargo,5,17.96,1.35,11.58,9.14,4.98,10.62,0.748,4.0,0
V05755,passenger,5,16.3,15.53,20.25,5.98,13.17,3.87,0.7649,12.52,1
V05756,passenger,9,12.16,4.74,31.87,10.22,10.73,3.12,0.4165,0.67,0
V05757,container,3,8.37,6.74,22.33,8.4,9.18,5.82,0.9147,5.07,0
V05758,container,2,14.4,3.25,1.74,3.67,31.66,3.39,0.8086,0.56,0
V05759,container,12,12.66,2.7,12.41,8.15,11.03,8.15,0.5334,6.25,0
V05760,container,10,15.46,7.02,4.6,5.76,13.33,6.24,0.3756,1.52,0
V05761,container,2,13.46,9.37,27.4,5.39,12.24,13.67,0.8471,6.42,0
V05762,tanker,10,13.02,0.74,9.67,6.95,19.52,5.0,0.1874,0.5,0
V05763,container,9,13.59,18.6,11.94,8.17,9.36,8.55,0.3515,5.13,0
V05764,cargo,12,8.54,9.12,6.83,6.65,3.68,8.54,0.4211,0.96,0
V05765,container,4,17.56,2.0,18.55,5.98,23.4,8.0,0.604,1.21,0
V05766,container,4,9.25,3.74,11.19,5.65,2.53,10.8,0.6819,0.23,0
V05767,cargo,7,10.86,9.64,3.03,5.84,6.09,7.36,0.3459,3.86,0
V05768,container,8,11.79,13.36,7.75,10.16,2.55,10.05,0.4464,0.26,0
V05769,tanker,5,6.86,4.02,10.97,7.18,14.39,5.61,0.6642,3.74,0
V05770,cargo,10,6.32,7.14,2.82,8.36,8.89,2.6,0.7168,1.56,0
V05771,cargo,8,13.78,7.12,5.32,7.59,9.8,10.59,0.4167,11.87,0
V05772,tanker,4,12.79,11.71,9.45,11.77,6.71,5.58,0.1407,0.59,0
V05773,cargo,11,9.71,13.41,11.84,6.22,6.51,10.76,0.6742,0.02,0
V05774,container,3,7.37,8.49,9.65,7.39,7.43,14.06,0.8114,6.04,0
V05775,cargo,10,7.18,5.64,14.12,7.0,10.98,10.7,0.3828,2.65,0
V05776,cargo,2,7.33,2.13,11.19,9.43,7.63,9.11,0.5502,3.24,0
V05777,cargo,7,11.24,6.1,2.45,6.17,15.49,9.45,0.8986,4.63,0
V05778,tanker,11,8.66,9.33,17.49,8.24,3.03,11.6,0.274,0.86,0
V05779,tanker,8,12.1,5.85,7.75,8.42,6.88,6.37,0.6594,1.3,0
V05780,cargo,11,16.32,3.63,53.4,5.83,8.84,9.96,0.2311,3.91,1
V05781,cargo,7,8.02,4.43,7.38,10.18,3.89,9.13,0.5468,0.49,0
V05782,tanker,12,13.7,6.28,7.9,4.58,0.85,7.79,0.7032,5.26,1
V05783,passenger,12,8.76,0.01,8.88,5.57,9.42,4.93,0.1591,7.09,0
V05784,cargo,12,11.21,5.81,4.85,8.97,8.38,12.91,0.3877,3.57,0
V05785,cargo,9,11.21,6.37,8.51,8.58,7.51,13.54,0.4526,5.37,0
V05786,cargo,7,10.01,0.66,6.63,8.5,5.96,10.17,0.9466,5.33,0
V05787,passenger,10,10.21,8.09,16.64,10.99,5.44,10.87,0.4411,5.42,0
V05788,container,5,16.06,1.93,5.71,9.16,5.81,14.03,0.2031,5.28,0
V05789,cargo,8,12.37,2.83,5.26,6.3,6.17,5.26,0.3355,6.06,0
V05790,container,10,10.66,2.58,26.87,2.92,1.4,8.47,0.3032,2.21,0
V05791,tanker,1,13.55,11.14,9.81,7.96,2.26,8.02,0.1144,1.79,0
V05792,passenger,2,7.84,3.34,5.11,5.46,12.27,5.88,0.8619,0.09,0
V05793,passenger,10,3.15,3.67,6.93,5.17,9.37,4.59,0.4755,4.58,0
V05794,passenger,12,8.77,1.14,4.01,6.93,4.96,9.33,0.5733,6.81,0
V05795,container,9,8.4,3.69,5.02,8.56,13.09,8.76,0.2697,3.91,0
V05796,cargo,1,13.53,2.79,5.37,4.66,12.38,7.95,0.7507,0.01,0
V05797,tanker,3,10.08,7.83,15.62,6.25,7.44,6.65,0.916,1.35,1
V05798,cargo,5,10.37,7.71,69.46,6.91,11.46,14.75,0.2947,5.45,0
V05799,cargo,11,13.52,1.61,16.92,8.66,3.02,5.97,0.1917,3.4,0
V05800,cargo,10,8.05,8.58,6.69,12.51,20.32,4.3,0.5504,4.2,0
V05801,container,9,7.77,2.87,23.67,6.62,5.69,2.47,0.5549,2.9,0
V05802,cargo,11,9.75,12.62,12.76,9.77,0.09,9.46,0.8232,0.16,1
V05803,cargo,8,13.58,1.56,18.25,11.18,12.31,11.56,0.8239,0.68,0
V05804,cargo,2,11.02,0.65,2.48,5.58,8.49,12.76,0.6665,0.49,0
V05805,passenger,11,7.15,1.26,2.44,7.12,10.06,6.91,0.934,4.93,1
V05806,passenger,1,11.91,1.65,10.3,4.55,10.54,9.5,0.6244,14.7,0
V05807,cargo,11,13.76,2.05,10.35,8.63,6.01,10.48,0.7046,4.81,0
V05808,cargo,11,11.25,5.8,3.79,7.16,5.52,10.88,0.721,4.04,0
V05809,tanker,1,13.29,9.59,5.85,11.11,20.29,10.97,0.173,5.91,0
V05810,passenger,11,11.56,6.74,28.37,9.74,5.0,7.49,0.7196,3.11,0
V05811,tanker,2,9.53,2.05,5.52,7.39,3.0,3.47,0.7151,3.25,0
V05812,container,10,12.36,9.52,22.54,8.84,7.11,12.07,0.9336,2.76,0
V05813,passenger,6,13.74,18.4,11.06,7.55,3.6,12.7,0.4642,1.58,0
V05814,cargo,11,12.81,6.9,18.01,6.11,5.73,3.67,0.2431,10.16,0
V05815,container,1,6.64,0.69,30.66,3.77,9.34,11.13,0.5888,6.55,0
V05816,container,7,11.67,2.24,12.96,9.87,8.52,7.62,0.2947,2.08,0
V05817,tanker,4,12.0,8.87,3.03,11.96,11.08,8.53,0.2915,0.97,0
V05818,cargo,10,5.23,1.86,1.79,6.44,3.16,8.61,0.6626,4.08,0
V05819,container,1,12.82,10.33,11.25,5.86,17.11,7.34,0.5739,1.18,0
V05820,container,12,13.62,4.54,5.27,9.78,10.74,5.12,0.2986,0.57,0
V05821,cargo,5,13.24,4.68,8.05,6.76,2.14,6.3,0.3165,3.94,0
V05822,container,12,12.05,5.1,6.8,4.8,11.97,8.19,0.5726,9.48,0
V05823,container,2,10.67,2.92,2.44,7.95,2.55,14.42,0.649,1.61,0
V05824,cargo,10,7.54,2.31,3.78,8.81,4.06,12.31,0.4064,3.43,0
V05825,cargo,6,9.82,10.02,6.93,10.34,8.02,11.35,0.5085,1.92,0
V05826,cargo,10,14.32,12.14,19.02,6.36,6.58,10.21,0.67,1.47,0
V05827,container,10,12.96,10.74,18.82,7.26,6.34,5.93,0.3454,4.77,1
V05828,passenger,6,4.64,1.26,30.76,9.44,14.86,9.94,0.4051,1.37,0
V05829,tanker,12,15.51,11.33,3.47,5.16,3.15,11.5,0.4644,7.8,0
V05830,cargo,7,5.33,7.47,14.34,9.04,17.79,12.95,0.6628,0.72,0
V05831,passenger,11,12.06,9.2,6.72,6.87,13.79,6.15,0.2897,2.19,0
V05832,container,1,13.16,6.55,9.2,6.69,8.47,7.03,0.7568,1.09,0
V05833,container,12,14.23,3.93,11.84,7.35,7.83,0.55,0.4014,0.35,0
V05834,cargo,4,16.56,5.63,15.97,6.46,3.34,9.73,0.7582,4.15,0
V05835,passenger,1,4.68,1.11,14.11,6.58,6.38,7.23,0.4083,0.62,0
V05836,passenger,2,12.62,0.57,20.0,6.46,8.12,8.64,0.7878,1.84,0
V05837,passenger,9,10.34,5.2,14.16,4.82,16.81,5.8,0.8588,4.07,0
V05838,passenger,12,8.43,7.86,9.93,8.11,16.16,7.1,0.9058,9.09,0
V05839,cargo,8,10.44,7.17,1.41,7.52,12.19,8.68,0.5572,4.62,0
V05840,passenger,9,4.45,4.53,3.53,7.4,2.67,3.34,0.1357,0.56,0
V05841,tanker,5,14.69,1.76,3.41,6.13,3.78,10.46,0.5128,5.8,0
V05842,container,7,11.03,4.07,2.14,8.75,14.55,3.7,0.5978,6.67,0
V05843,cargo,10,12.23,7.74,2.78,8.91,10.78,9.05,0.4127,2.45,0
V05844,cargo,1,14.84,1.69,4.79,5.22,10.38,10.79,0.5214,6.13,0
V05845,tanker,6,14.7,10.57,5.88,8.61,15.68,7.3,0.4386,6.03,0
V05846,container,4,9.69,6.92,7.99,3.09,7.18,8.39,0.8096,3.04,0
V05847,tanker,1,10.26,5.54,3.72,8.13,4.82,1.7,0.3871,0.36,0
V05848,tanker,12,8.63,4.44,3.87,5.59,4.24,8.02,0.6942,2.63,0
V05849,cargo,3,17.34,12.49,6.83,3.32,3.97,3.72,0.6007,2.97,0
V05850,tanker,6,10.18,7.52,19.9,3.83,6.44,6.15,0.5286,10.18,0
V05851,container,10,17.95,11.16,4.14,7.48,10.01,6.82,0.5184,0.12,0
V05852,tanker,12,10.75,0.78,8.4,6.44,12.01,8.5,0.9313,0.51,0
V05853,tanker,1,11.67,5.78,2.56,5.6,7.8,10.2,0.3929,4.12,0
V05854,container,8,13.71,8.33,18.78,11.58,6.1,13.18,0.6306,0.98,0
V05855,container,8,7.39,1.17,1.5,6.98,13.67,12.96,0.8784,9.12,0
V05856,cargo,8,10.61,8.93,8.14,5.59,3.1,4.06,0.51,3.16,0
V05857,cargo,2,9.78,2.69,4.18,9.69,10.86,7.62,0.265,4.71,0
V05858,container,2,17.36,1.1,7.31,8.4,11.06,13.3,0.5354,7.79,0
V05859,cargo,4,12.27,7.01,11.97,8.69,2.1,6.61,0.5101,0.12,0
V05860,tanker,9,11.32,11.78,3.94,3.57,6.84,8.42,0.4958,0.25,0
V05861,tanker,2,15.07,9.83,13.09,7.15,9.07,11.73,0.7952,5.95,0
V05862,tanker,3,11.4,5.65,5.1,9.7,2.46,8.65,0.4865,0.08,0
V05863,container,1,14.41,8.66,18.05,5.37,18.28,7.51,0.483,0.05,1
V05864,container,4,16.31,9.94,10.25,6.37,7.5,11.51,0.259,4.64,0
V05865,passenger,8,7.14,11.03,13.82,6.16,5.03,5.05,0.2197,0.55,0
V05866,container,5,13.19,1.66,10.8,4.5,8.46,8.48,0.765,1.37,0
V05867,tanker,12,13.12,0.12,6.31,8.49,18.12,7.13,0.7934,1.46,0
V05868,container,4,15.6,3.4,13.55,9.43,6.74,9.0,0.7259,0.72,0
V05869,passenger,2,12.15,8.3,4.08,7.91,7.95,11.29,0.6155,1.48,0
V05870,passenger,7,13.59,5.2,10.58,8.97,8.45,14.73,0.4583,5.62,0
V05871,tanker,4,16.81,9.26,13.81,6.21,3.45,7.23,0.1584,4.36,0
V05872,cargo,7,12.61,14.93,8.96,8.5,8.44,7.39,0.698,2.4,0
V05873,tanker,5,16.26,1.15,6.1,7.97,2.12,9.39,0.6042,8.2,0
V05874,tanker,9,12.62,6.62,31.15,4.86,1.52,5.24,0.5201,4.2,0
V05875,container,3,10.3,0.65,7.4,11.07,4.61,3.74,0.4098,3.83,0
V05876,cargo,9,9.12,7.8,10.28,10.29,3.4,8.55,0.1252,9.69,0
V05877,tanker,8,14.86,5.41,33.9,11.61,21.36,4.5,0.8549,0.29,0
V05878,cargo,7,11.97,2.71,2.07,12.46,4.06,10.76,0.7017,4.69,0
V05879,tanker,12,12.88,3.17,19.24,6.59,6.45,7.81,0.6154,4.05,0
V05880,passenger,1,11.78,5.6,6.12,8.8,6.66,9.09,0.3424,4.07,0
V05881,cargo,8,12.99,7.4,12.54,9.54,8.63,12.49,0.483,5.66,0
V05882,cargo,9,9.89,17.15,29.85,8.17,3.91,9.3,0.689,7.24,0
V05883,cargo,4,10.81,5.86,6.07,5.38,15.52,8.3,0.7388,9.01,0
V05884,cargo,10,8.78,5.3,2.18,8.41,15.45,11.61,0.282,0.46,0
V05885,tanker,5,16.2,14.38,7.45,8.99,13.56,2.59,0.4699,4.0,0
V05886,tanker,10,11.62,3.67,3.94,6.71,7.0,4.6,0.5123,7.17,0
V05887,cargo,6,12.33,4.39,9.22,5.71,12.73,5.5,0.4793,3.51,0
V05888,container,7,16.01,3.66,20.58,7.63,2.14,7.52,0.642,0.09,0
V05889,tanker,11,9.98,8.65,8.9,9.49,6.14,8.26,0.4685,1.62,0
V05890,cargo,11,9.42,8.43,7.5,6.85,6.21,9.55,0.7784,2.6,1
V05891,cargo,1,8.07,0.9,2.87,10.06,18.52,9.57,0.1361,0.39,0
V05892,tanker,9,5.89,5.51,3.53,6.8,7.74,4.28,0.5211,0.77,0
V05893,cargo,10,13.81,5.22,4.15,4.44,3.01,11.66,0.3259,0.64,0
V05894,tanker,7,8.99,0.84,5.13,9.83,2.2,5.33,0.6815,0.83,0
V05895,container,7,12.58,7.67,9.98,11.42,5.84,5.77,0.9311,3.77,0
V05896,container,3,7.2,1.87,4.04,7.93,4.15,8.5,0.1838,1.78,0
V05897,cargo,4,5.96,10.84,4.38,6.56,8.45,6.52,0.4724,0.61,0
V05898,passenger,2,5.31,14.1,12.98,7.71,10.28,8.19,0.4243,1.05,0
V05899,cargo,11,9.36,4.92,9.59,8.19,3.86,7.9,0.2165,1.03,0
V05900,cargo,4,13.84,10.11,33.01,2.49,2.51,6.0,0.3668,7.53,0
V05901,cargo,2,11.4,5.38,5.49,8.33,7.63,7.23,0.6644,0.08,0
V05902,container,11,7.04,15.51,16.49,7.47,9.76,10.86,0.5318,3.88,0
V05903,container,10,11.84,2.19,7.05,6.94,13.72,9.89,0.239,10.95,0
V05904,cargo,5,10.62,10.49,17.35,8.15,7.44,6.35,0.6874,0.37,0
V05905,cargo,7,11.55,8.53,27.76,3.36,11.29,6.98,0.3295,8.12,0
V05906,container,11,7.16,12.34,8.47,8.93,9.3,6.2,0.3711,1.97,0
V05907,cargo,11,7.21,1.7,11.28,7.18,4.33,9.44,0.1816,4.01,0
V05908,container,7,16.57,15.51,5.37,7.36,3.36,3.76,0.8995,5.06,0
V05909,cargo,6,13.02,3.91,13.19,5.41,13.1,8.21,0.2652,1.05,0
V05910,cargo,8,9.89,3.37,9.22,10.02,5.79,5.29,0.6038,9.95,0
V05911,passenger,12,11.56,0.48,14.92,8.5,2.97,4.3,0.4521,4.85,0
V05912,container,5,16.52,8.09,10.62,5.5,9.44,11.59,0.5404,9.17,0
V05913,tanker,12,4.75,3.32,4.73,10.5,11.7,10.65,0.7715,8.4,0
V05914,container,12,6.96,5.48,9.85,7.7,14.58,9.3,0.4637,0.29,0
V05915,cargo,12,9.11,1.11,4.94,5.73,4.82,6.11,0.6759,1.14,0
V05916,tanker,5,11.91,13.82,7.79,9.32,6.59,11.63,0.5156,2.67,0
V05917,container,7,11.94,3.42,9.27,10.27,6.79,8.05,0.6371,0.02,0
V05918,cargo,4,11.07,9.64,3.26,8.2,13.24,9.18,0.7415,4.04,1
V05919,container,5,10.7,0.52,5.71,3.73,3.28,9.62,0.5343,0.28,0
V05920,passenger,3,14.71,3.25,13.15,7.52,6.62,9.81,0.51,0.47,0
V05921,tanker,7,12.38,0.17,3.17,8.16,8.0,13.87,0.3781,0.65,0
V05922,tanker,3,13.84,4.54,8.77,8.29,5.15,10.31,0.0769,0.92,0
V05923,container,12,13.46,4.72,2.69,9.24,10.54,6.44,0.7684,4.86,0
V05924,tanker,11,10.17,0.43,7.19,10.33,19.04,6.91,0.2248,0.53,0
V05925,cargo,5,16.64,2.23,4.98,9.93,4.84,15.0,0.2775,3.89,0
V05926,container,11,16.75,9.01,28.85,4.58,12.86,6.19,0.3034,2.27,0
V05927,cargo,11,12.11,3.48,10.09,2.65,4.41,2.19,0.3947,2.72,0
V05928,cargo,10,10.73,5.1,6.26,7.98,9.99,13.02,0.5739,0.87,0
V05929,tanker,11,10.66,7.22,8.23,7.17,16.45,9.11,0.4185,3.63,0
V05930,cargo,2,13.93,0.68,17.63,4.82,1.26,8.82,0.1005,2.15,0
V05931,passenger,7,14.12,3.47,11.78,9.95,13.26,2.07,0.7443,1.17,1
V05932,cargo,8,14.69,3.95,16.52,5.13,4.21,3.0,0.8749,1.11,0
V05933,passenger,6,9.14,4.27,7.1,4.72,7.9,8.77,0.6605,11.62,0
V05934,cargo,7,15.02,7.7,9.23,7.53,6.28,6.59,0.4397,4.49,0
V05935,tanker,7,11.81,10.82,27.16,4.62,6.62,7.76,0.1742,3.75,0
V05936,container,10,16.91,3.18,8.4,5.59,7.24,11.69,0.6135,2.05,0
V05937,tanker,9,14.04,3.82,5.78,8.11,27.32,2.67,0.4034,1.16,0
V05938,container,1,8.09,0.18,16.61,9.06,9.88,7.05,0.3724,5.27,0
V05939,tanker,7,17.7,1.77,11.81,5.45,0.84,12.12,0.6486,3.39,0
V05940,tanker,8,11.02,5.58,5.35,6.93,7.68,10.65,0.466,5.67,0
V05941,passenger,8,10.9,11.91,23.61,10.09,7.68,10.86,0.8094,0.66,0
V05942,container,1,17.63,5.98,4.48,8.54,26.11,14.84,0.8702,4.84,0
V05943,container,12,8.5,5.01,15.7,6.87,22.92,11.02,0.5118,0.68,0
V05944,cargo,11,10.36,10.73,7.75,8.33,13.55,7.16,0.0795,9.8,0
V05945,cargo,1,12.86,7.61,56.28,7.11,7.17,7.43,0.3498,3.01,0
V05946,cargo,6,12.73,0.79,3.24,5.85,9.8,8.39,0.3106,6.25,1
V05947,passenger,6,7.12,1.81,32.75,9.05,5.47,5.55,0.3232,2.02,0
V05948,tanker,3,7.48,5.56,11.39,7.89,9.8,6.92,0.3066,10.9,0
V05949,cargo,8,11.97,4.3,5.6,7.38,23.65,6.4,0.2127,11.13,0
V05950,tanker,12,12.26,11.14,13.84,8.7,9.68,5.89,0.4932,5.76,0
V05951,tanker,11,8.85,1.88,13.84,7.49,11.21,9.12,0.7389,4.74,0
V05952,cargo,7,10.4,0.92,6.5,6.77,12.89,3.21,0.3667,0.67,0
V05953,cargo,5,9.34,4.52,2.63,10.6,3.13,11.1,0.7281,3.79,0
V05954,container,6,8.22,1.27,12.04,8.34,15.99,5.14,0.4046,2.49,0
V05955,cargo,4,15.89,0.75,2.56,3.51,5.97,6.15,0.3443,2.54,0
V05956,tanker,10,9.81,0.16,27.66,10.01,13.64,11.14,0.6432,1.8,0
V05957,tanker,2,8.74,1.33,12.43,8.16,6.04,7.38,0.8953,10.38,0
V05958,cargo,5,11.74,13.03,18.88,8.21,14.76,10.5,0.8679,0.58,0
V05959,container,8,9.44,1.28,7.35,10.12,9.6,11.12,0.6316,1.59,0
V05960,cargo,2,14.96,0.23,6.86,11.5,9.85,4.09,0.818,8.45,0
V05961,container,8,12.43,6.05,9.32,8.19,3.33,6.72,0.3094,2.79,0
V05962,container,3,12.55,5.24,6.96,4.69,5.95,8.75,0.6201,0.41,0
V05963,tanker,7,14.21,10.52,11.18,9.04,8.13,10.09,0.6354,0.83,0
V05964,tanker,1,11.09,0.86,5.75,9.15,6.52,9.11,0.6471,6.27,0
V05965,tanker,4,14.41,17.86,5.54,5.48,16.42,8.92,0.5219,26.69,0
V05966,cargo,2,15.69,8.4,16.22,3.99,5.34,6.97,0.6252,11.25,0
V05967,tanker,4,15.43,2.11,2.04,5.51,15.36,10.71,0.6329,5.12,0
V05968,cargo,7,8.34,0.28,13.23,3.3,4.94,15.0,0.6653,5.66,0
V05969,container,12,12.31,0.43,10.86,10.64,7.3,11.33,0.2503,4.23,0
V05970,cargo,9,10.16,3.3,15.41,6.03,8.51,8.79,0.6406,5.89,0
V05971,container,11,10.88,4.17,10.9,6.72,11.84,10.18,0.7533,2.74,0
V05972,cargo,12,14.11,3.64,5.5,4.07,16.67,10.5,0.7755,10.35,0
V05973,passenger,5,10.14,8.42,3.57,5.2,7.11,10.66,0.2081,0.31,0
V05974,cargo,6,13.77,0.98,7.0,8.06,11.8,7.4,0.0854,3.73,0
V05975,cargo,4,15.74,5.98,6.94,11.73,4.34,9.66,0.5478,0.5,0
V05976,cargo,10,11.38,9.89,12.56,7.17,11.26,6.19,0.8725,3.83,1
V05977,cargo,5,14.77,0.93,6.31,7.5,6.62,8.27,0.0434,7.32,0
V05978,cargo,8,5.53,6.93,4.57,3.48,1.95,12.74,0.4924,0.77,0
V05979,container,9,11.58,4.54,4.46,3.91,12.49,4.02,0.6231,0.52,0
V05980,container,1,9.48,1.3,3.63,4.59,14.72,8.74,0.8917,7.7,0
V05981,container,7,12.65,0.26,15.16,8.07,6.97,2.9,0.7102,2.37,0
V05982,cargo,6,9.05,4.85,8.46,8.14,2.7,12.05,0.6749,2.64,0
V05983,cargo,3,8.19,1.88,5.68,3.67,11.1,7.45,0.3997,6.78,0
V05984,cargo,7,6.74,0.53,23.65,8.04,4.96,6.08,0.5777,2.3,0
V05985,passenger,4,12.68,1.52,6.09,3.93,0.8,7.75,0.8026,2.48,0
V05986,container,1,10.53,9.61,6.54,10.28,13.09,9.11,0.7507,7.01,0
V05987,cargo,9,17.11,6.13,5.16,8.17,9.95,7.8,0.9541,0.17,0
V05988,cargo,1,8.33,4.28,24.24,8.81,5.57,10.93,0.2919,1.1,0
V05989,tanker,10,8.45,6.48,8.17,6.17,9.48,6.99,0.8078,0.11,0
V05990,tanker,5,11.61,9.98,13.86,10.2,2.17,11.47,0.1724,0.79,0
V05991,cargo,4,9.47,3.83,2.98,8.26,8.69,6.78,0.7326,1.42,0
V05992,tanker,7,10.19,5.58,2.1,10.07,4.98,12.25,0.9379,1.5,0
V05993,container,2,14.2,4.16,26.64,6.98,10.56,7.59,0.2891,0.66,0
V05994,container,9,17.01,4.33,5.41,6.9,0.91,4.86,0.4361,3.07,0
V05995,passenger,10,11.81,3.03,3.25,8.41,6.09,10.64,0.5856,1.82,0
V05996,cargo,6,12.67,3.83,4.9,6.86,14.31,12.14,0.6431,6.24,0
V05997,container,10,11.19,7.97,14.33,3.35,23.29,9.66,0.7237,8.08,0
V05998,cargo,1,12.84,1.71,5.21,3.06,11.97,9.76,0.5417,4.31,0
V05999,container,2,8.14,8.72,7.8,6.39,12.45,8.39,0.7049,0.18,0
